STATISTIC Label,Month,Consumer Item,UNIT,VALUE
National Average Price,2011 December,"White, self raising flour per 2 kg",Euro,
National Average Price,2011 December,"Brown, wholemeal flour per 2 kg",Euro,
National Average Price,2011 December,"Bread, white sliced pan, large (800g)",Euro,
National Average Price,2011 December,"Bread, brown sliced pan, large (800g)",Euro,
National Average Price,2011 December,Spaghetti per 500g,Euro,
National Average Price,2011 December,Sirloin steak per kg,Euro,
National Average Price,2011 December,Striploin steak per kg,Euro,
National Average Price,2011 December,Roast beef - topside or rib per kg,Euro,
National Average Price,2011 December,Sliced / diced beef pieces per kg,Euro,
National Average Price,2011 December,Pork loin chops per kg,Euro,
National Average Price,2011 December,Pork steak per kg,Euro,
National Average Price,2011 December,Lamb - whole leg / half leg per kg,Euro,
National Average Price,2011 December,Lamb loin chops per kg,Euro,
National Average Price,2011 December,Lamb gigot chops per kg,Euro,
National Average Price,2011 December,Uncooked chicken medium size 1.6kg,Euro,
National Average Price,2011 December,Lamb's liver per kg,Euro,
National Average Price,2011 December,Ham fillet per kg,Euro,
National Average Price,2011 December,Cooked ham per kg,Euro,
National Average Price,2011 December,Best back rashers per kg,Euro,
National Average Price,2011 December,Pork sausages per kg,Euro,
National Average Price,2011 December,Fresh fillet of whiting per kg,Euro,
National Average Price,2011 December,Fresh fillet of cod per kg,Euro,
National Average Price,2011 December,Fresh salmon per kg,Euro,
National Average Price,2011 December,Fresh fillet of plaice per kg,Euro,
National Average Price,2011 December,Fresh hake per kg,Euro,
National Average Price,2011 December,Smoked salmon per kg,Euro,
National Average Price,2011 December,Full fat milk per 2 litre,Euro,
National Average Price,2011 December,Low fat milk per 1 litre,Euro,
National Average Price,2011 December,Irish cheddar per kg,Euro,
National Average Price,2011 December,Large eggs per half dozen,Euro,
National Average Price,2011 December,Medium eggs per half dozen,Euro,
National Average Price,2011 December,Butter per lb,Euro,
National Average Price,2011 December,Grapes per kg,Euro,
National Average Price,2011 December,Bananas per kg,Euro,
National Average Price,2011 December,Tomatoes per kg,Euro,
National Average Price,2011 December,Onions per kg,Euro,
National Average Price,2011 December,Broccoli per kg,Euro,
National Average Price,2011 December,Carrots per kg,Euro,
National Average Price,2011 December,Mushrooms per kg,Euro,
National Average Price,2011 December,Tomatoes tinned per 400g,Euro,
National Average Price,2011 December,Potatoes 2.5 kg,Euro,
National Average Price,2011 December,Potatoes 7.5 kg,Euro,
National Average Price,2011 December,Potatoes 10 kg,Euro,
National Average Price,2011 December,White granulated sugar per 1 kg,Euro,
National Average Price,2011 December,Jam per lb,Euro,
National Average Price,2011 December,Marmalade per lb,Euro,
National Average Price,2011 December,Tea bags per 80,Euro,
National Average Price,2011 December,Orange juice per litre,Euro,
National Average Price,2011 December,Whiskey - take home (70cl bottle),Euro,
National Average Price,2011 December,Brandy - take home (70cl bottle),Euro,
National Average Price,2011 December,Vodka - take home (70cl bottle),Euro,
National Average Price,2011 December,Cream liqueur - take home (70cl bottle),Euro,
National Average Price,2011 December,Wine - take home (75cl bottle),Euro,
National Average Price,2011 December,Cider - take home (50cl can),Euro,
National Average Price,2011 December,Sherry - take home (75cl bottle),Euro,
National Average Price,2011 December,Lager - take home (50cl can),Euro,
National Average Price,2011 December,Stout - take home (50cl can),Euro,
National Average Price,2011 December,Filtered cigarettes per 20 pk,Euro,
National Average Price,2011 December,Stout - draught bar (1 pint),Euro,
National Average Price,2011 December,Lager - draught bar (1 pint),Euro,
National Average Price,2011 December,Lager - bar (33cl bottle),Euro,
National Average Price,2011 December,Cider - draught bar (1 pint),Euro,
National Average Price,2011 December,Ale - draught bar (1 pint),Euro,
National Average Price,2011 December,Cider - bar (33cl bottle),Euro,
National Average Price,2011 December,Flavoured alcoholic drink - bar (275ml bottle),Euro,
National Average Price,2011 December,Whiskey - bar (single) per ½ glass,Euro,
National Average Price,2011 December,Brandy - bar (single) per ½ glass,Euro,
National Average Price,2011 December,Vodka - bar (single) per ½ glass,Euro,
National Average Price,2011 December,Wine - bar (187ml bottle),Euro,
National Average Price,2011 December,Diesel per litre,Euro,
National Average Price,2011 December,Petrol - unleaded per litre,Euro,
National Average Price,2011 December,Cinema fee,Euro,
National Average Price,2011 December,Nightclubs fee,Euro,
National Average Price,2011 December,Gent's dry cut fee,Euro,
National Average Price,2011 December,"Gent's wash, cut, and blow dry fee",Euro,
National Average Price,2011 December,"Ladies' wash, cut and blow dry fee",Euro,
National Average Price,2012 January,"White, self raising flour per 2 kg",Euro,2.13
National Average Price,2012 January,"Brown, wholemeal flour per 2 kg",Euro,2.495
National Average Price,2012 January,"Bread, white sliced pan, large (800g)",Euro,1.276
National Average Price,2012 January,"Bread, brown sliced pan, large (800g)",Euro,1.539
National Average Price,2012 January,Spaghetti per 500g,Euro,1.202
National Average Price,2012 January,Sirloin steak per kg,Euro,15.093
National Average Price,2012 January,Striploin steak per kg,Euro,20.922
National Average Price,2012 January,Roast beef - topside or rib per kg,Euro,11.259
National Average Price,2012 January,Sliced / diced beef pieces per kg,Euro,9.706
National Average Price,2012 January,Pork loin chops per kg,Euro,8.399
National Average Price,2012 January,Pork steak per kg,Euro,9.34
National Average Price,2012 January,Lamb - whole leg / half leg per kg,Euro,12.527
National Average Price,2012 January,Lamb loin chops per kg,Euro,18.601
National Average Price,2012 January,Lamb gigot chops per kg,Euro,13.138
National Average Price,2012 January,Uncooked chicken medium size 1.6kg,Euro,5.361
National Average Price,2012 January,Lamb's liver per kg,Euro,5.626
National Average Price,2012 January,Ham fillet per kg,Euro,6.231
National Average Price,2012 January,Cooked ham per kg,Euro,16.341
National Average Price,2012 January,Best back rashers per kg,Euro,10.349
National Average Price,2012 January,Pork sausages per kg,Euro,5.431
National Average Price,2012 January,Fresh fillet of whiting per kg,Euro,10.671
National Average Price,2012 January,Fresh fillet of cod per kg,Euro,16.591
National Average Price,2012 January,Fresh salmon per kg,Euro,14.077
National Average Price,2012 January,Fresh fillet of plaice per kg,Euro,17.932
National Average Price,2012 January,Fresh hake per kg,Euro,
National Average Price,2012 January,Smoked salmon per kg,Euro,24.552
National Average Price,2012 January,Full fat milk per 2 litre,Euro,1.778
National Average Price,2012 January,Low fat milk per 1 litre,Euro,1.055
National Average Price,2012 January,Irish cheddar per kg,Euro,10.701
National Average Price,2012 January,Large eggs per half dozen,Euro,1.813
National Average Price,2012 January,Medium eggs per half dozen,Euro,1.559
National Average Price,2012 January,Butter per lb,Euro,2.769
National Average Price,2012 January,Grapes per kg,Euro,6.154
National Average Price,2012 January,Bananas per kg,Euro,1.33
National Average Price,2012 January,Tomatoes per kg,Euro,2.768
National Average Price,2012 January,Onions per kg,Euro,1.215
National Average Price,2012 January,Broccoli per kg,Euro,2.714
National Average Price,2012 January,Carrots per kg,Euro,1.183
National Average Price,2012 January,Mushrooms per kg,Euro,4.282
National Average Price,2012 January,Tomatoes tinned per 400g,Euro,0.844
National Average Price,2012 January,Potatoes 2.5 kg,Euro,3.06
National Average Price,2012 January,Potatoes 7.5 kg,Euro,
National Average Price,2012 January,Potatoes 10 kg,Euro,5.064
National Average Price,2012 January,White granulated sugar per 1 kg,Euro,1.299
National Average Price,2012 January,Jam per lb,Euro,1.765
National Average Price,2012 January,Marmalade per lb,Euro,1.874
National Average Price,2012 January,Tea bags per 80,Euro,2.788
National Average Price,2012 January,Orange juice per litre,Euro,1.346
National Average Price,2012 January,Whiskey - take home (70cl bottle),Euro,21.957
National Average Price,2012 January,Brandy - take home (70cl bottle),Euro,25.681
National Average Price,2012 January,Vodka - take home (70cl bottle),Euro,17.791
National Average Price,2012 January,Cream liqueur - take home (70cl bottle),Euro,15.331
National Average Price,2012 January,Wine - take home (75cl bottle),Euro,8.953
National Average Price,2012 January,Cider - take home (50cl can),Euro,2.125
National Average Price,2012 January,Sherry - take home (75cl bottle),Euro,11.302
National Average Price,2012 January,Lager - take home (50cl can),Euro,1.778
National Average Price,2012 January,Stout - take home (50cl can),Euro,2.036
National Average Price,2012 January,Filtered cigarettes per 20 pk,Euro,9.014
National Average Price,2012 January,Stout - draught bar (1 pint),Euro,3.963
National Average Price,2012 January,Lager - draught bar (1 pint),Euro,4.276
National Average Price,2012 January,Lager - bar (33cl bottle),Euro,4.351
National Average Price,2012 January,Cider - draught bar (1 pint),Euro,4.471
National Average Price,2012 January,Ale - draught bar (1 pint),Euro,4.005
National Average Price,2012 January,Cider - bar (33cl bottle),Euro,4.472
National Average Price,2012 January,Flavoured alcoholic drink - bar (275ml bottle),Euro,5.167
National Average Price,2012 January,Whiskey - bar (single) per ½ glass,Euro,3.703
National Average Price,2012 January,Brandy - bar (single) per ½ glass,Euro,4.271
National Average Price,2012 January,Vodka - bar (single) per ½ glass,Euro,3.764
National Average Price,2012 January,Wine - bar (187ml bottle),Euro,4.844
National Average Price,2012 January,Diesel per litre,Euro,1.529
National Average Price,2012 January,Petrol - unleaded per litre,Euro,1.542
National Average Price,2012 January,Cinema fee,Euro,8.795
National Average Price,2012 January,Nightclubs fee,Euro,9.715
National Average Price,2012 January,Gent's dry cut fee,Euro,11.643
National Average Price,2012 January,"Gent's wash, cut, and blow dry fee",Euro,18.585
National Average Price,2012 January,"Ladies' wash, cut and blow dry fee",Euro,38.67
National Average Price,2012 February,"White, self raising flour per 2 kg",Euro,2.146
National Average Price,2012 February,"Brown, wholemeal flour per 2 kg",Euro,2.466
National Average Price,2012 February,"Bread, white sliced pan, large (800g)",Euro,1.275
National Average Price,2012 February,"Bread, brown sliced pan, large (800g)",Euro,1.541
National Average Price,2012 February,Spaghetti per 500g,Euro,1.186
National Average Price,2012 February,Sirloin steak per kg,Euro,15.112
National Average Price,2012 February,Striploin steak per kg,Euro,20.077
National Average Price,2012 February,Roast beef - topside or rib per kg,Euro,11.389
National Average Price,2012 February,Sliced / diced beef pieces per kg,Euro,9.969
National Average Price,2012 February,Pork loin chops per kg,Euro,8.419
National Average Price,2012 February,Pork steak per kg,Euro,9.079
National Average Price,2012 February,Lamb - whole leg / half leg per kg,Euro,11.197
National Average Price,2012 February,Lamb loin chops per kg,Euro,18.169
National Average Price,2012 February,Lamb gigot chops per kg,Euro,12.922
National Average Price,2012 February,Uncooked chicken medium size 1.6kg,Euro,5.51
National Average Price,2012 February,Lamb's liver per kg,Euro,5.524
National Average Price,2012 February,Ham fillet per kg,Euro,6.041
National Average Price,2012 February,Cooked ham per kg,Euro,15.955
National Average Price,2012 February,Best back rashers per kg,Euro,10.775
National Average Price,2012 February,Pork sausages per kg,Euro,5.461
National Average Price,2012 February,Fresh fillet of whiting per kg,Euro,10.48
National Average Price,2012 February,Fresh fillet of cod per kg,Euro,13.921
National Average Price,2012 February,Fresh salmon per kg,Euro,13.125
National Average Price,2012 February,Fresh fillet of plaice per kg,Euro,16.059
National Average Price,2012 February,Fresh hake per kg,Euro,
National Average Price,2012 February,Smoked salmon per kg,Euro,24.472
National Average Price,2012 February,Full fat milk per 2 litre,Euro,1.775
National Average Price,2012 February,Low fat milk per 1 litre,Euro,1.05
National Average Price,2012 February,Irish cheddar per kg,Euro,11.368
National Average Price,2012 February,Large eggs per half dozen,Euro,1.814
National Average Price,2012 February,Medium eggs per half dozen,Euro,1.568
National Average Price,2012 February,Butter per lb,Euro,2.771
National Average Price,2012 February,Grapes per kg,Euro,6.338
National Average Price,2012 February,Bananas per kg,Euro,1.359
National Average Price,2012 February,Tomatoes per kg,Euro,2.874
National Average Price,2012 February,Onions per kg,Euro,1.206
National Average Price,2012 February,Broccoli per kg,Euro,3.012
National Average Price,2012 February,Carrots per kg,Euro,1.193
National Average Price,2012 February,Mushrooms per kg,Euro,4.289
National Average Price,2012 February,Tomatoes tinned per 400g,Euro,0.845
National Average Price,2012 February,Potatoes 2.5 kg,Euro,3.11
National Average Price,2012 February,Potatoes 7.5 kg,Euro,
National Average Price,2012 February,Potatoes 10 kg,Euro,5.272
National Average Price,2012 February,White granulated sugar per 1 kg,Euro,1.337
National Average Price,2012 February,Jam per lb,Euro,1.908
National Average Price,2012 February,Marmalade per lb,Euro,1.869
National Average Price,2012 February,Tea bags per 80,Euro,2.854
National Average Price,2012 February,Orange juice per litre,Euro,1.401
National Average Price,2012 February,Whiskey - take home (70cl bottle),Euro,21.728
National Average Price,2012 February,Brandy - take home (70cl bottle),Euro,25.539
National Average Price,2012 February,Vodka - take home (70cl bottle),Euro,16.562
National Average Price,2012 February,Cream liqueur - take home (70cl bottle),Euro,14.262
National Average Price,2012 February,Wine - take home (75cl bottle),Euro,8.725
National Average Price,2012 February,Cider - take home (50cl can),Euro,2.114
National Average Price,2012 February,Sherry - take home (75cl bottle),Euro,10.851
National Average Price,2012 February,Lager - take home (50cl can),Euro,1.8
National Average Price,2012 February,Stout - take home (50cl can),Euro,2.061
National Average Price,2012 February,Filtered cigarettes per 20 pk,Euro,9.024
National Average Price,2012 February,Stout - draught bar (1 pint),Euro,3.985
National Average Price,2012 February,Lager - draught bar (1 pint),Euro,4.322
National Average Price,2012 February,Lager - bar (33cl bottle),Euro,4.363
National Average Price,2012 February,Cider - draught bar (1 pint),Euro,4.481
National Average Price,2012 February,Ale - draught bar (1 pint),Euro,4.035
National Average Price,2012 February,Cider - bar (33cl bottle),Euro,4.484
National Average Price,2012 February,Flavoured alcoholic drink - bar (275ml bottle),Euro,5.166
National Average Price,2012 February,Whiskey - bar (single) per ½ glass,Euro,3.728
National Average Price,2012 February,Brandy - bar (single) per ½ glass,Euro,4.298
National Average Price,2012 February,Vodka - bar (single) per ½ glass,Euro,3.785
National Average Price,2012 February,Wine - bar (187ml bottle),Euro,4.878
National Average Price,2012 February,Diesel per litre,Euro,1.554
National Average Price,2012 February,Petrol - unleaded per litre,Euro,1.578
National Average Price,2012 February,Cinema fee,Euro,8.885
National Average Price,2012 February,Nightclubs fee,Euro,9.778
National Average Price,2012 February,Gent's dry cut fee,Euro,11.717
National Average Price,2012 February,"Gent's wash, cut, and blow dry fee",Euro,17.855
National Average Price,2012 February,"Ladies' wash, cut and blow dry fee",Euro,36.513
National Average Price,2012 March,"White, self raising flour per 2 kg",Euro,2.14
National Average Price,2012 March,"Brown, wholemeal flour per 2 kg",Euro,2.485
National Average Price,2012 March,"Bread, white sliced pan, large (800g)",Euro,1.281
National Average Price,2012 March,"Bread, brown sliced pan, large (800g)",Euro,1.529
National Average Price,2012 March,Spaghetti per 500g,Euro,1.196
National Average Price,2012 March,Sirloin steak per kg,Euro,14.936
National Average Price,2012 March,Striploin steak per kg,Euro,21.495
National Average Price,2012 March,Roast beef - topside or rib per kg,Euro,11.615
National Average Price,2012 March,Sliced / diced beef pieces per kg,Euro,9.897
National Average Price,2012 March,Pork loin chops per kg,Euro,8.448
National Average Price,2012 March,Pork steak per kg,Euro,9.038
National Average Price,2012 March,Lamb - whole leg / half leg per kg,Euro,11.859
National Average Price,2012 March,Lamb loin chops per kg,Euro,18.146
National Average Price,2012 March,Lamb gigot chops per kg,Euro,13
National Average Price,2012 March,Uncooked chicken medium size 1.6kg,Euro,5.702
National Average Price,2012 March,Lamb's liver per kg,Euro,5.671
National Average Price,2012 March,Ham fillet per kg,Euro,6.101
National Average Price,2012 March,Cooked ham per kg,Euro,15.698
National Average Price,2012 March,Best back rashers per kg,Euro,10.613
National Average Price,2012 March,Pork sausages per kg,Euro,5.383
National Average Price,2012 March,Fresh fillet of whiting per kg,Euro,10.848
National Average Price,2012 March,Fresh fillet of cod per kg,Euro,15.395
National Average Price,2012 March,Fresh salmon per kg,Euro,15.01
National Average Price,2012 March,Fresh fillet of plaice per kg,Euro,18.102
National Average Price,2012 March,Fresh hake per kg,Euro,
National Average Price,2012 March,Smoked salmon per kg,Euro,25.922
National Average Price,2012 March,Full fat milk per 2 litre,Euro,1.774
National Average Price,2012 March,Low fat milk per 1 litre,Euro,1.052
National Average Price,2012 March,Irish cheddar per kg,Euro,11.026
National Average Price,2012 March,Large eggs per half dozen,Euro,1.776
National Average Price,2012 March,Medium eggs per half dozen,Euro,1.485
National Average Price,2012 March,Butter per lb,Euro,2.769
National Average Price,2012 March,Grapes per kg,Euro,6.145
National Average Price,2012 March,Bananas per kg,Euro,1.371
National Average Price,2012 March,Tomatoes per kg,Euro,2.881
National Average Price,2012 March,Onions per kg,Euro,1.147
National Average Price,2012 March,Broccoli per kg,Euro,3.049
National Average Price,2012 March,Carrots per kg,Euro,1.176
National Average Price,2012 March,Mushrooms per kg,Euro,4.284
National Average Price,2012 March,Tomatoes tinned per 400g,Euro,0.839
National Average Price,2012 March,Potatoes 2.5 kg,Euro,3.013
National Average Price,2012 March,Potatoes 7.5 kg,Euro,
National Average Price,2012 March,Potatoes 10 kg,Euro,4.862
National Average Price,2012 March,White granulated sugar per 1 kg,Euro,1.341
National Average Price,2012 March,Jam per lb,Euro,1.953
National Average Price,2012 March,Marmalade per lb,Euro,1.838
National Average Price,2012 March,Tea bags per 80,Euro,2.949
National Average Price,2012 March,Orange juice per litre,Euro,1.518
National Average Price,2012 March,Whiskey - take home (70cl bottle),Euro,21.189
National Average Price,2012 March,Brandy - take home (70cl bottle),Euro,24.189
National Average Price,2012 March,Vodka - take home (70cl bottle),Euro,17.27
National Average Price,2012 March,Cream liqueur - take home (70cl bottle),Euro,13.34
National Average Price,2012 March,Wine - take home (75cl bottle),Euro,9.104
National Average Price,2012 March,Cider - take home (50cl can),Euro,2.1
National Average Price,2012 March,Sherry - take home (75cl bottle),Euro,10.742
National Average Price,2012 March,Lager - take home (50cl can),Euro,1.779
National Average Price,2012 March,Stout - take home (50cl can),Euro,2.065
National Average Price,2012 March,Filtered cigarettes per 20 pk,Euro,9.027
National Average Price,2012 March,Stout - draught bar (1 pint),Euro,3.984
National Average Price,2012 March,Lager - draught bar (1 pint),Euro,4.323
National Average Price,2012 March,Lager - bar (33cl bottle),Euro,4.371
National Average Price,2012 March,Cider - draught bar (1 pint),Euro,4.486
National Average Price,2012 March,Ale - draught bar (1 pint),Euro,4.028
National Average Price,2012 March,Cider - bar (33cl bottle),Euro,4.492
National Average Price,2012 March,Flavoured alcoholic drink - bar (275ml bottle),Euro,5.155
National Average Price,2012 March,Whiskey - bar (single) per ½ glass,Euro,3.728
National Average Price,2012 March,Brandy - bar (single) per ½ glass,Euro,4.302
National Average Price,2012 March,Vodka - bar (single) per ½ glass,Euro,3.786
National Average Price,2012 March,Wine - bar (187ml bottle),Euro,4.903
National Average Price,2012 March,Diesel per litre,Euro,1.582
National Average Price,2012 March,Petrol - unleaded per litre,Euro,1.629
National Average Price,2012 March,Cinema fee,Euro,8.963
National Average Price,2012 March,Nightclubs fee,Euro,9.892
National Average Price,2012 March,Gent's dry cut fee,Euro,11.945
National Average Price,2012 March,"Gent's wash, cut, and blow dry fee",Euro,17.792
National Average Price,2012 March,"Ladies' wash, cut and blow dry fee",Euro,36.009
National Average Price,2012 April,"White, self raising flour per 2 kg",Euro,2.132
National Average Price,2012 April,"Brown, wholemeal flour per 2 kg",Euro,2.504
National Average Price,2012 April,"Bread, white sliced pan, large (800g)",Euro,1.291
National Average Price,2012 April,"Bread, brown sliced pan, large (800g)",Euro,1.529
National Average Price,2012 April,Spaghetti per 500g,Euro,1.17
National Average Price,2012 April,Sirloin steak per kg,Euro,15.338
National Average Price,2012 April,Striploin steak per kg,Euro,22.242
National Average Price,2012 April,Roast beef - topside or rib per kg,Euro,11.865
National Average Price,2012 April,Sliced / diced beef pieces per kg,Euro,10.004
National Average Price,2012 April,Pork loin chops per kg,Euro,8.526
National Average Price,2012 April,Pork steak per kg,Euro,9.382
National Average Price,2012 April,Lamb - whole leg / half leg per kg,Euro,12.558
National Average Price,2012 April,Lamb loin chops per kg,Euro,19.526
National Average Price,2012 April,Lamb gigot chops per kg,Euro,13.218
National Average Price,2012 April,Uncooked chicken medium size 1.6kg,Euro,5.772
National Average Price,2012 April,Lamb's liver per kg,Euro,5.669
National Average Price,2012 April,Ham fillet per kg,Euro,6.063
National Average Price,2012 April,Cooked ham per kg,Euro,16.248
National Average Price,2012 April,Best back rashers per kg,Euro,10.968
National Average Price,2012 April,Pork sausages per kg,Euro,5.577
National Average Price,2012 April,Fresh fillet of whiting per kg,Euro,10.844
National Average Price,2012 April,Fresh fillet of cod per kg,Euro,14.951
National Average Price,2012 April,Fresh salmon per kg,Euro,14.575
National Average Price,2012 April,Fresh fillet of plaice per kg,Euro,18.436
National Average Price,2012 April,Fresh hake per kg,Euro,
National Average Price,2012 April,Smoked salmon per kg,Euro,25.997
National Average Price,2012 April,Full fat milk per 2 litre,Euro,1.771
National Average Price,2012 April,Low fat milk per 1 litre,Euro,1.053
National Average Price,2012 April,Irish cheddar per kg,Euro,11.146
National Average Price,2012 April,Large eggs per half dozen,Euro,1.853
National Average Price,2012 April,Medium eggs per half dozen,Euro,1.648
National Average Price,2012 April,Butter per lb,Euro,2.768
National Average Price,2012 April,Grapes per kg,Euro,5.934
National Average Price,2012 April,Bananas per kg,Euro,1.362
National Average Price,2012 April,Tomatoes per kg,Euro,2.914
National Average Price,2012 April,Onions per kg,Euro,1.172
National Average Price,2012 April,Broccoli per kg,Euro,3.079
National Average Price,2012 April,Carrots per kg,Euro,1.128
National Average Price,2012 April,Mushrooms per kg,Euro,4.428
National Average Price,2012 April,Tomatoes tinned per 400g,Euro,0.846
National Average Price,2012 April,Potatoes 2.5 kg,Euro,2.953
National Average Price,2012 April,Potatoes 7.5 kg,Euro,
National Average Price,2012 April,Potatoes 10 kg,Euro,5.088
National Average Price,2012 April,White granulated sugar per 1 kg,Euro,1.343
National Average Price,2012 April,Jam per lb,Euro,1.95
National Average Price,2012 April,Marmalade per lb,Euro,1.843
National Average Price,2012 April,Tea bags per 80,Euro,2.908
National Average Price,2012 April,Orange juice per litre,Euro,1.458
National Average Price,2012 April,Whiskey - take home (70cl bottle),Euro,21.315
National Average Price,2012 April,Brandy - take home (70cl bottle),Euro,24.713
National Average Price,2012 April,Vodka - take home (70cl bottle),Euro,16.976
National Average Price,2012 April,Cream liqueur - take home (70cl bottle),Euro,14.236
National Average Price,2012 April,Wine - take home (75cl bottle),Euro,8.764
National Average Price,2012 April,Cider - take home (50cl can),Euro,2.11
National Average Price,2012 April,Sherry - take home (75cl bottle),Euro,11.316
National Average Price,2012 April,Lager - take home (50cl can),Euro,1.781
National Average Price,2012 April,Stout - take home (50cl can),Euro,2.062
National Average Price,2012 April,Filtered cigarettes per 20 pk,Euro,9.026
National Average Price,2012 April,Stout - draught bar (1 pint),Euro,3.982
National Average Price,2012 April,Lager - draught bar (1 pint),Euro,4.325
National Average Price,2012 April,Lager - bar (33cl bottle),Euro,4.368
National Average Price,2012 April,Cider - draught bar (1 pint),Euro,4.479
National Average Price,2012 April,Ale - draught bar (1 pint),Euro,4.026
National Average Price,2012 April,Cider - bar (33cl bottle),Euro,4.493
National Average Price,2012 April,Flavoured alcoholic drink - bar (275ml bottle),Euro,5.153
National Average Price,2012 April,Whiskey - bar (single) per ½ glass,Euro,3.732
National Average Price,2012 April,Brandy - bar (single) per ½ glass,Euro,4.3
National Average Price,2012 April,Vodka - bar (single) per ½ glass,Euro,3.785
National Average Price,2012 April,Wine - bar (187ml bottle),Euro,4.88
National Average Price,2012 April,Diesel per litre,Euro,1.6
National Average Price,2012 April,Petrol - unleaded per litre,Euro,1.686
National Average Price,2012 April,Cinema fee,Euro,8.979
National Average Price,2012 April,Nightclubs fee,Euro,9.767
National Average Price,2012 April,Gent's dry cut fee,Euro,11.945
National Average Price,2012 April,"Gent's wash, cut, and blow dry fee",Euro,17.702
National Average Price,2012 April,"Ladies' wash, cut and blow dry fee",Euro,36.121
National Average Price,2012 May,"White, self raising flour per 2 kg",Euro,2.132
National Average Price,2012 May,"Brown, wholemeal flour per 2 kg",Euro,2.485
National Average Price,2012 May,"Bread, white sliced pan, large (800g)",Euro,1.306
National Average Price,2012 May,"Bread, brown sliced pan, large (800g)",Euro,1.511
National Average Price,2012 May,Spaghetti per 500g,Euro,1.175
National Average Price,2012 May,Sirloin steak per kg,Euro,15.257
National Average Price,2012 May,Striploin steak per kg,Euro,22.212
National Average Price,2012 May,Roast beef - topside or rib per kg,Euro,11.671
National Average Price,2012 May,Sliced / diced beef pieces per kg,Euro,10.102
National Average Price,2012 May,Pork loin chops per kg,Euro,8.581
National Average Price,2012 May,Pork steak per kg,Euro,9.342
National Average Price,2012 May,Lamb - whole leg / half leg per kg,Euro,12.114
National Average Price,2012 May,Lamb loin chops per kg,Euro,19.723
National Average Price,2012 May,Lamb gigot chops per kg,Euro,13.161
National Average Price,2012 May,Uncooked chicken medium size 1.6kg,Euro,5.62
National Average Price,2012 May,Lamb's liver per kg,Euro,5.711
National Average Price,2012 May,Ham fillet per kg,Euro,5.884
National Average Price,2012 May,Cooked ham per kg,Euro,16.61
National Average Price,2012 May,Best back rashers per kg,Euro,10.772
National Average Price,2012 May,Pork sausages per kg,Euro,5.453
National Average Price,2012 May,Fresh fillet of whiting per kg,Euro,10.927
National Average Price,2012 May,Fresh fillet of cod per kg,Euro,16.406
National Average Price,2012 May,Fresh salmon per kg,Euro,14.355
National Average Price,2012 May,Fresh fillet of plaice per kg,Euro,17.686
National Average Price,2012 May,Fresh hake per kg,Euro,
National Average Price,2012 May,Smoked salmon per kg,Euro,26.737
National Average Price,2012 May,Full fat milk per 2 litre,Euro,1.773
National Average Price,2012 May,Low fat milk per 1 litre,Euro,1.052
National Average Price,2012 May,Irish cheddar per kg,Euro,11.369
National Average Price,2012 May,Large eggs per half dozen,Euro,1.885
National Average Price,2012 May,Medium eggs per half dozen,Euro,1.664
National Average Price,2012 May,Butter per lb,Euro,2.778
National Average Price,2012 May,Grapes per kg,Euro,5.793
National Average Price,2012 May,Bananas per kg,Euro,1.375
National Average Price,2012 May,Tomatoes per kg,Euro,2.878
National Average Price,2012 May,Onions per kg,Euro,1.205
National Average Price,2012 May,Broccoli per kg,Euro,2.854
National Average Price,2012 May,Carrots per kg,Euro,1.16
National Average Price,2012 May,Mushrooms per kg,Euro,4.445
National Average Price,2012 May,Tomatoes tinned per 400g,Euro,0.857
National Average Price,2012 May,Potatoes 2.5 kg,Euro,3.044
National Average Price,2012 May,Potatoes 7.5 kg,Euro,
National Average Price,2012 May,Potatoes 10 kg,Euro,4.938
National Average Price,2012 May,White granulated sugar per 1 kg,Euro,1.342
National Average Price,2012 May,Jam per lb,Euro,1.953
National Average Price,2012 May,Marmalade per lb,Euro,1.869
National Average Price,2012 May,Tea bags per 80,Euro,2.881
National Average Price,2012 May,Orange juice per litre,Euro,1.462
National Average Price,2012 May,Whiskey - take home (70cl bottle),Euro,21.914
National Average Price,2012 May,Brandy - take home (70cl bottle),Euro,25.726
National Average Price,2012 May,Vodka - take home (70cl bottle),Euro,17.698
National Average Price,2012 May,Cream liqueur - take home (70cl bottle),Euro,14.443
National Average Price,2012 May,Wine - take home (75cl bottle),Euro,9.135
National Average Price,2012 May,Cider - take home (50cl can),Euro,2.107
National Average Price,2012 May,Sherry - take home (75cl bottle),Euro,10.781
National Average Price,2012 May,Lager - take home (50cl can),Euro,1.763
National Average Price,2012 May,Stout - take home (50cl can),Euro,2.053
National Average Price,2012 May,Filtered cigarettes per 20 pk,Euro,9.026
National Average Price,2012 May,Stout - draught bar (1 pint),Euro,3.985
National Average Price,2012 May,Lager - draught bar (1 pint),Euro,4.328
National Average Price,2012 May,Lager - bar (33cl bottle),Euro,4.381
National Average Price,2012 May,Cider - draught bar (1 pint),Euro,4.483
National Average Price,2012 May,Ale - draught bar (1 pint),Euro,4.028
National Average Price,2012 May,Cider - bar (33cl bottle),Euro,4.501
National Average Price,2012 May,Flavoured alcoholic drink - bar (275ml bottle),Euro,5.162
National Average Price,2012 May,Whiskey - bar (single) per ½ glass,Euro,3.737
National Average Price,2012 May,Brandy - bar (single) per ½ glass,Euro,4.308
National Average Price,2012 May,Vodka - bar (single) per ½ glass,Euro,3.79
National Average Price,2012 May,Wine - bar (187ml bottle),Euro,4.899
National Average Price,2012 May,Diesel per litre,Euro,1.579
National Average Price,2012 May,Petrol - unleaded per litre,Euro,1.665
National Average Price,2012 May,Cinema fee,Euro,8.959
National Average Price,2012 May,Nightclubs fee,Euro,9.511
National Average Price,2012 May,Gent's dry cut fee,Euro,11.889
National Average Price,2012 May,"Gent's wash, cut, and blow dry fee",Euro,17.495
National Average Price,2012 May,"Ladies' wash, cut and blow dry fee",Euro,36.015
National Average Price,2012 June,"White, self raising flour per 2 kg",Euro,2.132
National Average Price,2012 June,"Brown, wholemeal flour per 2 kg",Euro,2.475
National Average Price,2012 June,"Bread, white sliced pan, large (800g)",Euro,1.299
National Average Price,2012 June,"Bread, brown sliced pan, large (800g)",Euro,1.507
National Average Price,2012 June,Spaghetti per 500g,Euro,1.141
National Average Price,2012 June,Sirloin steak per kg,Euro,15.611
National Average Price,2012 June,Striploin steak per kg,Euro,21.763
National Average Price,2012 June,Roast beef - topside or rib per kg,Euro,11.616
National Average Price,2012 June,Sliced / diced beef pieces per kg,Euro,9.985
National Average Price,2012 June,Pork loin chops per kg,Euro,7.824
National Average Price,2012 June,Pork steak per kg,Euro,9.723
National Average Price,2012 June,Lamb - whole leg / half leg per kg,Euro,11.639
National Average Price,2012 June,Lamb loin chops per kg,Euro,19.507
National Average Price,2012 June,Lamb gigot chops per kg,Euro,13.228
National Average Price,2012 June,Uncooked chicken medium size 1.6kg,Euro,5.744
National Average Price,2012 June,Lamb's liver per kg,Euro,5.695
National Average Price,2012 June,Ham fillet per kg,Euro,6.018
National Average Price,2012 June,Cooked ham per kg,Euro,16.181
National Average Price,2012 June,Best back rashers per kg,Euro,10.74
National Average Price,2012 June,Pork sausages per kg,Euro,5.497
National Average Price,2012 June,Fresh fillet of whiting per kg,Euro,10.876
National Average Price,2012 June,Fresh fillet of cod per kg,Euro,16.915
National Average Price,2012 June,Fresh salmon per kg,Euro,14.914
National Average Price,2012 June,Fresh fillet of plaice per kg,Euro,17.358
National Average Price,2012 June,Fresh hake per kg,Euro,
National Average Price,2012 June,Smoked salmon per kg,Euro,26.426
National Average Price,2012 June,Full fat milk per 2 litre,Euro,1.772
National Average Price,2012 June,Low fat milk per 1 litre,Euro,1.049
National Average Price,2012 June,Irish cheddar per kg,Euro,11.569
National Average Price,2012 June,Large eggs per half dozen,Euro,1.886
National Average Price,2012 June,Medium eggs per half dozen,Euro,1.678
National Average Price,2012 June,Butter per lb,Euro,2.785
National Average Price,2012 June,Grapes per kg,Euro,6.054
National Average Price,2012 June,Bananas per kg,Euro,1.364
National Average Price,2012 June,Tomatoes per kg,Euro,2.881
National Average Price,2012 June,Onions per kg,Euro,1.224
National Average Price,2012 June,Broccoli per kg,Euro,2.788
National Average Price,2012 June,Carrots per kg,Euro,1.154
National Average Price,2012 June,Mushrooms per kg,Euro,4.499
National Average Price,2012 June,Tomatoes tinned per 400g,Euro,0.856
National Average Price,2012 June,Potatoes 2.5 kg,Euro,3.195
National Average Price,2012 June,Potatoes 7.5 kg,Euro,
National Average Price,2012 June,Potatoes 10 kg,Euro,5.47
National Average Price,2012 June,White granulated sugar per 1 kg,Euro,1.335
National Average Price,2012 June,Jam per lb,Euro,1.958
National Average Price,2012 June,Marmalade per lb,Euro,1.94
National Average Price,2012 June,Tea bags per 80,Euro,2.931
National Average Price,2012 June,Orange juice per litre,Euro,1.462
National Average Price,2012 June,Whiskey - take home (70cl bottle),Euro,21.579
National Average Price,2012 June,Brandy - take home (70cl bottle),Euro,25.41
National Average Price,2012 June,Vodka - take home (70cl bottle),Euro,17.522
National Average Price,2012 June,Cream liqueur - take home (70cl bottle),Euro,14.823
National Average Price,2012 June,Wine - take home (75cl bottle),Euro,9.133
National Average Price,2012 June,Cider - take home (50cl can),Euro,2.101
National Average Price,2012 June,Sherry - take home (75cl bottle),Euro,10.76
National Average Price,2012 June,Lager - take home (50cl can),Euro,1.795
National Average Price,2012 June,Stout - take home (50cl can),Euro,2.06
National Average Price,2012 June,Filtered cigarettes per 20 pk,Euro,9.035
National Average Price,2012 June,Stout - draught bar (1 pint),Euro,3.985
National Average Price,2012 June,Lager - draught bar (1 pint),Euro,4.331
National Average Price,2012 June,Lager - bar (33cl bottle),Euro,4.381
National Average Price,2012 June,Cider - draught bar (1 pint),Euro,4.48
National Average Price,2012 June,Ale - draught bar (1 pint),Euro,4.028
National Average Price,2012 June,Cider - bar (33cl bottle),Euro,4.502
National Average Price,2012 June,Flavoured alcoholic drink - bar (275ml bottle),Euro,5.161
National Average Price,2012 June,Whiskey - bar (single) per ½ glass,Euro,3.739
National Average Price,2012 June,Brandy - bar (single) per ½ glass,Euro,4.315
National Average Price,2012 June,Vodka - bar (single) per ½ glass,Euro,3.797
National Average Price,2012 June,Wine - bar (187ml bottle),Euro,4.901
National Average Price,2012 June,Diesel per litre,Euro,1.534
National Average Price,2012 June,Petrol - unleaded per litre,Euro,1.621
National Average Price,2012 June,Cinema fee,Euro,8.984
National Average Price,2012 June,Nightclubs fee,Euro,9.473
National Average Price,2012 June,Gent's dry cut fee,Euro,12.011
National Average Price,2012 June,"Gent's wash, cut, and blow dry fee",Euro,17.69
National Average Price,2012 June,"Ladies' wash, cut and blow dry fee",Euro,36.092
National Average Price,2012 July,"White, self raising flour per 2 kg",Euro,2.129
National Average Price,2012 July,"Brown, wholemeal flour per 2 kg",Euro,2.486
National Average Price,2012 July,"Bread, white sliced pan, large (800g)",Euro,1.279
National Average Price,2012 July,"Bread, brown sliced pan, large (800g)",Euro,1.521
National Average Price,2012 July,Spaghetti per 500g,Euro,1.141
National Average Price,2012 July,Sirloin steak per kg,Euro,15.764
National Average Price,2012 July,Striploin steak per kg,Euro,21.998
National Average Price,2012 July,Roast beef - topside or rib per kg,Euro,12.154
National Average Price,2012 July,Sliced / diced beef pieces per kg,Euro,10.229
National Average Price,2012 July,Pork loin chops per kg,Euro,8.226
National Average Price,2012 July,Pork steak per kg,Euro,9.108
National Average Price,2012 July,Lamb - whole leg / half leg per kg,Euro,10.912
National Average Price,2012 July,Lamb loin chops per kg,Euro,19.623
National Average Price,2012 July,Lamb gigot chops per kg,Euro,13.32
National Average Price,2012 July,Uncooked chicken medium size 1.6kg,Euro,5.747
National Average Price,2012 July,Lamb's liver per kg,Euro,5.687
National Average Price,2012 July,Ham fillet per kg,Euro,6.055
National Average Price,2012 July,Cooked ham per kg,Euro,16.309
National Average Price,2012 July,Best back rashers per kg,Euro,10.663
National Average Price,2012 July,Pork sausages per kg,Euro,5.529
National Average Price,2012 July,Fresh fillet of whiting per kg,Euro,10.594
National Average Price,2012 July,Fresh fillet of cod per kg,Euro,16.657
National Average Price,2012 July,Fresh salmon per kg,Euro,14.831
National Average Price,2012 July,Fresh fillet of plaice per kg,Euro,17.545
National Average Price,2012 July,Fresh hake per kg,Euro,
National Average Price,2012 July,Smoked salmon per kg,Euro,27.03
National Average Price,2012 July,Full fat milk per 2 litre,Euro,1.774
National Average Price,2012 July,Low fat milk per 1 litre,Euro,1.055
National Average Price,2012 July,Irish cheddar per kg,Euro,11.243
National Average Price,2012 July,Large eggs per half dozen,Euro,1.889
National Average Price,2012 July,Medium eggs per half dozen,Euro,1.677
National Average Price,2012 July,Butter per lb,Euro,2.768
National Average Price,2012 July,Grapes per kg,Euro,5.93
National Average Price,2012 July,Bananas per kg,Euro,1.355
National Average Price,2012 July,Tomatoes per kg,Euro,2.835
National Average Price,2012 July,Onions per kg,Euro,1.234
National Average Price,2012 July,Broccoli per kg,Euro,3.391
National Average Price,2012 July,Carrots per kg,Euro,1.175
National Average Price,2012 July,Mushrooms per kg,Euro,4.541
National Average Price,2012 July,Tomatoes tinned per 400g,Euro,0.856
National Average Price,2012 July,Potatoes 2.5 kg,Euro,3.152
National Average Price,2012 July,Potatoes 7.5 kg,Euro,
National Average Price,2012 July,Potatoes 10 kg,Euro,5.908
National Average Price,2012 July,White granulated sugar per 1 kg,Euro,1.336
National Average Price,2012 July,Jam per lb,Euro,1.878
National Average Price,2012 July,Marmalade per lb,Euro,1.901
National Average Price,2012 July,Tea bags per 80,Euro,2.924
National Average Price,2012 July,Orange juice per litre,Euro,1.436
National Average Price,2012 July,Whiskey - take home (70cl bottle),Euro,22.452
National Average Price,2012 July,Brandy - take home (70cl bottle),Euro,25.729
National Average Price,2012 July,Vodka - take home (70cl bottle),Euro,16.685
National Average Price,2012 July,Cream liqueur - take home (70cl bottle),Euro,14.662
National Average Price,2012 July,Wine - take home (75cl bottle),Euro,9.008
National Average Price,2012 July,Cider - take home (50cl can),Euro,2.107
National Average Price,2012 July,Sherry - take home (75cl bottle),Euro,11.182
National Average Price,2012 July,Lager - take home (50cl can),Euro,1.768
National Average Price,2012 July,Stout - take home (50cl can),Euro,2.075
National Average Price,2012 July,Filtered cigarettes per 20 pk,Euro,9.053
National Average Price,2012 July,Stout - draught bar (1 pint),Euro,3.987
National Average Price,2012 July,Lager - draught bar (1 pint),Euro,4.332
National Average Price,2012 July,Lager - bar (33cl bottle),Euro,4.381
National Average Price,2012 July,Cider - draught bar (1 pint),Euro,4.483
National Average Price,2012 July,Ale - draught bar (1 pint),Euro,4.035
National Average Price,2012 July,Cider - bar (33cl bottle),Euro,4.508
National Average Price,2012 July,Flavoured alcoholic drink - bar (275ml bottle),Euro,5.17
National Average Price,2012 July,Whiskey - bar (single) per ½ glass,Euro,3.746
National Average Price,2012 July,Brandy - bar (single) per ½ glass,Euro,4.314
National Average Price,2012 July,Vodka - bar (single) per ½ glass,Euro,3.804
National Average Price,2012 July,Wine - bar (187ml bottle),Euro,4.891
National Average Price,2012 July,Diesel per litre,Euro,1.504
National Average Price,2012 July,Petrol - unleaded per litre,Euro,1.599
National Average Price,2012 July,Cinema fee,Euro,8.951
National Average Price,2012 July,Nightclubs fee,Euro,9.368
National Average Price,2012 July,Gent's dry cut fee,Euro,12.105
National Average Price,2012 July,"Gent's wash, cut, and blow dry fee",Euro,17.771
National Average Price,2012 July,"Ladies' wash, cut and blow dry fee",Euro,36.193
National Average Price,2012 August,"White, self raising flour per 2 kg",Euro,2.131
National Average Price,2012 August,"Brown, wholemeal flour per 2 kg",Euro,2.511
National Average Price,2012 August,"Bread, white sliced pan, large (800g)",Euro,1.269
National Average Price,2012 August,"Bread, brown sliced pan, large (800g)",Euro,1.518
National Average Price,2012 August,Spaghetti per 500g,Euro,1.172
National Average Price,2012 August,Sirloin steak per kg,Euro,15.515
National Average Price,2012 August,Striploin steak per kg,Euro,22.062
National Average Price,2012 August,Roast beef - topside or rib per kg,Euro,12.024
National Average Price,2012 August,Sliced / diced beef pieces per kg,Euro,10.237
National Average Price,2012 August,Pork loin chops per kg,Euro,8.272
National Average Price,2012 August,Pork steak per kg,Euro,9.512
National Average Price,2012 August,Lamb - whole leg / half leg per kg,Euro,12.125
National Average Price,2012 August,Lamb loin chops per kg,Euro,19.121
National Average Price,2012 August,Lamb gigot chops per kg,Euro,12.871
National Average Price,2012 August,Uncooked chicken medium size 1.6kg,Euro,5.833
National Average Price,2012 August,Lamb's liver per kg,Euro,5.692
National Average Price,2012 August,Ham fillet per kg,Euro,6.079
National Average Price,2012 August,Cooked ham per kg,Euro,16.574
National Average Price,2012 August,Best back rashers per kg,Euro,10.762
National Average Price,2012 August,Pork sausages per kg,Euro,5.476
National Average Price,2012 August,Fresh fillet of whiting per kg,Euro,10.532
National Average Price,2012 August,Fresh fillet of cod per kg,Euro,16.934
National Average Price,2012 August,Fresh salmon per kg,Euro,15.071
National Average Price,2012 August,Fresh fillet of plaice per kg,Euro,17.953
National Average Price,2012 August,Fresh hake per kg,Euro,
National Average Price,2012 August,Smoked salmon per kg,Euro,27.948
National Average Price,2012 August,Full fat milk per 2 litre,Euro,1.774
National Average Price,2012 August,Low fat milk per 1 litre,Euro,1.05
National Average Price,2012 August,Irish cheddar per kg,Euro,10.959
National Average Price,2012 August,Large eggs per half dozen,Euro,1.897
National Average Price,2012 August,Medium eggs per half dozen,Euro,1.657
National Average Price,2012 August,Butter per lb,Euro,2.735
National Average Price,2012 August,Grapes per kg,Euro,5.483
National Average Price,2012 August,Bananas per kg,Euro,1.369
National Average Price,2012 August,Tomatoes per kg,Euro,2.78
National Average Price,2012 August,Onions per kg,Euro,1.208
National Average Price,2012 August,Broccoli per kg,Euro,3.334
National Average Price,2012 August,Carrots per kg,Euro,1.176
National Average Price,2012 August,Mushrooms per kg,Euro,4.591
National Average Price,2012 August,Tomatoes tinned per 400g,Euro,0.859
National Average Price,2012 August,Potatoes 2.5 kg,Euro,3.592
National Average Price,2012 August,Potatoes 7.5 kg,Euro,
National Average Price,2012 August,Potatoes 10 kg,Euro,7.862
National Average Price,2012 August,White granulated sugar per 1 kg,Euro,1.34
National Average Price,2012 August,Jam per lb,Euro,1.909
National Average Price,2012 August,Marmalade per lb,Euro,1.892
National Average Price,2012 August,Tea bags per 80,Euro,2.951
National Average Price,2012 August,Orange juice per litre,Euro,1.498
National Average Price,2012 August,Whiskey - take home (70cl bottle),Euro,21.34
National Average Price,2012 August,Brandy - take home (70cl bottle),Euro,25.772
National Average Price,2012 August,Vodka - take home (70cl bottle),Euro,17.795
National Average Price,2012 August,Cream liqueur - take home (70cl bottle),Euro,15.407
National Average Price,2012 August,Wine - take home (75cl bottle),Euro,9.068
National Average Price,2012 August,Cider - take home (50cl can),Euro,2.06
National Average Price,2012 August,Sherry - take home (75cl bottle),Euro,11.178
National Average Price,2012 August,Lager - take home (50cl can),Euro,1.773
National Average Price,2012 August,Stout - take home (50cl can),Euro,2.077
National Average Price,2012 August,Filtered cigarettes per 20 pk,Euro,9.09
National Average Price,2012 August,Stout - draught bar (1 pint),Euro,3.986
National Average Price,2012 August,Lager - draught bar (1 pint),Euro,4.353
National Average Price,2012 August,Lager - bar (33cl bottle),Euro,4.385
National Average Price,2012 August,Cider - draught bar (1 pint),Euro,4.481
National Average Price,2012 August,Ale - draught bar (1 pint),Euro,4.034
National Average Price,2012 August,Cider - bar (33cl bottle),Euro,4.513
National Average Price,2012 August,Flavoured alcoholic drink - bar (275ml bottle),Euro,5.167
National Average Price,2012 August,Whiskey - bar (single) per ½ glass,Euro,3.75
National Average Price,2012 August,Brandy - bar (single) per ½ glass,Euro,4.316
National Average Price,2012 August,Vodka - bar (single) per ½ glass,Euro,3.806
National Average Price,2012 August,Wine - bar (187ml bottle),Euro,4.89
National Average Price,2012 August,Diesel per litre,Euro,1.565
National Average Price,2012 August,Petrol - unleaded per litre,Euro,1.653
National Average Price,2012 August,Cinema fee,Euro,8.903
National Average Price,2012 August,Nightclubs fee,Euro,9.328
National Average Price,2012 August,Gent's dry cut fee,Euro,12.096
National Average Price,2012 August,"Gent's wash, cut, and blow dry fee",Euro,17.872
National Average Price,2012 August,"Ladies' wash, cut and blow dry fee",Euro,36.176
National Average Price,2012 September,"White, self raising flour per 2 kg",Euro,2.183
National Average Price,2012 September,"Brown, wholemeal flour per 2 kg",Euro,2.648
National Average Price,2012 September,"Bread, white sliced pan, large (800g)",Euro,1.265
National Average Price,2012 September,"Bread, brown sliced pan, large (800g)",Euro,1.513
National Average Price,2012 September,Spaghetti per 500g,Euro,1.171
National Average Price,2012 September,Sirloin steak per kg,Euro,16.105
National Average Price,2012 September,Striploin steak per kg,Euro,22.148
National Average Price,2012 September,Roast beef - topside or rib per kg,Euro,11.635
National Average Price,2012 September,Sliced / diced beef pieces per kg,Euro,10.045
National Average Price,2012 September,Pork loin chops per kg,Euro,8.276
National Average Price,2012 September,Pork steak per kg,Euro,9.402
National Average Price,2012 September,Lamb - whole leg / half leg per kg,Euro,12.216
National Average Price,2012 September,Lamb loin chops per kg,Euro,18.849
National Average Price,2012 September,Lamb gigot chops per kg,Euro,12.944
National Average Price,2012 September,Uncooked chicken medium size 1.6kg,Euro,5.662
National Average Price,2012 September,Lamb's liver per kg,Euro,5.709
National Average Price,2012 September,Ham fillet per kg,Euro,6.001
National Average Price,2012 September,Cooked ham per kg,Euro,16.786
National Average Price,2012 September,Best back rashers per kg,Euro,10.729
National Average Price,2012 September,Pork sausages per kg,Euro,5.689
National Average Price,2012 September,Fresh fillet of whiting per kg,Euro,10.781
National Average Price,2012 September,Fresh fillet of cod per kg,Euro,16.653
National Average Price,2012 September,Fresh salmon per kg,Euro,15.784
National Average Price,2012 September,Fresh fillet of plaice per kg,Euro,16.516
National Average Price,2012 September,Fresh hake per kg,Euro,
National Average Price,2012 September,Smoked salmon per kg,Euro,28.784
National Average Price,2012 September,Full fat milk per 2 litre,Euro,1.768
National Average Price,2012 September,Low fat milk per 1 litre,Euro,1.051
National Average Price,2012 September,Irish cheddar per kg,Euro,11.061
National Average Price,2012 September,Large eggs per half dozen,Euro,1.876
National Average Price,2012 September,Medium eggs per half dozen,Euro,1.639
National Average Price,2012 September,Butter per lb,Euro,2.611
National Average Price,2012 September,Grapes per kg,Euro,5.412
National Average Price,2012 September,Bananas per kg,Euro,1.38
National Average Price,2012 September,Tomatoes per kg,Euro,2.799
National Average Price,2012 September,Onions per kg,Euro,1.222
National Average Price,2012 September,Broccoli per kg,Euro,3.216
National Average Price,2012 September,Carrots per kg,Euro,1.216
National Average Price,2012 September,Mushrooms per kg,Euro,4.424
National Average Price,2012 September,Tomatoes tinned per 400g,Euro,0.853
National Average Price,2012 September,Potatoes 2.5 kg,Euro,3.696
National Average Price,2012 September,Potatoes 7.5 kg,Euro,
National Average Price,2012 September,Potatoes 10 kg,Euro,8.66
National Average Price,2012 September,White granulated sugar per 1 kg,Euro,1.342
National Average Price,2012 September,Jam per lb,Euro,1.93
National Average Price,2012 September,Marmalade per lb,Euro,1.85
National Average Price,2012 September,Tea bags per 80,Euro,2.898
National Average Price,2012 September,Orange juice per litre,Euro,1.512
National Average Price,2012 September,Whiskey - take home (70cl bottle),Euro,21.702
National Average Price,2012 September,Brandy - take home (70cl bottle),Euro,25.483
National Average Price,2012 September,Vodka - take home (70cl bottle),Euro,18.381
National Average Price,2012 September,Cream liqueur - take home (70cl bottle),Euro,14.605
National Average Price,2012 September,Wine - take home (75cl bottle),Euro,8.902
National Average Price,2012 September,Cider - take home (50cl can),Euro,2.094
National Average Price,2012 September,Sherry - take home (75cl bottle),Euro,10.757
National Average Price,2012 September,Lager - take home (50cl can),Euro,1.783
National Average Price,2012 September,Stout - take home (50cl can),Euro,2.045
National Average Price,2012 September,Filtered cigarettes per 20 pk,Euro,9.116
National Average Price,2012 September,Stout - draught bar (1 pint),Euro,3.989
National Average Price,2012 September,Lager - draught bar (1 pint),Euro,4.356
National Average Price,2012 September,Lager - bar (33cl bottle),Euro,4.391
National Average Price,2012 September,Cider - draught bar (1 pint),Euro,4.484
National Average Price,2012 September,Ale - draught bar (1 pint),Euro,4.042
National Average Price,2012 September,Cider - bar (33cl bottle),Euro,4.511
National Average Price,2012 September,Flavoured alcoholic drink - bar (275ml bottle),Euro,5.156
National Average Price,2012 September,Whiskey - bar (single) per ½ glass,Euro,3.752
National Average Price,2012 September,Brandy - bar (single) per ½ glass,Euro,4.318
National Average Price,2012 September,Vodka - bar (single) per ½ glass,Euro,3.806
National Average Price,2012 September,Wine - bar (187ml bottle),Euro,4.891
National Average Price,2012 September,Diesel per litre,Euro,1.612
National Average Price,2012 September,Petrol - unleaded per litre,Euro,1.704
National Average Price,2012 September,Cinema fee,Euro,8.903
National Average Price,2012 September,Nightclubs fee,Euro,9.499
National Average Price,2012 September,Gent's dry cut fee,Euro,11.981
National Average Price,2012 September,"Gent's wash, cut, and blow dry fee",Euro,17.899
National Average Price,2012 September,"Ladies' wash, cut and blow dry fee",Euro,35.92
National Average Price,2012 October,"White, self raising flour per 2 kg",Euro,2.264
National Average Price,2012 October,"Brown, wholemeal flour per 2 kg",Euro,2.796
National Average Price,2012 October,"Bread, white sliced pan, large (800g)",Euro,1.291
National Average Price,2012 October,"Bread, brown sliced pan, large (800g)",Euro,1.508
National Average Price,2012 October,Spaghetti per 500g,Euro,1.161
National Average Price,2012 October,Sirloin steak per kg,Euro,15.917
National Average Price,2012 October,Striploin steak per kg,Euro,22.228
National Average Price,2012 October,Roast beef - topside or rib per kg,Euro,12.218
National Average Price,2012 October,Sliced / diced beef pieces per kg,Euro,10.161
National Average Price,2012 October,Pork loin chops per kg,Euro,8.651
National Average Price,2012 October,Pork steak per kg,Euro,9.364
National Average Price,2012 October,Lamb - whole leg / half leg per kg,Euro,11.573
National Average Price,2012 October,Lamb loin chops per kg,Euro,18.746
National Average Price,2012 October,Lamb gigot chops per kg,Euro,12.879
National Average Price,2012 October,Uncooked chicken medium size 1.6kg,Euro,5.687
National Average Price,2012 October,Lamb's liver per kg,Euro,5.746
National Average Price,2012 October,Ham fillet per kg,Euro,5.995
National Average Price,2012 October,Cooked ham per kg,Euro,16.764
National Average Price,2012 October,Best back rashers per kg,Euro,10.726
National Average Price,2012 October,Pork sausages per kg,Euro,5.817
National Average Price,2012 October,Fresh fillet of whiting per kg,Euro,10.487
National Average Price,2012 October,Fresh fillet of cod per kg,Euro,16.861
National Average Price,2012 October,Fresh salmon per kg,Euro,15.929
National Average Price,2012 October,Fresh fillet of plaice per kg,Euro,16.651
National Average Price,2012 October,Fresh hake per kg,Euro,
National Average Price,2012 October,Smoked salmon per kg,Euro,28.23
National Average Price,2012 October,Full fat milk per 2 litre,Euro,1.768
National Average Price,2012 October,Low fat milk per 1 litre,Euro,1.052
National Average Price,2012 October,Irish cheddar per kg,Euro,10.848
National Average Price,2012 October,Large eggs per half dozen,Euro,1.889
National Average Price,2012 October,Medium eggs per half dozen,Euro,1.642
National Average Price,2012 October,Butter per lb,Euro,2.73
National Average Price,2012 October,Grapes per kg,Euro,5.7
National Average Price,2012 October,Bananas per kg,Euro,1.356
National Average Price,2012 October,Tomatoes per kg,Euro,2.823
National Average Price,2012 October,Onions per kg,Euro,1.168
National Average Price,2012 October,Broccoli per kg,Euro,3.365
National Average Price,2012 October,Carrots per kg,Euro,1.304
National Average Price,2012 October,Mushrooms per kg,Euro,4.492
National Average Price,2012 October,Tomatoes tinned per 400g,Euro,0.857
National Average Price,2012 October,Potatoes 2.5 kg,Euro,3.866
National Average Price,2012 October,Potatoes 7.5 kg,Euro,
National Average Price,2012 October,Potatoes 10 kg,Euro,8.608
National Average Price,2012 October,White granulated sugar per 1 kg,Euro,1.345
National Average Price,2012 October,Jam per lb,Euro,1.922
National Average Price,2012 October,Marmalade per lb,Euro,1.796
National Average Price,2012 October,Tea bags per 80,Euro,2.948
National Average Price,2012 October,Orange juice per litre,Euro,1.51
National Average Price,2012 October,Whiskey - take home (70cl bottle),Euro,21.803
National Average Price,2012 October,Brandy - take home (70cl bottle),Euro,24.907
National Average Price,2012 October,Vodka - take home (70cl bottle),Euro,18.032
National Average Price,2012 October,Cream liqueur - take home (70cl bottle),Euro,15.046
National Average Price,2012 October,Wine - take home (75cl bottle),Euro,9.03
National Average Price,2012 October,Cider - take home (50cl can),Euro,2.102
National Average Price,2012 October,Sherry - take home (75cl bottle),Euro,11.349
National Average Price,2012 October,Lager - take home (50cl can),Euro,1.776
National Average Price,2012 October,Stout - take home (50cl can),Euro,2.048
National Average Price,2012 October,Filtered cigarettes per 20 pk,Euro,9.117
National Average Price,2012 October,Stout - draught bar (1 pint),Euro,3.991
National Average Price,2012 October,Lager - draught bar (1 pint),Euro,4.371
National Average Price,2012 October,Lager - bar (33cl bottle),Euro,4.387
National Average Price,2012 October,Cider - draught bar (1 pint),Euro,4.472
National Average Price,2012 October,Ale - draught bar (1 pint),Euro,4.038
National Average Price,2012 October,Cider - bar (33cl bottle),Euro,4.504
National Average Price,2012 October,Flavoured alcoholic drink - bar (275ml bottle),Euro,5.194
National Average Price,2012 October,Whiskey - bar (single) per ½ glass,Euro,3.75
National Average Price,2012 October,Brandy - bar (single) per ½ glass,Euro,4.325
National Average Price,2012 October,Vodka - bar (single) per ½ glass,Euro,3.805
National Average Price,2012 October,Wine - bar (187ml bottle),Euro,4.888
National Average Price,2012 October,Diesel per litre,Euro,1.587
National Average Price,2012 October,Petrol - unleaded per litre,Euro,1.682
National Average Price,2012 October,Cinema fee,Euro,8.876
National Average Price,2012 October,Nightclubs fee,Euro,9.489
National Average Price,2012 October,Gent's dry cut fee,Euro,11.963
National Average Price,2012 October,"Gent's wash, cut, and blow dry fee",Euro,18.002
National Average Price,2012 October,"Ladies' wash, cut and blow dry fee",Euro,36.213
National Average Price,2012 November,"White, self raising flour per 2 kg",Euro,2.318
National Average Price,2012 November,"Brown, wholemeal flour per 2 kg",Euro,2.843
National Average Price,2012 November,"Bread, white sliced pan, large (800g)",Euro,1.28
National Average Price,2012 November,"Bread, brown sliced pan, large (800g)",Euro,1.498
National Average Price,2012 November,Spaghetti per 500g,Euro,1.157
National Average Price,2012 November,Sirloin steak per kg,Euro,15.477
National Average Price,2012 November,Striploin steak per kg,Euro,21.556
National Average Price,2012 November,Roast beef - topside or rib per kg,Euro,12.19
National Average Price,2012 November,Sliced / diced beef pieces per kg,Euro,10.196
National Average Price,2012 November,Pork loin chops per kg,Euro,8.536
National Average Price,2012 November,Pork steak per kg,Euro,9.493
National Average Price,2012 November,Lamb - whole leg / half leg per kg,Euro,12.1
National Average Price,2012 November,Lamb loin chops per kg,Euro,16.803
National Average Price,2012 November,Lamb gigot chops per kg,Euro,12.996
National Average Price,2012 November,Uncooked chicken medium size 1.6kg,Euro,5.775
National Average Price,2012 November,Lamb's liver per kg,Euro,5.702
National Average Price,2012 November,Ham fillet per kg,Euro,6.006
National Average Price,2012 November,Cooked ham per kg,Euro,16.788
National Average Price,2012 November,Best back rashers per kg,Euro,10.763
National Average Price,2012 November,Pork sausages per kg,Euro,5.757
National Average Price,2012 November,Fresh fillet of whiting per kg,Euro,10.309
National Average Price,2012 November,Fresh fillet of cod per kg,Euro,16.048
National Average Price,2012 November,Fresh salmon per kg,Euro,15.544
National Average Price,2012 November,Fresh fillet of plaice per kg,Euro,18.187
National Average Price,2012 November,Fresh hake per kg,Euro,
National Average Price,2012 November,Smoked salmon per kg,Euro,28.51
National Average Price,2012 November,Full fat milk per 2 litre,Euro,1.77
National Average Price,2012 November,Low fat milk per 1 litre,Euro,1.05
National Average Price,2012 November,Irish cheddar per kg,Euro,11.056
National Average Price,2012 November,Large eggs per half dozen,Euro,1.87
National Average Price,2012 November,Medium eggs per half dozen,Euro,1.593
National Average Price,2012 November,Butter per lb,Euro,2.732
National Average Price,2012 November,Grapes per kg,Euro,6.136
National Average Price,2012 November,Bananas per kg,Euro,1.368
National Average Price,2012 November,Tomatoes per kg,Euro,2.84
National Average Price,2012 November,Onions per kg,Euro,1.196
National Average Price,2012 November,Broccoli per kg,Euro,3.256
National Average Price,2012 November,Carrots per kg,Euro,1.283
National Average Price,2012 November,Mushrooms per kg,Euro,4.434
National Average Price,2012 November,Tomatoes tinned per 400g,Euro,0.837
National Average Price,2012 November,Potatoes 2.5 kg,Euro,4.008
National Average Price,2012 November,Potatoes 7.5 kg,Euro,
National Average Price,2012 November,Potatoes 10 kg,Euro,8.714
National Average Price,2012 November,White granulated sugar per 1 kg,Euro,1.345
National Average Price,2012 November,Jam per lb,Euro,1.943
National Average Price,2012 November,Marmalade per lb,Euro,1.873
National Average Price,2012 November,Tea bags per 80,Euro,2.935
National Average Price,2012 November,Orange juice per litre,Euro,1.496
National Average Price,2012 November,Whiskey - take home (70cl bottle),Euro,21.595
National Average Price,2012 November,Brandy - take home (70cl bottle),Euro,24.403
National Average Price,2012 November,Vodka - take home (70cl bottle),Euro,18.137
National Average Price,2012 November,Cream liqueur - take home (70cl bottle),Euro,14.425
National Average Price,2012 November,Wine - take home (75cl bottle),Euro,8.747
National Average Price,2012 November,Cider - take home (50cl can),Euro,2.094
National Average Price,2012 November,Sherry - take home (75cl bottle),Euro,11.065
National Average Price,2012 November,Lager - take home (50cl can),Euro,1.792
National Average Price,2012 November,Stout - take home (50cl can),Euro,2.056
National Average Price,2012 November,Filtered cigarettes per 20 pk,Euro,9.121
National Average Price,2012 November,Stout - draught bar (1 pint),Euro,4.012
National Average Price,2012 November,Lager - draught bar (1 pint),Euro,4.388
National Average Price,2012 November,Lager - bar (33cl bottle),Euro,4.391
National Average Price,2012 November,Cider - draught bar (1 pint),Euro,4.477
National Average Price,2012 November,Ale - draught bar (1 pint),Euro,4.061
National Average Price,2012 November,Cider - bar (33cl bottle),Euro,4.516
National Average Price,2012 November,Flavoured alcoholic drink - bar (275ml bottle),Euro,5.183
National Average Price,2012 November,Whiskey - bar (single) per ½ glass,Euro,3.766
National Average Price,2012 November,Brandy - bar (single) per ½ glass,Euro,4.334
National Average Price,2012 November,Vodka - bar (single) per ½ glass,Euro,3.819
National Average Price,2012 November,Wine - bar (187ml bottle),Euro,4.92
National Average Price,2012 November,Diesel per litre,Euro,1.558
National Average Price,2012 November,Petrol - unleaded per litre,Euro,1.619
National Average Price,2012 November,Cinema fee,Euro,8.894
National Average Price,2012 November,Nightclubs fee,Euro,9.663
National Average Price,2012 November,Gent's dry cut fee,Euro,11.858
National Average Price,2012 November,"Gent's wash, cut, and blow dry fee",Euro,17.901
National Average Price,2012 November,"Ladies' wash, cut and blow dry fee",Euro,36.161
National Average Price,2012 December,"White, self raising flour per 2 kg",Euro,2.329
National Average Price,2012 December,"Brown, wholemeal flour per 2 kg",Euro,2.863
National Average Price,2012 December,"Bread, white sliced pan, large (800g)",Euro,1.323
National Average Price,2012 December,"Bread, brown sliced pan, large (800g)",Euro,1.565
National Average Price,2012 December,Spaghetti per 500g,Euro,1.137
National Average Price,2012 December,Sirloin steak per kg,Euro,15.818
National Average Price,2012 December,Striploin steak per kg,Euro,21.915
National Average Price,2012 December,Roast beef - topside or rib per kg,Euro,12.425
National Average Price,2012 December,Sliced / diced beef pieces per kg,Euro,10.284
National Average Price,2012 December,Pork loin chops per kg,Euro,8.593
National Average Price,2012 December,Pork steak per kg,Euro,9.376
National Average Price,2012 December,Lamb - whole leg / half leg per kg,Euro,11.054
National Average Price,2012 December,Lamb loin chops per kg,Euro,18.124
National Average Price,2012 December,Lamb gigot chops per kg,Euro,12.902
National Average Price,2012 December,Uncooked chicken medium size 1.6kg,Euro,5.863
National Average Price,2012 December,Lamb's liver per kg,Euro,5.766
National Average Price,2012 December,Ham fillet per kg,Euro,6.057
National Average Price,2012 December,Cooked ham per kg,Euro,16.829
National Average Price,2012 December,Best back rashers per kg,Euro,10.696
National Average Price,2012 December,Pork sausages per kg,Euro,5.79
National Average Price,2012 December,Fresh fillet of whiting per kg,Euro,10.581
National Average Price,2012 December,Fresh fillet of cod per kg,Euro,16.132
National Average Price,2012 December,Fresh salmon per kg,Euro,15.513
National Average Price,2012 December,Fresh fillet of plaice per kg,Euro,18.418
National Average Price,2012 December,Fresh hake per kg,Euro,
National Average Price,2012 December,Smoked salmon per kg,Euro,26.108
National Average Price,2012 December,Full fat milk per 2 litre,Euro,1.77
National Average Price,2012 December,Low fat milk per 1 litre,Euro,1.056
National Average Price,2012 December,Irish cheddar per kg,Euro,11.1
National Average Price,2012 December,Large eggs per half dozen,Euro,1.874
National Average Price,2012 December,Medium eggs per half dozen,Euro,1.64
National Average Price,2012 December,Butter per lb,Euro,2.753
National Average Price,2012 December,Grapes per kg,Euro,6.248
National Average Price,2012 December,Bananas per kg,Euro,1.373
National Average Price,2012 December,Tomatoes per kg,Euro,2.911
National Average Price,2012 December,Onions per kg,Euro,1.187
National Average Price,2012 December,Broccoli per kg,Euro,3.172
National Average Price,2012 December,Carrots per kg,Euro,1.258
National Average Price,2012 December,Mushrooms per kg,Euro,4.51
National Average Price,2012 December,Tomatoes tinned per 400g,Euro,0.862
National Average Price,2012 December,Potatoes 2.5 kg,Euro,3.958
National Average Price,2012 December,Potatoes 7.5 kg,Euro,
National Average Price,2012 December,Potatoes 10 kg,Euro,9.198
National Average Price,2012 December,White granulated sugar per 1 kg,Euro,1.34
National Average Price,2012 December,Jam per lb,Euro,2.027
National Average Price,2012 December,Marmalade per lb,Euro,1.845
National Average Price,2012 December,Tea bags per 80,Euro,2.951
National Average Price,2012 December,Orange juice per litre,Euro,1.481
National Average Price,2012 December,Whiskey - take home (70cl bottle),Euro,19.493
National Average Price,2012 December,Brandy - take home (70cl bottle),Euro,23.017
National Average Price,2012 December,Vodka - take home (70cl bottle),Euro,16.668
National Average Price,2012 December,Cream liqueur - take home (70cl bottle),Euro,13.073
National Average Price,2012 December,Wine - take home (75cl bottle),Euro,8.756
National Average Price,2012 December,Cider - take home (50cl can),Euro,2.092
National Average Price,2012 December,Sherry - take home (75cl bottle),Euro,10.345
National Average Price,2012 December,Lager - take home (50cl can),Euro,1.786
National Average Price,2012 December,Stout - take home (50cl can),Euro,2.068
National Average Price,2012 December,Filtered cigarettes per 20 pk,Euro,9.224
National Average Price,2012 December,Stout - draught bar (1 pint),Euro,4.097
National Average Price,2012 December,Lager - draught bar (1 pint),Euro,4.479
National Average Price,2012 December,Lager - bar (33cl bottle),Euro,4.447
National Average Price,2012 December,Cider - draught bar (1 pint),Euro,4.542
National Average Price,2012 December,Ale - draught bar (1 pint),Euro,4.147
National Average Price,2012 December,Cider - bar (33cl bottle),Euro,4.568
National Average Price,2012 December,Flavoured alcoholic drink - bar (275ml bottle),Euro,5.236
National Average Price,2012 December,Whiskey - bar (single) per ½ glass,Euro,3.818
National Average Price,2012 December,Brandy - bar (single) per ½ glass,Euro,4.394
National Average Price,2012 December,Vodka - bar (single) per ½ glass,Euro,3.879
National Average Price,2012 December,Wine - bar (187ml bottle),Euro,4.996
National Average Price,2012 December,Diesel per litre,Euro,1.544
National Average Price,2012 December,Petrol - unleaded per litre,Euro,1.599
National Average Price,2012 December,Cinema fee,Euro,8.908
National Average Price,2012 December,Nightclubs fee,Euro,9.447
National Average Price,2012 December,Gent's dry cut fee,Euro,11.907
National Average Price,2012 December,"Gent's wash, cut, and blow dry fee",Euro,18.612
National Average Price,2012 December,"Ladies' wash, cut and blow dry fee",Euro,38.127
National Average Price,2013 January,"White, self raising flour per 2 kg",Euro,2.343
National Average Price,2013 January,"Brown, wholemeal flour per 2 kg",Euro,2.863
National Average Price,2013 January,"Bread, white sliced pan, large (800g)",Euro,1.297
National Average Price,2013 January,"Bread, brown sliced pan, large (800g)",Euro,1.565
National Average Price,2013 January,Spaghetti per 500g,Euro,1.099
National Average Price,2013 January,Sirloin steak per kg,Euro,16.197
National Average Price,2013 January,Striploin steak per kg,Euro,22.483
National Average Price,2013 January,Roast beef - topside or rib per kg,Euro,12.675
National Average Price,2013 January,Sliced / diced beef pieces per kg,Euro,10.267
National Average Price,2013 January,Pork loin chops per kg,Euro,8.562
National Average Price,2013 January,Pork steak per kg,Euro,9.595
National Average Price,2013 January,Lamb - whole leg / half leg per kg,Euro,11.106
National Average Price,2013 January,Lamb loin chops per kg,Euro,18.765
National Average Price,2013 January,Lamb gigot chops per kg,Euro,13.083
National Average Price,2013 January,Uncooked chicken medium size 1.6kg,Euro,5.813
National Average Price,2013 January,Lamb's liver per kg,Euro,5.782
National Average Price,2013 January,Ham fillet per kg,Euro,6.051
National Average Price,2013 January,Cooked ham per kg,Euro,16.706
National Average Price,2013 January,Best back rashers per kg,Euro,10.887
National Average Price,2013 January,Pork sausages per kg,Euro,5.953
National Average Price,2013 January,Fresh fillet of whiting per kg,Euro,10.608
National Average Price,2013 January,Fresh fillet of cod per kg,Euro,16.729
National Average Price,2013 January,Fresh salmon per kg,Euro,15.816
National Average Price,2013 January,Fresh fillet of plaice per kg,Euro,18.747
National Average Price,2013 January,Fresh hake per kg,Euro,
National Average Price,2013 January,Smoked salmon per kg,Euro,27.134
National Average Price,2013 January,Full fat milk per 2 litre,Euro,1.77
National Average Price,2013 January,Low fat milk per 1 litre,Euro,1.05
National Average Price,2013 January,Irish cheddar per kg,Euro,10.703
National Average Price,2013 January,Large eggs per half dozen,Euro,1.875
National Average Price,2013 January,Medium eggs per half dozen,Euro,1.636
National Average Price,2013 January,Butter per lb,Euro,2.75
National Average Price,2013 January,Grapes per kg,Euro,6.525
National Average Price,2013 January,Bananas per kg,Euro,1.369
National Average Price,2013 January,Tomatoes per kg,Euro,2.957
National Average Price,2013 January,Onions per kg,Euro,1.224
National Average Price,2013 January,Broccoli per kg,Euro,3.398
National Average Price,2013 January,Carrots per kg,Euro,1.305
National Average Price,2013 January,Mushrooms per kg,Euro,4.637
National Average Price,2013 January,Tomatoes tinned per 400g,Euro,0.815
National Average Price,2013 January,Potatoes 2.5 kg,Euro,3.836
National Average Price,2013 January,Potatoes 7.5 kg,Euro,
National Average Price,2013 January,Potatoes 10 kg,Euro,9.055
National Average Price,2013 January,White granulated sugar per 1 kg,Euro,1.343
National Average Price,2013 January,Jam per lb,Euro,1.76
National Average Price,2013 January,Marmalade per lb,Euro,1.869
National Average Price,2013 January,Tea bags per 80,Euro,2.753
National Average Price,2013 January,Orange juice per litre,Euro,1.48
National Average Price,2013 January,Whiskey - take home (70cl bottle),Euro,24.167
National Average Price,2013 January,Brandy - take home (70cl bottle),Euro,26.299
National Average Price,2013 January,Vodka - take home (70cl bottle),Euro,19.114
National Average Price,2013 January,Cream liqueur - take home (70cl bottle),Euro,16.22
National Average Price,2013 January,Wine - take home (75cl bottle),Euro,9.884
National Average Price,2013 January,Cider - take home (50cl can),Euro,2.164
National Average Price,2013 January,Sherry - take home (75cl bottle),Euro,12.434
National Average Price,2013 January,Lager - take home (50cl can),Euro,1.856
National Average Price,2013 January,Stout - take home (50cl can),Euro,2.136
National Average Price,2013 January,Filtered cigarettes per 20 pk,Euro,9.233
National Average Price,2013 January,Stout - draught bar (1 pint),Euro,4.145
National Average Price,2013 January,Lager - draught bar (1 pint),Euro,4.528
National Average Price,2013 January,Lager - bar (33cl bottle),Euro,4.485
National Average Price,2013 January,Cider - draught bar (1 pint),Euro,4.578
National Average Price,2013 January,Ale - draught bar (1 pint),Euro,4.187
National Average Price,2013 January,Cider - bar (33cl bottle),Euro,4.604
National Average Price,2013 January,Flavoured alcoholic drink - bar (275ml bottle),Euro,5.247
National Average Price,2013 January,Whiskey - bar (single) per ½ glass,Euro,3.866
National Average Price,2013 January,Brandy - bar (single) per ½ glass,Euro,4.414
National Average Price,2013 January,Vodka - bar (single) per ½ glass,Euro,3.925
National Average Price,2013 January,Wine - bar (187ml bottle),Euro,5.065
National Average Price,2013 January,Diesel per litre,Euro,1.525
National Average Price,2013 January,Petrol - unleaded per litre,Euro,1.581
National Average Price,2013 January,Cinema fee,Euro,8.943
National Average Price,2013 January,Nightclubs fee,Euro,9.312
National Average Price,2013 January,Gent's dry cut fee,Euro,11.849
National Average Price,2013 January,"Gent's wash, cut, and blow dry fee",Euro,18.67
National Average Price,2013 January,"Ladies' wash, cut and blow dry fee",Euro,38.314
National Average Price,2013 February,"White, self raising flour per 2 kg",Euro,2.374
National Average Price,2013 February,"Brown, wholemeal flour per 2 kg",Euro,2.888
National Average Price,2013 February,"Bread, white sliced pan, large (800g)",Euro,1.315
National Average Price,2013 February,"Bread, brown sliced pan, large (800g)",Euro,1.562
National Average Price,2013 February,Spaghetti per 500g,Euro,1.172
National Average Price,2013 February,Sirloin steak per kg,Euro,16.032
National Average Price,2013 February,Striploin steak per kg,Euro,20.446
National Average Price,2013 February,Roast beef - topside or rib per kg,Euro,12.71
National Average Price,2013 February,Sliced / diced beef pieces per kg,Euro,10.242
National Average Price,2013 February,Pork loin chops per kg,Euro,8.511
National Average Price,2013 February,Pork steak per kg,Euro,9.605
National Average Price,2013 February,Lamb - whole leg / half leg per kg,Euro,12.378
National Average Price,2013 February,Lamb loin chops per kg,Euro,17.458
National Average Price,2013 February,Lamb gigot chops per kg,Euro,13.042
National Average Price,2013 February,Uncooked chicken medium size 1.6kg,Euro,5.913
National Average Price,2013 February,Lamb's liver per kg,Euro,5.804
National Average Price,2013 February,Ham fillet per kg,Euro,6.189
National Average Price,2013 February,Cooked ham per kg,Euro,17.004
National Average Price,2013 February,Best back rashers per kg,Euro,10.988
National Average Price,2013 February,Pork sausages per kg,Euro,5.982
National Average Price,2013 February,Fresh fillet of whiting per kg,Euro,10.859
National Average Price,2013 February,Fresh fillet of cod per kg,Euro,12.815
National Average Price,2013 February,Fresh salmon per kg,Euro,16.119
National Average Price,2013 February,Fresh fillet of plaice per kg,Euro,16.797
National Average Price,2013 February,Fresh hake per kg,Euro,
National Average Price,2013 February,Smoked salmon per kg,Euro,27.957
National Average Price,2013 February,Full fat milk per 2 litre,Euro,1.769
National Average Price,2013 February,Low fat milk per 1 litre,Euro,1.046
National Average Price,2013 February,Irish cheddar per kg,Euro,11.376
National Average Price,2013 February,Large eggs per half dozen,Euro,1.896
National Average Price,2013 February,Medium eggs per half dozen,Euro,1.648
National Average Price,2013 February,Butter per lb,Euro,2.734
National Average Price,2013 February,Grapes per kg,Euro,6.423
National Average Price,2013 February,Bananas per kg,Euro,1.368
National Average Price,2013 February,Tomatoes per kg,Euro,2.967
National Average Price,2013 February,Onions per kg,Euro,1.136
National Average Price,2013 February,Broccoli per kg,Euro,3.375
National Average Price,2013 February,Carrots per kg,Euro,1.303
National Average Price,2013 February,Mushrooms per kg,Euro,4.67
National Average Price,2013 February,Tomatoes tinned per 400g,Euro,0.815
National Average Price,2013 February,Potatoes 2.5 kg,Euro,3.736
National Average Price,2013 February,Potatoes 7.5 kg,Euro,
National Average Price,2013 February,Potatoes 10 kg,Euro,9.125
National Average Price,2013 February,White granulated sugar per 1 kg,Euro,1.342
National Average Price,2013 February,Jam per lb,Euro,2.028
National Average Price,2013 February,Marmalade per lb,Euro,1.875
National Average Price,2013 February,Tea bags per 80,Euro,2.809
National Average Price,2013 February,Orange juice per litre,Euro,1.496
National Average Price,2013 February,Whiskey - take home (70cl bottle),Euro,23.657
National Average Price,2013 February,Brandy - take home (70cl bottle),Euro,26.651
National Average Price,2013 February,Vodka - take home (70cl bottle),Euro,18.867
National Average Price,2013 February,Cream liqueur - take home (70cl bottle),Euro,16.146
National Average Price,2013 February,Wine - take home (75cl bottle),Euro,9.963
National Average Price,2013 February,Cider - take home (50cl can),Euro,2.209
National Average Price,2013 February,Sherry - take home (75cl bottle),Euro,12.5
National Average Price,2013 February,Lager - take home (50cl can),Euro,1.867
National Average Price,2013 February,Stout - take home (50cl can),Euro,2.158
National Average Price,2013 February,Filtered cigarettes per 20 pk,Euro,9.231
National Average Price,2013 February,Stout - draught bar (1 pint),Euro,4.161
National Average Price,2013 February,Lager - draught bar (1 pint),Euro,4.545
National Average Price,2013 February,Lager - bar (33cl bottle),Euro,4.492
National Average Price,2013 February,Cider - draught bar (1 pint),Euro,4.589
National Average Price,2013 February,Ale - draught bar (1 pint),Euro,4.196
National Average Price,2013 February,Cider - bar (33cl bottle),Euro,4.612
National Average Price,2013 February,Flavoured alcoholic drink - bar (275ml bottle),Euro,5.242
National Average Price,2013 February,Whiskey - bar (single) per ½ glass,Euro,3.879
National Average Price,2013 February,Brandy - bar (single) per ½ glass,Euro,4.429
National Average Price,2013 February,Vodka - bar (single) per ½ glass,Euro,3.937
National Average Price,2013 February,Wine - bar (187ml bottle),Euro,5.082
National Average Price,2013 February,Diesel per litre,Euro,1.541
National Average Price,2013 February,Petrol - unleaded per litre,Euro,1.603
National Average Price,2013 February,Cinema fee,Euro,8.938
National Average Price,2013 February,Nightclubs fee,Euro,9.303
National Average Price,2013 February,Gent's dry cut fee,Euro,11.857
National Average Price,2013 February,"Gent's wash, cut, and blow dry fee",Euro,18.096
National Average Price,2013 February,"Ladies' wash, cut and blow dry fee",Euro,36.216
National Average Price,2013 March,"White, self raising flour per 2 kg",Euro,2.371
National Average Price,2013 March,"Brown, wholemeal flour per 2 kg",Euro,2.928
National Average Price,2013 March,"Bread, white sliced pan, large (800g)",Euro,1.332
National Average Price,2013 March,"Bread, brown sliced pan, large (800g)",Euro,1.562
National Average Price,2013 March,Spaghetti per 500g,Euro,1.162
National Average Price,2013 March,Sirloin steak per kg,Euro,15.47
National Average Price,2013 March,Striploin steak per kg,Euro,20.997
National Average Price,2013 March,Roast beef - topside or rib per kg,Euro,12.808
National Average Price,2013 March,Sliced / diced beef pieces per kg,Euro,9.69
National Average Price,2013 March,Pork loin chops per kg,Euro,8.96
National Average Price,2013 March,Pork steak per kg,Euro,9.202
National Average Price,2013 March,Lamb - whole leg / half leg per kg,Euro,11.629
National Average Price,2013 March,Lamb loin chops per kg,Euro,16.841
National Average Price,2013 March,Lamb gigot chops per kg,Euro,12.955
National Average Price,2013 March,Uncooked chicken medium size 1.6kg,Euro,5.937
National Average Price,2013 March,Lamb's liver per kg,Euro,5.821
National Average Price,2013 March,Ham fillet per kg,Euro,6.046
National Average Price,2013 March,Cooked ham per kg,Euro,17.211
National Average Price,2013 March,Best back rashers per kg,Euro,10.85
National Average Price,2013 March,Pork sausages per kg,Euro,6.143
National Average Price,2013 March,Fresh fillet of whiting per kg,Euro,10.903
National Average Price,2013 March,Fresh fillet of cod per kg,Euro,14.708
National Average Price,2013 March,Fresh salmon per kg,Euro,16.402
National Average Price,2013 March,Fresh fillet of plaice per kg,Euro,17.835
National Average Price,2013 March,Fresh hake per kg,Euro,
National Average Price,2013 March,Smoked salmon per kg,Euro,27.745
National Average Price,2013 March,Full fat milk per 2 litre,Euro,1.772
National Average Price,2013 March,Low fat milk per 1 litre,Euro,1.047
National Average Price,2013 March,Irish cheddar per kg,Euro,10.723
National Average Price,2013 March,Large eggs per half dozen,Euro,1.875
National Average Price,2013 March,Medium eggs per half dozen,Euro,1.561
National Average Price,2013 March,Butter per lb,Euro,2.717
National Average Price,2013 March,Grapes per kg,Euro,5.848
National Average Price,2013 March,Bananas per kg,Euro,1.394
National Average Price,2013 March,Tomatoes per kg,Euro,3.006
National Average Price,2013 March,Onions per kg,Euro,1.15
National Average Price,2013 March,Broccoli per kg,Euro,3.259
National Average Price,2013 March,Carrots per kg,Euro,1.261
National Average Price,2013 March,Mushrooms per kg,Euro,4.426
National Average Price,2013 March,Tomatoes tinned per 400g,Euro,0.89
National Average Price,2013 March,Potatoes 2.5 kg,Euro,3.793
National Average Price,2013 March,Potatoes 7.5 kg,Euro,
National Average Price,2013 March,Potatoes 10 kg,Euro,9.348
National Average Price,2013 March,White granulated sugar per 1 kg,Euro,1.343
National Average Price,2013 March,Jam per lb,Euro,1.977
National Average Price,2013 March,Marmalade per lb,Euro,1.954
National Average Price,2013 March,Tea bags per 80,Euro,2.898
National Average Price,2013 March,Orange juice per litre,Euro,1.543
National Average Price,2013 March,Whiskey - take home (70cl bottle),Euro,23.018
National Average Price,2013 March,Brandy - take home (70cl bottle),Euro,26.149
National Average Price,2013 March,Vodka - take home (70cl bottle),Euro,17.724
National Average Price,2013 March,Cream liqueur - take home (70cl bottle),Euro,14.261
National Average Price,2013 March,Wine - take home (75cl bottle),Euro,10.306
National Average Price,2013 March,Cider - take home (50cl can),Euro,2.202
National Average Price,2013 March,Sherry - take home (75cl bottle),Euro,13.09
National Average Price,2013 March,Lager - take home (50cl can),Euro,1.817
National Average Price,2013 March,Stout - take home (50cl can),Euro,2.192
National Average Price,2013 March,Filtered cigarettes per 20 pk,Euro,9.232
National Average Price,2013 March,Stout - draught bar (1 pint),Euro,4.162
National Average Price,2013 March,Lager - draught bar (1 pint),Euro,4.538
National Average Price,2013 March,Lager - bar (33cl bottle),Euro,4.493
National Average Price,2013 March,Cider - draught bar (1 pint),Euro,4.585
National Average Price,2013 March,Ale - draught bar (1 pint),Euro,4.19
National Average Price,2013 March,Cider - bar (33cl bottle),Euro,4.608
National Average Price,2013 March,Flavoured alcoholic drink - bar (275ml bottle),Euro,5.24
National Average Price,2013 March,Whiskey - bar (single) per ½ glass,Euro,3.883
National Average Price,2013 March,Brandy - bar (single) per ½ glass,Euro,4.431
National Average Price,2013 March,Vodka - bar (single) per ½ glass,Euro,3.94
National Average Price,2013 March,Wine - bar (187ml bottle),Euro,5.091
National Average Price,2013 March,Diesel per litre,Euro,1.548
National Average Price,2013 March,Petrol - unleaded per litre,Euro,1.616
National Average Price,2013 March,Cinema fee,Euro,8.945
National Average Price,2013 March,Nightclubs fee,Euro,9.303
National Average Price,2013 March,Gent's dry cut fee,Euro,11.841
National Average Price,2013 March,"Gent's wash, cut, and blow dry fee",Euro,18.009
National Average Price,2013 March,"Ladies' wash, cut and blow dry fee",Euro,36.451
National Average Price,2013 April,"White, self raising flour per 2 kg",Euro,2.363
National Average Price,2013 April,"Brown, wholemeal flour per 2 kg",Euro,2.931
National Average Price,2013 April,"Bread, white sliced pan, large (800g)",Euro,1.32
National Average Price,2013 April,"Bread, brown sliced pan, large (800g)",Euro,1.562
National Average Price,2013 April,Spaghetti per 500g,Euro,1.136
National Average Price,2013 April,Sirloin steak per kg,Euro,16.138
National Average Price,2013 April,Striploin steak per kg,Euro,21.918
National Average Price,2013 April,Roast beef - topside or rib per kg,Euro,12.617
National Average Price,2013 April,Sliced / diced beef pieces per kg,Euro,10.265
National Average Price,2013 April,Pork loin chops per kg,Euro,8.773
National Average Price,2013 April,Pork steak per kg,Euro,9.494
National Average Price,2013 April,Lamb - whole leg / half leg per kg,Euro,12.332
National Average Price,2013 April,Lamb loin chops per kg,Euro,17.951
National Average Price,2013 April,Lamb gigot chops per kg,Euro,12.988
National Average Price,2013 April,Uncooked chicken medium size 1.6kg,Euro,5.999
National Average Price,2013 April,Lamb's liver per kg,Euro,5.785
National Average Price,2013 April,Ham fillet per kg,Euro,5.967
National Average Price,2013 April,Cooked ham per kg,Euro,16.907
National Average Price,2013 April,Best back rashers per kg,Euro,10.83
National Average Price,2013 April,Pork sausages per kg,Euro,6.129
National Average Price,2013 April,Fresh fillet of whiting per kg,Euro,10.798
National Average Price,2013 April,Fresh fillet of cod per kg,Euro,15.993
National Average Price,2013 April,Fresh salmon per kg,Euro,17.106
National Average Price,2013 April,Fresh fillet of plaice per kg,Euro,18.391
National Average Price,2013 April,Fresh hake per kg,Euro,
National Average Price,2013 April,Smoked salmon per kg,Euro,27.799
National Average Price,2013 April,Full fat milk per 2 litre,Euro,1.772
National Average Price,2013 April,Low fat milk per 1 litre,Euro,1.049
National Average Price,2013 April,Irish cheddar per kg,Euro,10.626
National Average Price,2013 April,Large eggs per half dozen,Euro,1.893
National Average Price,2013 April,Medium eggs per half dozen,Euro,1.643
National Average Price,2013 April,Butter per lb,Euro,2.741
National Average Price,2013 April,Grapes per kg,Euro,5.695
National Average Price,2013 April,Bananas per kg,Euro,1.375
National Average Price,2013 April,Tomatoes per kg,Euro,3.048
National Average Price,2013 April,Onions per kg,Euro,1.157
National Average Price,2013 April,Broccoli per kg,Euro,3.284
National Average Price,2013 April,Carrots per kg,Euro,1.319
National Average Price,2013 April,Mushrooms per kg,Euro,4.586
National Average Price,2013 April,Tomatoes tinned per 400g,Euro,0.884
National Average Price,2013 April,Potatoes 2.5 kg,Euro,3.81
National Average Price,2013 April,Potatoes 7.5 kg,Euro,
National Average Price,2013 April,Potatoes 10 kg,Euro,9.682
National Average Price,2013 April,White granulated sugar per 1 kg,Euro,1.342
National Average Price,2013 April,Jam per lb,Euro,2.042
National Average Price,2013 April,Marmalade per lb,Euro,1.923
National Average Price,2013 April,Tea bags per 80,Euro,2.88
National Average Price,2013 April,Orange juice per litre,Euro,1.561
National Average Price,2013 April,Whiskey - take home (70cl bottle),Euro,24.055
National Average Price,2013 April,Brandy - take home (70cl bottle),Euro,26.551
National Average Price,2013 April,Vodka - take home (70cl bottle),Euro,18.452
National Average Price,2013 April,Cream liqueur - take home (70cl bottle),Euro,15.153
National Average Price,2013 April,Wine - take home (75cl bottle),Euro,9.949
National Average Price,2013 April,Cider - take home (50cl can),Euro,2.212
National Average Price,2013 April,Sherry - take home (75cl bottle),Euro,13.131
National Average Price,2013 April,Lager - take home (50cl can),Euro,1.862
National Average Price,2013 April,Stout - take home (50cl can),Euro,2.19
National Average Price,2013 April,Filtered cigarettes per 20 pk,Euro,9.285
National Average Price,2013 April,Stout - draught bar (1 pint),Euro,4.163
National Average Price,2013 April,Lager - draught bar (1 pint),Euro,4.538
National Average Price,2013 April,Lager - bar (33cl bottle),Euro,4.495
National Average Price,2013 April,Cider - draught bar (1 pint),Euro,4.585
National Average Price,2013 April,Ale - draught bar (1 pint),Euro,4.192
National Average Price,2013 April,Cider - bar (33cl bottle),Euro,4.607
National Average Price,2013 April,Flavoured alcoholic drink - bar (275ml bottle),Euro,5.23
National Average Price,2013 April,Whiskey - bar (single) per ½ glass,Euro,3.883
National Average Price,2013 April,Brandy - bar (single) per ½ glass,Euro,4.429
National Average Price,2013 April,Vodka - bar (single) per ½ glass,Euro,3.937
National Average Price,2013 April,Wine - bar (187ml bottle),Euro,5.087
National Average Price,2013 April,Diesel per litre,Euro,1.541
National Average Price,2013 April,Petrol - unleaded per litre,Euro,1.618
National Average Price,2013 April,Cinema fee,Euro,8.96
National Average Price,2013 April,Nightclubs fee,Euro,9.282
National Average Price,2013 April,Gent's dry cut fee,Euro,11.841
National Average Price,2013 April,"Gent's wash, cut, and blow dry fee",Euro,18.089
National Average Price,2013 April,"Ladies' wash, cut and blow dry fee",Euro,36.583
National Average Price,2013 May,"White, self raising flour per 2 kg",Euro,2.36
National Average Price,2013 May,"Brown, wholemeal flour per 2 kg",Euro,2.948
National Average Price,2013 May,"Bread, white sliced pan, large (800g)",Euro,1.302
National Average Price,2013 May,"Bread, brown sliced pan, large (800g)",Euro,1.539
National Average Price,2013 May,Spaghetti per 500g,Euro,1.1
National Average Price,2013 May,Sirloin steak per kg,Euro,15.89
National Average Price,2013 May,Striploin steak per kg,Euro,22.445
National Average Price,2013 May,Roast beef - topside or rib per kg,Euro,12.664
National Average Price,2013 May,Sliced / diced beef pieces per kg,Euro,10.284
National Average Price,2013 May,Pork loin chops per kg,Euro,8.249
National Average Price,2013 May,Pork steak per kg,Euro,9.535
National Average Price,2013 May,Lamb - whole leg / half leg per kg,Euro,11.756
National Average Price,2013 May,Lamb loin chops per kg,Euro,17.783
National Average Price,2013 May,Lamb gigot chops per kg,Euro,13.216
National Average Price,2013 May,Uncooked chicken medium size 1.6kg,Euro,5.917
National Average Price,2013 May,Lamb's liver per kg,Euro,5.854
National Average Price,2013 May,Ham fillet per kg,Euro,6.036
National Average Price,2013 May,Cooked ham per kg,Euro,17.55
National Average Price,2013 May,Best back rashers per kg,Euro,11.036
National Average Price,2013 May,Pork sausages per kg,Euro,6.166
National Average Price,2013 May,Fresh fillet of whiting per kg,Euro,10.822
National Average Price,2013 May,Fresh fillet of cod per kg,Euro,14.67
National Average Price,2013 May,Fresh salmon per kg,Euro,17.648
National Average Price,2013 May,Fresh fillet of plaice per kg,Euro,16.937
National Average Price,2013 May,Fresh hake per kg,Euro,
National Average Price,2013 May,Smoked salmon per kg,Euro,27.896
National Average Price,2013 May,Full fat milk per 2 litre,Euro,1.767
National Average Price,2013 May,Low fat milk per 1 litre,Euro,1.042
National Average Price,2013 May,Irish cheddar per kg,Euro,10.999
National Average Price,2013 May,Large eggs per half dozen,Euro,1.893
National Average Price,2013 May,Medium eggs per half dozen,Euro,1.631
National Average Price,2013 May,Butter per lb,Euro,2.718
National Average Price,2013 May,Grapes per kg,Euro,5.704
National Average Price,2013 May,Bananas per kg,Euro,1.377
National Average Price,2013 May,Tomatoes per kg,Euro,2.924
National Average Price,2013 May,Onions per kg,Euro,1.179
National Average Price,2013 May,Broccoli per kg,Euro,3.286
National Average Price,2013 May,Carrots per kg,Euro,1.319
National Average Price,2013 May,Mushrooms per kg,Euro,4.804
National Average Price,2013 May,Tomatoes tinned per 400g,Euro,0.912
National Average Price,2013 May,Potatoes 2.5 kg,Euro,3.976
National Average Price,2013 May,Potatoes 7.5 kg,Euro,
National Average Price,2013 May,Potatoes 10 kg,Euro,10.267
National Average Price,2013 May,White granulated sugar per 1 kg,Euro,1.344
National Average Price,2013 May,Jam per lb,Euro,1.962
National Average Price,2013 May,Marmalade per lb,Euro,1.865
National Average Price,2013 May,Tea bags per 80,Euro,2.834
National Average Price,2013 May,Orange juice per litre,Euro,1.547
National Average Price,2013 May,Whiskey - take home (70cl bottle),Euro,23.565
National Average Price,2013 May,Brandy - take home (70cl bottle),Euro,28.131
National Average Price,2013 May,Vodka - take home (70cl bottle),Euro,18.948
National Average Price,2013 May,Cream liqueur - take home (70cl bottle),Euro,15.145
National Average Price,2013 May,Wine - take home (75cl bottle),Euro,9.962
National Average Price,2013 May,Cider - take home (50cl can),Euro,2.215
National Average Price,2013 May,Sherry - take home (75cl bottle),Euro,13.29
National Average Price,2013 May,Lager - take home (50cl can),Euro,1.858
National Average Price,2013 May,Stout - take home (50cl can),Euro,2.154
National Average Price,2013 May,Filtered cigarettes per 20 pk,Euro,9.319
National Average Price,2013 May,Stout - draught bar (1 pint),Euro,4.163
National Average Price,2013 May,Lager - draught bar (1 pint),Euro,4.536
National Average Price,2013 May,Lager - bar (33cl bottle),Euro,4.492
National Average Price,2013 May,Cider - draught bar (1 pint),Euro,4.581
National Average Price,2013 May,Ale - draught bar (1 pint),Euro,4.19
National Average Price,2013 May,Cider - bar (33cl bottle),Euro,4.607
National Average Price,2013 May,Flavoured alcoholic drink - bar (275ml bottle),Euro,5.238
National Average Price,2013 May,Whiskey - bar (single) per ½ glass,Euro,3.886
National Average Price,2013 May,Brandy - bar (single) per ½ glass,Euro,4.436
National Average Price,2013 May,Vodka - bar (single) per ½ glass,Euro,3.94
National Average Price,2013 May,Wine - bar (187ml bottle),Euro,5.099
National Average Price,2013 May,Diesel per litre,Euro,1.489
National Average Price,2013 May,Petrol - unleaded per litre,Euro,1.575
National Average Price,2013 May,Cinema fee,Euro,8.963
National Average Price,2013 May,Nightclubs fee,Euro,9.393
National Average Price,2013 May,Gent's dry cut fee,Euro,11.893
National Average Price,2013 May,"Gent's wash, cut, and blow dry fee",Euro,18.078
National Average Price,2013 May,"Ladies' wash, cut and blow dry fee",Euro,36.45
National Average Price,2013 June,"White, self raising flour per 2 kg",Euro,2.363
National Average Price,2013 June,"Brown, wholemeal flour per 2 kg",Euro,2.945
National Average Price,2013 June,"Bread, white sliced pan, large (800g)",Euro,1.298
National Average Price,2013 June,"Bread, brown sliced pan, large (800g)",Euro,1.526
National Average Price,2013 June,Spaghetti per 500g,Euro,1.133
National Average Price,2013 June,Sirloin steak per kg,Euro,16.982
National Average Price,2013 June,Striploin steak per kg,Euro,22.628
National Average Price,2013 June,Roast beef - topside or rib per kg,Euro,12.534
National Average Price,2013 June,Sliced / diced beef pieces per kg,Euro,10.333
National Average Price,2013 June,Pork loin chops per kg,Euro,8.538
National Average Price,2013 June,Pork steak per kg,Euro,9.587
National Average Price,2013 June,Lamb - whole leg / half leg per kg,Euro,12.239
National Average Price,2013 June,Lamb loin chops per kg,Euro,18.084
National Average Price,2013 June,Lamb gigot chops per kg,Euro,12.658
National Average Price,2013 June,Uncooked chicken medium size 1.6kg,Euro,6.062
National Average Price,2013 June,Lamb's liver per kg,Euro,5.874
National Average Price,2013 June,Ham fillet per kg,Euro,6.045
National Average Price,2013 June,Cooked ham per kg,Euro,17.461
National Average Price,2013 June,Best back rashers per kg,Euro,10.897
National Average Price,2013 June,Pork sausages per kg,Euro,6.152
National Average Price,2013 June,Fresh fillet of whiting per kg,Euro,10.778
National Average Price,2013 June,Fresh fillet of cod per kg,Euro,15.514
National Average Price,2013 June,Fresh salmon per kg,Euro,18.019
National Average Price,2013 June,Fresh fillet of plaice per kg,Euro,17.026
National Average Price,2013 June,Fresh hake per kg,Euro,
National Average Price,2013 June,Smoked salmon per kg,Euro,29.178
National Average Price,2013 June,Full fat milk per 2 litre,Euro,1.862
National Average Price,2013 June,Low fat milk per 1 litre,Euro,1.077
National Average Price,2013 June,Irish cheddar per kg,Euro,11.125
National Average Price,2013 June,Large eggs per half dozen,Euro,1.893
National Average Price,2013 June,Medium eggs per half dozen,Euro,1.541
National Average Price,2013 June,Butter per lb,Euro,2.742
National Average Price,2013 June,Grapes per kg,Euro,5.521
National Average Price,2013 June,Bananas per kg,Euro,1.374
National Average Price,2013 June,Tomatoes per kg,Euro,3.025
National Average Price,2013 June,Onions per kg,Euro,1.201
National Average Price,2013 June,Broccoli per kg,Euro,3.366
National Average Price,2013 June,Carrots per kg,Euro,1.306
National Average Price,2013 June,Mushrooms per kg,Euro,4.828
National Average Price,2013 June,Tomatoes tinned per 400g,Euro,0.893
National Average Price,2013 June,Potatoes 2.5 kg,Euro,4.051
National Average Price,2013 June,Potatoes 7.5 kg,Euro,
National Average Price,2013 June,Potatoes 10 kg,Euro,10.414
National Average Price,2013 June,White granulated sugar per 1 kg,Euro,1.345
National Average Price,2013 June,Jam per lb,Euro,1.987
National Average Price,2013 June,Marmalade per lb,Euro,1.866
National Average Price,2013 June,Tea bags per 80,Euro,2.835
National Average Price,2013 June,Orange juice per litre,Euro,1.603
National Average Price,2013 June,Whiskey - take home (70cl bottle),Euro,23.918
National Average Price,2013 June,Brandy - take home (70cl bottle),Euro,27.727
National Average Price,2013 June,Vodka - take home (70cl bottle),Euro,18.687
National Average Price,2013 June,Cream liqueur - take home (70cl bottle),Euro,14.482
National Average Price,2013 June,Wine - take home (75cl bottle),Euro,10.111
National Average Price,2013 June,Cider - take home (50cl can),Euro,2.209
National Average Price,2013 June,Sherry - take home (75cl bottle),Euro,13.416
National Average Price,2013 June,Lager - take home (50cl can),Euro,1.813
National Average Price,2013 June,Stout - take home (50cl can),Euro,2.156
National Average Price,2013 June,Filtered cigarettes per 20 pk,Euro,9.337
National Average Price,2013 June,Stout - draught bar (1 pint),Euro,4.163
National Average Price,2013 June,Lager - draught bar (1 pint),Euro,4.536
National Average Price,2013 June,Lager - bar (33cl bottle),Euro,4.491
National Average Price,2013 June,Cider - draught bar (1 pint),Euro,4.59
National Average Price,2013 June,Ale - draught bar (1 pint),Euro,4.192
National Average Price,2013 June,Cider - bar (33cl bottle),Euro,4.606
National Average Price,2013 June,Flavoured alcoholic drink - bar (275ml bottle),Euro,5.23
National Average Price,2013 June,Whiskey - bar (single) per ½ glass,Euro,3.894
National Average Price,2013 June,Brandy - bar (single) per ½ glass,Euro,4.445
National Average Price,2013 June,Vodka - bar (single) per ½ glass,Euro,3.937
National Average Price,2013 June,Wine - bar (187ml bottle),Euro,5.1
National Average Price,2013 June,Diesel per litre,Euro,1.477
National Average Price,2013 June,Petrol - unleaded per litre,Euro,1.57
National Average Price,2013 June,Cinema fee,Euro,8.987
National Average Price,2013 June,Nightclubs fee,Euro,9.524
National Average Price,2013 June,Gent's dry cut fee,Euro,11.846
National Average Price,2013 June,"Gent's wash, cut, and blow dry fee",Euro,17.92
National Average Price,2013 June,"Ladies' wash, cut and blow dry fee",Euro,36.33
National Average Price,2013 July,"White, self raising flour per 2 kg",Euro,2.337
National Average Price,2013 July,"Brown, wholemeal flour per 2 kg",Euro,2.867
National Average Price,2013 July,"Bread, white sliced pan, large (800g)",Euro,1.308
National Average Price,2013 July,"Bread, brown sliced pan, large (800g)",Euro,1.519
National Average Price,2013 July,Spaghetti per 500g,Euro,1.091
National Average Price,2013 July,Sirloin steak per kg,Euro,16.748
National Average Price,2013 July,Striploin steak per kg,Euro,23.094
National Average Price,2013 July,Roast beef - topside or rib per kg,Euro,12.65
National Average Price,2013 July,Sliced / diced beef pieces per kg,Euro,10.415
National Average Price,2013 July,Pork loin chops per kg,Euro,8.882
National Average Price,2013 July,Pork steak per kg,Euro,9.669
National Average Price,2013 July,Lamb - whole leg / half leg per kg,Euro,11.202
National Average Price,2013 July,Lamb loin chops per kg,Euro,18.383
National Average Price,2013 July,Lamb gigot chops per kg,Euro,12.865
National Average Price,2013 July,Uncooked chicken medium size 1.6kg,Euro,5.976
National Average Price,2013 July,Lamb's liver per kg,Euro,5.915
National Average Price,2013 July,Ham fillet per kg,Euro,5.851
National Average Price,2013 July,Cooked ham per kg,Euro,17.933
National Average Price,2013 July,Best back rashers per kg,Euro,10.817
National Average Price,2013 July,Pork sausages per kg,Euro,6.22
National Average Price,2013 July,Fresh fillet of whiting per kg,Euro,10.957
National Average Price,2013 July,Fresh fillet of cod per kg,Euro,16.098
National Average Price,2013 July,Fresh salmon per kg,Euro,18.131
National Average Price,2013 July,Fresh fillet of plaice per kg,Euro,17.894
National Average Price,2013 July,Fresh hake per kg,Euro,
National Average Price,2013 July,Smoked salmon per kg,Euro,28.815
National Average Price,2013 July,Full fat milk per 2 litre,Euro,1.859
National Average Price,2013 July,Low fat milk per 1 litre,Euro,1.081
National Average Price,2013 July,Irish cheddar per kg,Euro,11.342
National Average Price,2013 July,Large eggs per half dozen,Euro,1.901
National Average Price,2013 July,Medium eggs per half dozen,Euro,1.611
National Average Price,2013 July,Butter per lb,Euro,2.739
National Average Price,2013 July,Grapes per kg,Euro,5.325
National Average Price,2013 July,Bananas per kg,Euro,1.376
National Average Price,2013 July,Tomatoes per kg,Euro,3.079
National Average Price,2013 July,Onions per kg,Euro,1.199
National Average Price,2013 July,Broccoli per kg,Euro,3.417
National Average Price,2013 July,Carrots per kg,Euro,1.358
National Average Price,2013 July,Mushrooms per kg,Euro,4.914
National Average Price,2013 July,Tomatoes tinned per 400g,Euro,0.891
National Average Price,2013 July,Potatoes 2.5 kg,Euro,4.055
National Average Price,2013 July,Potatoes 7.5 kg,Euro,
National Average Price,2013 July,Potatoes 10 kg,Euro,10.498
National Average Price,2013 July,White granulated sugar per 1 kg,Euro,1.345
National Average Price,2013 July,Jam per lb,Euro,1.844
National Average Price,2013 July,Marmalade per lb,Euro,1.845
National Average Price,2013 July,Tea bags per 80,Euro,2.81
National Average Price,2013 July,Orange juice per litre,Euro,1.594
National Average Price,2013 July,Whiskey - take home (70cl bottle),Euro,24.36
National Average Price,2013 July,Brandy - take home (70cl bottle),Euro,27.929
National Average Price,2013 July,Vodka - take home (70cl bottle),Euro,19.332
National Average Price,2013 July,Cream liqueur - take home (70cl bottle),Euro,15.579
National Average Price,2013 July,Wine - take home (75cl bottle),Euro,10.144
National Average Price,2013 July,Cider - take home (50cl can),Euro,2.196
National Average Price,2013 July,Sherry - take home (75cl bottle),Euro,13.472
National Average Price,2013 July,Lager - take home (50cl can),Euro,1.903
National Average Price,2013 July,Stout - take home (50cl can),Euro,2.152
National Average Price,2013 July,Filtered cigarettes per 20 pk,Euro,9.341
National Average Price,2013 July,Stout - draught bar (1 pint),Euro,4.164
National Average Price,2013 July,Lager - draught bar (1 pint),Euro,4.538
National Average Price,2013 July,Lager - bar (33cl bottle),Euro,4.491
National Average Price,2013 July,Cider - draught bar (1 pint),Euro,4.589
National Average Price,2013 July,Ale - draught bar (1 pint),Euro,4.201
National Average Price,2013 July,Cider - bar (33cl bottle),Euro,4.608
National Average Price,2013 July,Flavoured alcoholic drink - bar (275ml bottle),Euro,5.215
National Average Price,2013 July,Whiskey - bar (single) per ½ glass,Euro,3.894
National Average Price,2013 July,Brandy - bar (single) per ½ glass,Euro,4.446
National Average Price,2013 July,Vodka - bar (single) per ½ glass,Euro,3.937
National Average Price,2013 July,Wine - bar (187ml bottle),Euro,5.096
National Average Price,2013 July,Diesel per litre,Euro,1.483
National Average Price,2013 July,Petrol - unleaded per litre,Euro,1.577
National Average Price,2013 July,Cinema fee,Euro,9.024
National Average Price,2013 July,Nightclubs fee,Euro,9.609
National Average Price,2013 July,Gent's dry cut fee,Euro,11.754
National Average Price,2013 July,"Gent's wash, cut, and blow dry fee",Euro,17.865
National Average Price,2013 July,"Ladies' wash, cut and blow dry fee",Euro,36.479
National Average Price,2013 August,"White, self raising flour per 2 kg",Euro,2.37
National Average Price,2013 August,"Brown, wholemeal flour per 2 kg",Euro,2.983
National Average Price,2013 August,"Bread, white sliced pan, large (800g)",Euro,1.308
National Average Price,2013 August,"Bread, brown sliced pan, large (800g)",Euro,1.523
National Average Price,2013 August,Spaghetti per 500g,Euro,1.129
National Average Price,2013 August,Sirloin steak per kg,Euro,16.722
National Average Price,2013 August,Striploin steak per kg,Euro,22.925
National Average Price,2013 August,Roast beef - topside or rib per kg,Euro,13.07
National Average Price,2013 August,Sliced / diced beef pieces per kg,Euro,9.887
National Average Price,2013 August,Pork loin chops per kg,Euro,8.625
National Average Price,2013 August,Pork steak per kg,Euro,9.738
National Average Price,2013 August,Lamb - whole leg / half leg per kg,Euro,11.272
National Average Price,2013 August,Lamb loin chops per kg,Euro,18.98
National Average Price,2013 August,Lamb gigot chops per kg,Euro,12.941
National Average Price,2013 August,Uncooked chicken medium size 1.6kg,Euro,5.754
National Average Price,2013 August,Lamb's liver per kg,Euro,6.031
National Average Price,2013 August,Ham fillet per kg,Euro,5.881
National Average Price,2013 August,Cooked ham per kg,Euro,17.968
National Average Price,2013 August,Best back rashers per kg,Euro,10.889
National Average Price,2013 August,Pork sausages per kg,Euro,5.967
National Average Price,2013 August,Fresh fillet of whiting per kg,Euro,10.052
National Average Price,2013 August,Fresh fillet of cod per kg,Euro,15.673
National Average Price,2013 August,Fresh salmon per kg,Euro,18.27
National Average Price,2013 August,Fresh fillet of plaice per kg,Euro,18.704
National Average Price,2013 August,Fresh hake per kg,Euro,
National Average Price,2013 August,Smoked salmon per kg,Euro,28.589
National Average Price,2013 August,Full fat milk per 2 litre,Euro,1.833
National Average Price,2013 August,Low fat milk per 1 litre,Euro,1.078
National Average Price,2013 August,Irish cheddar per kg,Euro,10.979
National Average Price,2013 August,Large eggs per half dozen,Euro,1.896
National Average Price,2013 August,Medium eggs per half dozen,Euro,1.613
National Average Price,2013 August,Butter per lb,Euro,2.742
National Average Price,2013 August,Grapes per kg,Euro,5.355
National Average Price,2013 August,Bananas per kg,Euro,1.38
National Average Price,2013 August,Tomatoes per kg,Euro,3.132
National Average Price,2013 August,Onions per kg,Euro,1.19
National Average Price,2013 August,Broccoli per kg,Euro,3.274
National Average Price,2013 August,Carrots per kg,Euro,1.212
National Average Price,2013 August,Mushrooms per kg,Euro,4.954
National Average Price,2013 August,Tomatoes tinned per 400g,Euro,0.875
National Average Price,2013 August,Potatoes 2.5 kg,Euro,4.002
National Average Price,2013 August,Potatoes 7.5 kg,Euro,
National Average Price,2013 August,Potatoes 10 kg,Euro,9.779
National Average Price,2013 August,White granulated sugar per 1 kg,Euro,1.337
National Average Price,2013 August,Jam per lb,Euro,2.013
National Average Price,2013 August,Marmalade per lb,Euro,1.902
National Average Price,2013 August,Tea bags per 80,Euro,2.786
National Average Price,2013 August,Orange juice per litre,Euro,1.576
National Average Price,2013 August,Whiskey - take home (70cl bottle),Euro,23.617
National Average Price,2013 August,Brandy - take home (70cl bottle),Euro,27.668
National Average Price,2013 August,Vodka - take home (70cl bottle),Euro,18.458
National Average Price,2013 August,Cream liqueur - take home (70cl bottle),Euro,16.118
National Average Price,2013 August,Wine - take home (75cl bottle),Euro,9.926
National Average Price,2013 August,Cider - take home (50cl can),Euro,2.191
National Average Price,2013 August,Sherry - take home (75cl bottle),Euro,12.895
National Average Price,2013 August,Lager - take home (50cl can),Euro,1.896
National Average Price,2013 August,Stout - take home (50cl can),Euro,2.168
National Average Price,2013 August,Filtered cigarettes per 20 pk,Euro,9.346
National Average Price,2013 August,Stout - draught bar (1 pint),Euro,4.172
National Average Price,2013 August,Lager - draught bar (1 pint),Euro,4.551
National Average Price,2013 August,Lager - bar (33cl bottle),Euro,4.509
National Average Price,2013 August,Cider - draught bar (1 pint),Euro,4.608
National Average Price,2013 August,Ale - draught bar (1 pint),Euro,4.207
National Average Price,2013 August,Cider - bar (33cl bottle),Euro,4.628
National Average Price,2013 August,Flavoured alcoholic drink - bar (275ml bottle),Euro,5.23
National Average Price,2013 August,Whiskey - bar (single) per ½ glass,Euro,3.906
National Average Price,2013 August,Brandy - bar (single) per ½ glass,Euro,4.454
National Average Price,2013 August,Vodka - bar (single) per ½ glass,Euro,3.946
National Average Price,2013 August,Wine - bar (187ml bottle),Euro,5.096
National Average Price,2013 August,Diesel per litre,Euro,1.496
National Average Price,2013 August,Petrol - unleaded per litre,Euro,1.595
National Average Price,2013 August,Cinema fee,Euro,9.025
National Average Price,2013 August,Nightclubs fee,Euro,9.538
National Average Price,2013 August,Gent's dry cut fee,Euro,11.562
National Average Price,2013 August,"Gent's wash, cut, and blow dry fee",Euro,17.674
National Average Price,2013 August,"Ladies' wash, cut and blow dry fee",Euro,36.428
National Average Price,2013 September,"White, self raising flour per 2 kg",Euro,2.388
National Average Price,2013 September,"Brown, wholemeal flour per 2 kg",Euro,3.003
National Average Price,2013 September,"Bread, white sliced pan, large (800g)",Euro,1.313
National Average Price,2013 September,"Bread, brown sliced pan, large (800g)",Euro,1.535
National Average Price,2013 September,Spaghetti per 500g,Euro,1.09
National Average Price,2013 September,Sirloin steak per kg,Euro,16.69
National Average Price,2013 September,Striploin steak per kg,Euro,23.217
National Average Price,2013 September,Roast beef - topside or rib per kg,Euro,12.522
National Average Price,2013 September,Sliced / diced beef pieces per kg,Euro,9.785
National Average Price,2013 September,Pork loin chops per kg,Euro,8.547
National Average Price,2013 September,Pork steak per kg,Euro,9.504
National Average Price,2013 September,Lamb - whole leg / half leg per kg,Euro,11.653
National Average Price,2013 September,Lamb loin chops per kg,Euro,18.569
National Average Price,2013 September,Lamb gigot chops per kg,Euro,12.886
National Average Price,2013 September,Uncooked chicken medium size 1.6kg,Euro,5.941
National Average Price,2013 September,Lamb's liver per kg,Euro,5.92
National Average Price,2013 September,Ham fillet per kg,Euro,5.885
National Average Price,2013 September,Cooked ham per kg,Euro,17.637
National Average Price,2013 September,Best back rashers per kg,Euro,10.645
National Average Price,2013 September,Pork sausages per kg,Euro,6.007
National Average Price,2013 September,Fresh fillet of whiting per kg,Euro,10.788
National Average Price,2013 September,Fresh fillet of cod per kg,Euro,16.927
National Average Price,2013 September,Fresh salmon per kg,Euro,18.189
National Average Price,2013 September,Fresh fillet of plaice per kg,Euro,17.718
National Average Price,2013 September,Fresh hake per kg,Euro,
National Average Price,2013 September,Smoked salmon per kg,Euro,28.482
National Average Price,2013 September,Full fat milk per 2 litre,Euro,1.835
National Average Price,2013 September,Low fat milk per 1 litre,Euro,1.08
National Average Price,2013 September,Irish cheddar per kg,Euro,10.694
National Average Price,2013 September,Large eggs per half dozen,Euro,1.886
National Average Price,2013 September,Medium eggs per half dozen,Euro,1.617
National Average Price,2013 September,Butter per lb,Euro,2.784
National Average Price,2013 September,Grapes per kg,Euro,5.529
National Average Price,2013 September,Bananas per kg,Euro,1.378
National Average Price,2013 September,Tomatoes per kg,Euro,3.019
National Average Price,2013 September,Onions per kg,Euro,1.194
National Average Price,2013 September,Broccoli per kg,Euro,3.281
National Average Price,2013 September,Carrots per kg,Euro,1.319
National Average Price,2013 September,Mushrooms per kg,Euro,4.751
National Average Price,2013 September,Tomatoes tinned per 400g,Euro,0.882
National Average Price,2013 September,Potatoes 2.5 kg,Euro,3.757
National Average Price,2013 September,Potatoes 7.5 kg,Euro,
National Average Price,2013 September,Potatoes 10 kg,Euro,9.225
National Average Price,2013 September,White granulated sugar per 1 kg,Euro,1.343
National Average Price,2013 September,Jam per lb,Euro,1.947
National Average Price,2013 September,Marmalade per lb,Euro,1.853
National Average Price,2013 September,Tea bags per 80,Euro,2.773
National Average Price,2013 September,Orange juice per litre,Euro,1.563
National Average Price,2013 September,Whiskey - take home (70cl bottle),Euro,24.089
National Average Price,2013 September,Brandy - take home (70cl bottle),Euro,27.274
National Average Price,2013 September,Vodka - take home (70cl bottle),Euro,19.109
National Average Price,2013 September,Cream liqueur - take home (70cl bottle),Euro,15.425
National Average Price,2013 September,Wine - take home (75cl bottle),Euro,9.686
National Average Price,2013 September,Cider - take home (50cl can),Euro,2.202
National Average Price,2013 September,Sherry - take home (75cl bottle),Euro,13.351
National Average Price,2013 September,Lager - take home (50cl can),Euro,1.898
National Average Price,2013 September,Stout - take home (50cl can),Euro,2.159
National Average Price,2013 September,Filtered cigarettes per 20 pk,Euro,9.346
National Average Price,2013 September,Stout - draught bar (1 pint),Euro,4.167
National Average Price,2013 September,Lager - draught bar (1 pint),Euro,4.538
National Average Price,2013 September,Lager - bar (33cl bottle),Euro,4.496
National Average Price,2013 September,Cider - draught bar (1 pint),Euro,4.599
National Average Price,2013 September,Ale - draught bar (1 pint),Euro,4.198
National Average Price,2013 September,Cider - bar (33cl bottle),Euro,4.622
National Average Price,2013 September,Flavoured alcoholic drink - bar (275ml bottle),Euro,5.222
National Average Price,2013 September,Whiskey - bar (single) per ½ glass,Euro,3.905
National Average Price,2013 September,Brandy - bar (single) per ½ glass,Euro,4.445
National Average Price,2013 September,Vodka - bar (single) per ½ glass,Euro,3.952
National Average Price,2013 September,Wine - bar (187ml bottle),Euro,5.084
National Average Price,2013 September,Diesel per litre,Euro,1.522
National Average Price,2013 September,Petrol - unleaded per litre,Euro,1.609
National Average Price,2013 September,Cinema fee,Euro,9.078
National Average Price,2013 September,Nightclubs fee,Euro,9.526
National Average Price,2013 September,Gent's dry cut fee,Euro,11.602
National Average Price,2013 September,"Gent's wash, cut, and blow dry fee",Euro,17.584
National Average Price,2013 September,"Ladies' wash, cut and blow dry fee",Euro,36.751
National Average Price,2013 October,"White, self raising flour per 2 kg",Euro,2.25
National Average Price,2013 October,"Brown, wholemeal flour per 2 kg",Euro,2.971
National Average Price,2013 October,"Bread, white sliced pan, large (800g)",Euro,1.304
National Average Price,2013 October,"Bread, brown sliced pan, large (800g)",Euro,1.561
National Average Price,2013 October,Spaghetti per 500g,Euro,1.131
National Average Price,2013 October,Sirloin steak per kg,Euro,16.634
National Average Price,2013 October,Striploin steak per kg,Euro,23.267
National Average Price,2013 October,Roast beef - topside or rib per kg,Euro,12.95
National Average Price,2013 October,Sliced / diced beef pieces per kg,Euro,10.419
National Average Price,2013 October,Pork loin chops per kg,Euro,8.751
National Average Price,2013 October,Pork steak per kg,Euro,9.688
National Average Price,2013 October,Lamb - whole leg / half leg per kg,Euro,12.085
National Average Price,2013 October,Lamb loin chops per kg,Euro,18.667
National Average Price,2013 October,Lamb gigot chops per kg,Euro,12.963
National Average Price,2013 October,Uncooked chicken medium size 1.6kg,Euro,5.767
National Average Price,2013 October,Lamb's liver per kg,Euro,5.969
National Average Price,2013 October,Ham fillet per kg,Euro,5.908
National Average Price,2013 October,Cooked ham per kg,Euro,17.988
National Average Price,2013 October,Best back rashers per kg,Euro,10.775
National Average Price,2013 October,Pork sausages per kg,Euro,5.933
National Average Price,2013 October,Fresh fillet of whiting per kg,Euro,10.429
National Average Price,2013 October,Fresh fillet of cod per kg,Euro,16.227
National Average Price,2013 October,Fresh salmon per kg,Euro,17.898
National Average Price,2013 October,Fresh fillet of plaice per kg,Euro,17.035
National Average Price,2013 October,Fresh hake per kg,Euro,
National Average Price,2013 October,Smoked salmon per kg,Euro,28.363
National Average Price,2013 October,Full fat milk per 2 litre,Euro,1.832
National Average Price,2013 October,Low fat milk per 1 litre,Euro,1.082
National Average Price,2013 October,Irish cheddar per kg,Euro,10.869
National Average Price,2013 October,Large eggs per half dozen,Euro,1.867
National Average Price,2013 October,Medium eggs per half dozen,Euro,1.626
National Average Price,2013 October,Butter per lb,Euro,2.783
National Average Price,2013 October,Grapes per kg,Euro,5.293
National Average Price,2013 October,Bananas per kg,Euro,1.373
National Average Price,2013 October,Tomatoes per kg,Euro,3.028
National Average Price,2013 October,Onions per kg,Euro,1.222
National Average Price,2013 October,Broccoli per kg,Euro,3.057
National Average Price,2013 October,Carrots per kg,Euro,1.262
National Average Price,2013 October,Mushrooms per kg,Euro,4.839
National Average Price,2013 October,Tomatoes tinned per 400g,Euro,0.898
National Average Price,2013 October,Potatoes 2.5 kg,Euro,3.74
National Average Price,2013 October,Potatoes 7.5 kg,Euro,
National Average Price,2013 October,Potatoes 10 kg,Euro,8.797
National Average Price,2013 October,White granulated sugar per 1 kg,Euro,1.342
National Average Price,2013 October,Jam per lb,Euro,1.962
National Average Price,2013 October,Marmalade per lb,Euro,1.917
National Average Price,2013 October,Tea bags per 80,Euro,2.826
National Average Price,2013 October,Orange juice per litre,Euro,1.549
National Average Price,2013 October,Whiskey - take home (70cl bottle),Euro,23.872
National Average Price,2013 October,Brandy - take home (70cl bottle),Euro,27.988
National Average Price,2013 October,Vodka - take home (70cl bottle),Euro,19.983
National Average Price,2013 October,Cream liqueur - take home (70cl bottle),Euro,16.15
National Average Price,2013 October,Wine - take home (75cl bottle),Euro,10.05
National Average Price,2013 October,Cider - take home (50cl can),Euro,2.221
National Average Price,2013 October,Sherry - take home (75cl bottle),Euro,13.56
National Average Price,2013 October,Lager - take home (50cl can),Euro,1.902
National Average Price,2013 October,Stout - take home (50cl can),Euro,2.159
National Average Price,2013 October,Filtered cigarettes per 20 pk,Euro,9.348
National Average Price,2013 October,Stout - draught bar (1 pint),Euro,4.167
National Average Price,2013 October,Lager - draught bar (1 pint),Euro,4.543
National Average Price,2013 October,Lager - bar (33cl bottle),Euro,4.509
National Average Price,2013 October,Cider - draught bar (1 pint),Euro,4.607
National Average Price,2013 October,Ale - draught bar (1 pint),Euro,4.198
National Average Price,2013 October,Cider - bar (33cl bottle),Euro,4.633
National Average Price,2013 October,Flavoured alcoholic drink - bar (275ml bottle),Euro,5.245
National Average Price,2013 October,Whiskey - bar (single) per ½ glass,Euro,3.906
National Average Price,2013 October,Brandy - bar (single) per ½ glass,Euro,4.452
National Average Price,2013 October,Vodka - bar (single) per ½ glass,Euro,3.947
National Average Price,2013 October,Wine - bar (187ml bottle),Euro,5.097
National Average Price,2013 October,Diesel per litre,Euro,1.492
National Average Price,2013 October,Petrol - unleaded per litre,Euro,1.566
National Average Price,2013 October,Cinema fee,Euro,9.071
National Average Price,2013 October,Nightclubs fee,Euro,9.483
National Average Price,2013 October,Gent's dry cut fee,Euro,11.72
National Average Price,2013 October,"Gent's wash, cut, and blow dry fee",Euro,17.566
National Average Price,2013 October,"Ladies' wash, cut and blow dry fee",Euro,36.58
National Average Price,2013 November,"White, self raising flour per 2 kg",Euro,2.212
National Average Price,2013 November,"Brown, wholemeal flour per 2 kg",Euro,2.965
National Average Price,2013 November,"Bread, white sliced pan, large (800g)",Euro,1.309
National Average Price,2013 November,"Bread, brown sliced pan, large (800g)",Euro,1.561
National Average Price,2013 November,Spaghetti per 500g,Euro,1.115
National Average Price,2013 November,Sirloin steak per kg,Euro,16.447
National Average Price,2013 November,Striploin steak per kg,Euro,23.014
National Average Price,2013 November,Roast beef - topside or rib per kg,Euro,13.263
National Average Price,2013 November,Sliced / diced beef pieces per kg,Euro,10.583
National Average Price,2013 November,Pork loin chops per kg,Euro,8.499
National Average Price,2013 November,Pork steak per kg,Euro,9.678
National Average Price,2013 November,Lamb - whole leg / half leg per kg,Euro,11.397
National Average Price,2013 November,Lamb loin chops per kg,Euro,17.152
National Average Price,2013 November,Lamb gigot chops per kg,Euro,11.907
National Average Price,2013 November,Uncooked chicken medium size 1.6kg,Euro,5.9
National Average Price,2013 November,Lamb's liver per kg,Euro,5.911
National Average Price,2013 November,Ham fillet per kg,Euro,6.072
National Average Price,2013 November,Cooked ham per kg,Euro,18.105
National Average Price,2013 November,Best back rashers per kg,Euro,10.707
National Average Price,2013 November,Pork sausages per kg,Euro,5.92
National Average Price,2013 November,Fresh fillet of whiting per kg,Euro,10.058
National Average Price,2013 November,Fresh fillet of cod per kg,Euro,16.712
National Average Price,2013 November,Fresh salmon per kg,Euro,18.354
National Average Price,2013 November,Fresh fillet of plaice per kg,Euro,17.286
National Average Price,2013 November,Fresh hake per kg,Euro,
National Average Price,2013 November,Smoked salmon per kg,Euro,27.538
National Average Price,2013 November,Full fat milk per 2 litre,Euro,1.784
National Average Price,2013 November,Low fat milk per 1 litre,Euro,1.072
National Average Price,2013 November,Irish cheddar per kg,Euro,11.407
National Average Price,2013 November,Large eggs per half dozen,Euro,1.874
National Average Price,2013 November,Medium eggs per half dozen,Euro,1.623
National Average Price,2013 November,Butter per lb,Euro,2.785
National Average Price,2013 November,Grapes per kg,Euro,5.433
National Average Price,2013 November,Bananas per kg,Euro,1.367
National Average Price,2013 November,Tomatoes per kg,Euro,3.053
National Average Price,2013 November,Onions per kg,Euro,1.174
National Average Price,2013 November,Broccoli per kg,Euro,3.265
National Average Price,2013 November,Carrots per kg,Euro,1.32
National Average Price,2013 November,Mushrooms per kg,Euro,4.826
National Average Price,2013 November,Tomatoes tinned per 400g,Euro,0.871
National Average Price,2013 November,Potatoes 2.5 kg,Euro,3.735
National Average Price,2013 November,Potatoes 7.5 kg,Euro,
National Average Price,2013 November,Potatoes 10 kg,Euro,7.98
National Average Price,2013 November,White granulated sugar per 1 kg,Euro,1.34
National Average Price,2013 November,Jam per lb,Euro,2.021
National Average Price,2013 November,Marmalade per lb,Euro,1.95
National Average Price,2013 November,Tea bags per 80,Euro,2.858
National Average Price,2013 November,Orange juice per litre,Euro,1.528
National Average Price,2013 November,Whiskey - take home (70cl bottle),Euro,23.084
National Average Price,2013 November,Brandy - take home (70cl bottle),Euro,26.643
National Average Price,2013 November,Vodka - take home (70cl bottle),Euro,18.993
National Average Price,2013 November,Cream liqueur - take home (70cl bottle),Euro,14.38
National Average Price,2013 November,Wine - take home (75cl bottle),Euro,9.989
National Average Price,2013 November,Cider - take home (50cl can),Euro,2.294
National Average Price,2013 November,Sherry - take home (75cl bottle),Euro,13.034
National Average Price,2013 November,Lager - take home (50cl can),Euro,1.924
National Average Price,2013 November,Stout - take home (50cl can),Euro,2.183
National Average Price,2013 November,Filtered cigarettes per 20 pk,Euro,9.47
National Average Price,2013 November,Stout - draught bar (1 pint),Euro,4.284
National Average Price,2013 November,Lager - draught bar (1 pint),Euro,4.655
National Average Price,2013 November,Lager - bar (33cl bottle),Euro,4.604
National Average Price,2013 November,Cider - draught bar (1 pint),Euro,4.725
National Average Price,2013 November,Ale - draught bar (1 pint),Euro,4.322
National Average Price,2013 November,Cider - bar (33cl bottle),Euro,4.729
National Average Price,2013 November,Flavoured alcoholic drink - bar (275ml bottle),Euro,5.331
National Average Price,2013 November,Whiskey - bar (single) per ½ glass,Euro,4.029
National Average Price,2013 November,Brandy - bar (single) per ½ glass,Euro,4.55
National Average Price,2013 November,Vodka - bar (single) per ½ glass,Euro,4.074
National Average Price,2013 November,Wine - bar (187ml bottle),Euro,5.256
National Average Price,2013 November,Diesel per litre,Euro,1.473
National Average Price,2013 November,Petrol - unleaded per litre,Euro,1.53
National Average Price,2013 November,Cinema fee,Euro,9.063
National Average Price,2013 November,Nightclubs fee,Euro,9.569
National Average Price,2013 November,Gent's dry cut fee,Euro,11.715
National Average Price,2013 November,"Gent's wash, cut, and blow dry fee",Euro,17.543
National Average Price,2013 November,"Ladies' wash, cut and blow dry fee",Euro,36.743
National Average Price,2013 December,"White, self raising flour per 2 kg",Euro,2.286
National Average Price,2013 December,"Brown, wholemeal flour per 2 kg",Euro,2.98
National Average Price,2013 December,"Bread, white sliced pan, large (800g)",Euro,1.299
National Average Price,2013 December,"Bread, brown sliced pan, large (800g)",Euro,1.558
National Average Price,2013 December,Spaghetti per 500g,Euro,1.106
National Average Price,2013 December,Sirloin steak per kg,Euro,16.221
National Average Price,2013 December,Striploin steak per kg,Euro,22.865
National Average Price,2013 December,Roast beef - topside or rib per kg,Euro,13.342
National Average Price,2013 December,Sliced / diced beef pieces per kg,Euro,10.545
National Average Price,2013 December,Pork loin chops per kg,Euro,8.419
National Average Price,2013 December,Pork steak per kg,Euro,9.79
National Average Price,2013 December,Lamb - whole leg / half leg per kg,Euro,11.34
National Average Price,2013 December,Lamb loin chops per kg,Euro,18.393
National Average Price,2013 December,Lamb gigot chops per kg,Euro,12.737
National Average Price,2013 December,Uncooked chicken medium size 1.6kg,Euro,5.79
National Average Price,2013 December,Lamb's liver per kg,Euro,5.812
National Average Price,2013 December,Ham fillet per kg,Euro,6.026
National Average Price,2013 December,Cooked ham per kg,Euro,18.071
National Average Price,2013 December,Best back rashers per kg,Euro,10.678
National Average Price,2013 December,Pork sausages per kg,Euro,5.968
National Average Price,2013 December,Fresh fillet of whiting per kg,Euro,10.899
National Average Price,2013 December,Fresh fillet of cod per kg,Euro,16.425
National Average Price,2013 December,Fresh salmon per kg,Euro,18.589
National Average Price,2013 December,Fresh fillet of plaice per kg,Euro,18.817
National Average Price,2013 December,Fresh hake per kg,Euro,
National Average Price,2013 December,Smoked salmon per kg,Euro,26.935
National Average Price,2013 December,Full fat milk per 2 litre,Euro,1.767
National Average Price,2013 December,Low fat milk per 1 litre,Euro,1.057
National Average Price,2013 December,Irish cheddar per kg,Euro,11.312
National Average Price,2013 December,Large eggs per half dozen,Euro,1.884
National Average Price,2013 December,Medium eggs per half dozen,Euro,1.616
National Average Price,2013 December,Butter per lb,Euro,2.783
National Average Price,2013 December,Grapes per kg,Euro,5.69
National Average Price,2013 December,Bananas per kg,Euro,1.374
National Average Price,2013 December,Tomatoes per kg,Euro,3.151
National Average Price,2013 December,Onions per kg,Euro,1.175
National Average Price,2013 December,Broccoli per kg,Euro,3.369
National Average Price,2013 December,Carrots per kg,Euro,1.319
National Average Price,2013 December,Mushrooms per kg,Euro,4.846
National Average Price,2013 December,Tomatoes tinned per 400g,Euro,0.907
National Average Price,2013 December,Potatoes 2.5 kg,Euro,3.481
National Average Price,2013 December,Potatoes 7.5 kg,Euro,
National Average Price,2013 December,Potatoes 10 kg,Euro,6.484
National Average Price,2013 December,White granulated sugar per 1 kg,Euro,1.343
National Average Price,2013 December,Jam per lb,Euro,2.05
National Average Price,2013 December,Marmalade per lb,Euro,1.889
National Average Price,2013 December,Tea bags per 80,Euro,2.836
National Average Price,2013 December,Orange juice per litre,Euro,1.519
National Average Price,2013 December,Whiskey - take home (70cl bottle),Euro,22.102
National Average Price,2013 December,Brandy - take home (70cl bottle),Euro,26.836
National Average Price,2013 December,Vodka - take home (70cl bottle),Euro,17.652
National Average Price,2013 December,Cream liqueur - take home (70cl bottle),Euro,12.57
National Average Price,2013 December,Wine - take home (75cl bottle),Euro,9.868
National Average Price,2013 December,Cider - take home (50cl can),Euro,2.291
National Average Price,2013 December,Sherry - take home (75cl bottle),Euro,12.621
National Average Price,2013 December,Lager - take home (50cl can),Euro,1.943
National Average Price,2013 December,Stout - take home (50cl can),Euro,2.17
National Average Price,2013 December,Filtered cigarettes per 20 pk,Euro,9.475
National Average Price,2013 December,Stout - draught bar (1 pint),Euro,4.293
National Average Price,2013 December,Lager - draught bar (1 pint),Euro,4.668
National Average Price,2013 December,Lager - bar (33cl bottle),Euro,4.607
National Average Price,2013 December,Cider - draught bar (1 pint),Euro,4.729
National Average Price,2013 December,Ale - draught bar (1 pint),Euro,4.328
National Average Price,2013 December,Cider - bar (33cl bottle),Euro,4.723
National Average Price,2013 December,Flavoured alcoholic drink - bar (275ml bottle),Euro,5.318
National Average Price,2013 December,Whiskey - bar (single) per ½ glass,Euro,4.037
National Average Price,2013 December,Brandy - bar (single) per ½ glass,Euro,4.562
National Average Price,2013 December,Vodka - bar (single) per ½ glass,Euro,4.085
National Average Price,2013 December,Wine - bar (187ml bottle),Euro,5.27
National Average Price,2013 December,Diesel per litre,Euro,1.482
National Average Price,2013 December,Petrol - unleaded per litre,Euro,1.535
National Average Price,2013 December,Cinema fee,Euro,9.082
National Average Price,2013 December,Nightclubs fee,Euro,9.327
National Average Price,2013 December,Gent's dry cut fee,Euro,11.708
National Average Price,2013 December,"Gent's wash, cut, and blow dry fee",Euro,18.255
National Average Price,2013 December,"Ladies' wash, cut and blow dry fee",Euro,38.836
National Average Price,2014 January,"White, self raising flour per 2 kg",Euro,2.308
National Average Price,2014 January,"Brown, wholemeal flour per 2 kg",Euro,2.971
National Average Price,2014 January,"Bread, white sliced pan, large (800g)",Euro,1.289
National Average Price,2014 January,"Bread, brown sliced pan, large (800g)",Euro,1.532
National Average Price,2014 January,Spaghetti per 500g,Euro,1.105
National Average Price,2014 January,Sirloin steak per kg,Euro,16.287
National Average Price,2014 January,Striploin steak per kg,Euro,23.129
National Average Price,2014 January,Roast beef - topside or rib per kg,Euro,13.418
National Average Price,2014 January,Sliced / diced beef pieces per kg,Euro,10.585
National Average Price,2014 January,Pork loin chops per kg,Euro,8.116
National Average Price,2014 January,Pork steak per kg,Euro,9.474
National Average Price,2014 January,Lamb - whole leg / half leg per kg,Euro,11.226
National Average Price,2014 January,Lamb loin chops per kg,Euro,17.792
National Average Price,2014 January,Lamb gigot chops per kg,Euro,12.79
National Average Price,2014 January,Uncooked chicken medium size 1.6kg,Euro,5.707
National Average Price,2014 January,Lamb's liver per kg,Euro,5.812
National Average Price,2014 January,Ham fillet per kg,Euro,6.005
National Average Price,2014 January,Cooked ham per kg,Euro,17.494
National Average Price,2014 January,Best back rashers per kg,Euro,10.51
National Average Price,2014 January,Pork sausages per kg,Euro,5.798
National Average Price,2014 January,Fresh fillet of whiting per kg,Euro,10.954
National Average Price,2014 January,Fresh fillet of cod per kg,Euro,16.181
National Average Price,2014 January,Fresh salmon per kg,Euro,18.86
National Average Price,2014 January,Fresh fillet of plaice per kg,Euro,19.032
National Average Price,2014 January,Fresh hake per kg,Euro,
National Average Price,2014 January,Smoked salmon per kg,Euro,28.173
National Average Price,2014 January,Full fat milk per 2 litre,Euro,1.755
National Average Price,2014 January,Low fat milk per 1 litre,Euro,1.05
National Average Price,2014 January,Irish cheddar per kg,Euro,11.048
National Average Price,2014 January,Large eggs per half dozen,Euro,1.884
National Average Price,2014 January,Medium eggs per half dozen,Euro,1.577
National Average Price,2014 January,Butter per lb,Euro,2.783
National Average Price,2014 January,Grapes per kg,Euro,5.802
National Average Price,2014 January,Bananas per kg,Euro,1.366
National Average Price,2014 January,Tomatoes per kg,Euro,3.126
National Average Price,2014 January,Onions per kg,Euro,1.2
National Average Price,2014 January,Broccoli per kg,Euro,3.322
National Average Price,2014 January,Carrots per kg,Euro,1.327
National Average Price,2014 January,Mushrooms per kg,Euro,4.817
National Average Price,2014 January,Tomatoes tinned per 400g,Euro,0.874
National Average Price,2014 January,Potatoes 2.5 kg,Euro,3.265
National Average Price,2014 January,Potatoes 7.5 kg,Euro,
National Average Price,2014 January,Potatoes 10 kg,Euro,6.7
National Average Price,2014 January,White granulated sugar per 1 kg,Euro,1.337
National Average Price,2014 January,Jam per lb,Euro,1.745
National Average Price,2014 January,Marmalade per lb,Euro,1.879
National Average Price,2014 January,Tea bags per 80,Euro,2.744
National Average Price,2014 January,Orange juice per litre,Euro,1.523
National Average Price,2014 January,Whiskey - take home (70cl bottle),Euro,25.329
National Average Price,2014 January,Brandy - take home (70cl bottle),Euro,29.019
National Average Price,2014 January,Vodka - take home (70cl bottle),Euro,20.753
National Average Price,2014 January,Cream liqueur - take home (70cl bottle),Euro,15.776
National Average Price,2014 January,Wine - take home (75cl bottle),Euro,10.456
National Average Price,2014 January,Cider - take home (50cl can),Euro,2.274
National Average Price,2014 January,Sherry - take home (75cl bottle),Euro,13.75
National Average Price,2014 January,Lager - take home (50cl can),Euro,1.972
National Average Price,2014 January,Stout - take home (50cl can),Euro,2.193
National Average Price,2014 January,Filtered cigarettes per 20 pk,Euro,9.481
National Average Price,2014 January,Stout - draught bar (1 pint),Euro,4.297
National Average Price,2014 January,Lager - draught bar (1 pint),Euro,4.679
National Average Price,2014 January,Lager - bar (33cl bottle),Euro,4.612
National Average Price,2014 January,Cider - draught bar (1 pint),Euro,4.742
National Average Price,2014 January,Ale - draught bar (1 pint),Euro,4.327
National Average Price,2014 January,Cider - bar (33cl bottle),Euro,4.735
National Average Price,2014 January,Flavoured alcoholic drink - bar (275ml bottle),Euro,5.316
National Average Price,2014 January,Whiskey - bar (single) per ½ glass,Euro,4.032
National Average Price,2014 January,Brandy - bar (single) per ½ glass,Euro,4.561
National Average Price,2014 January,Vodka - bar (single) per ½ glass,Euro,4.083
National Average Price,2014 January,Wine - bar (187ml bottle),Euro,5.262
National Average Price,2014 January,Diesel per litre,Euro,1.474
National Average Price,2014 January,Petrol - unleaded per litre,Euro,1.527
National Average Price,2014 January,Cinema fee,Euro,9.083
National Average Price,2014 January,Nightclubs fee,Euro,9.391
National Average Price,2014 January,Gent's dry cut fee,Euro,11.704
National Average Price,2014 January,"Gent's wash, cut, and blow dry fee",Euro,18.292
National Average Price,2014 January,"Ladies' wash, cut and blow dry fee",Euro,39.016
National Average Price,2014 February,"White, self raising flour per 2 kg",Euro,2.338
National Average Price,2014 February,"Brown, wholemeal flour per 2 kg",Euro,2.982
National Average Price,2014 February,"Bread, white sliced pan, large (800g)",Euro,1.299
National Average Price,2014 February,"Bread, brown sliced pan, large (800g)",Euro,1.553
National Average Price,2014 February,Spaghetti per 500g,Euro,1.104
National Average Price,2014 February,Sirloin steak per kg,Euro,15.106
National Average Price,2014 February,Striploin steak per kg,Euro,21.297
National Average Price,2014 February,Roast beef - topside or rib per kg,Euro,13.639
National Average Price,2014 February,Sliced / diced beef pieces per kg,Euro,10.598
National Average Price,2014 February,Pork loin chops per kg,Euro,8.348
National Average Price,2014 February,Pork steak per kg,Euro,9.638
National Average Price,2014 February,Lamb - whole leg / half leg per kg,Euro,11.441
National Average Price,2014 February,Lamb loin chops per kg,Euro,18.969
National Average Price,2014 February,Lamb gigot chops per kg,Euro,12.898
National Average Price,2014 February,Uncooked chicken medium size 1.6kg,Euro,5.661
National Average Price,2014 February,Lamb's liver per kg,Euro,5.79
National Average Price,2014 February,Ham fillet per kg,Euro,5.99
National Average Price,2014 February,Cooked ham per kg,Euro,18.301
National Average Price,2014 February,Best back rashers per kg,Euro,10.684
National Average Price,2014 February,Pork sausages per kg,Euro,6.057
National Average Price,2014 February,Fresh fillet of whiting per kg,Euro,10.898
National Average Price,2014 February,Fresh fillet of cod per kg,Euro,14.256
National Average Price,2014 February,Fresh salmon per kg,Euro,18.102
National Average Price,2014 February,Fresh fillet of plaice per kg,Euro,17.858
National Average Price,2014 February,Fresh hake per kg,Euro,
National Average Price,2014 February,Smoked salmon per kg,Euro,29.604
National Average Price,2014 February,Full fat milk per 2 litre,Euro,1.751
National Average Price,2014 February,Low fat milk per 1 litre,Euro,1.054
National Average Price,2014 February,Irish cheddar per kg,Euro,11.371
National Average Price,2014 February,Large eggs per half dozen,Euro,1.877
National Average Price,2014 February,Medium eggs per half dozen,Euro,1.546
National Average Price,2014 February,Butter per lb,Euro,2.797
National Average Price,2014 February,Grapes per kg,Euro,5.76
National Average Price,2014 February,Bananas per kg,Euro,1.371
National Average Price,2014 February,Tomatoes per kg,Euro,3.113
National Average Price,2014 February,Onions per kg,Euro,1.184
National Average Price,2014 February,Broccoli per kg,Euro,3.112
National Average Price,2014 February,Carrots per kg,Euro,1.281
National Average Price,2014 February,Mushrooms per kg,Euro,4.681
National Average Price,2014 February,Tomatoes tinned per 400g,Euro,0.933
National Average Price,2014 February,Potatoes 2.5 kg,Euro,3.264
National Average Price,2014 February,Potatoes 7.5 kg,Euro,
National Average Price,2014 February,Potatoes 10 kg,Euro,5.925
National Average Price,2014 February,White granulated sugar per 1 kg,Euro,1.348
National Average Price,2014 February,Jam per lb,Euro,1.906
National Average Price,2014 February,Marmalade per lb,Euro,1.86
National Average Price,2014 February,Tea bags per 80,Euro,2.813
National Average Price,2014 February,Orange juice per litre,Euro,1.588
National Average Price,2014 February,Whiskey - take home (70cl bottle),Euro,25.334
National Average Price,2014 February,Brandy - take home (70cl bottle),Euro,29.119
National Average Price,2014 February,Vodka - take home (70cl bottle),Euro,20.663
National Average Price,2014 February,Cream liqueur - take home (70cl bottle),Euro,15.774
National Average Price,2014 February,Wine - take home (75cl bottle),Euro,10.496
National Average Price,2014 February,Cider - take home (50cl can),Euro,2.306
National Average Price,2014 February,Sherry - take home (75cl bottle),Euro,13.803
National Average Price,2014 February,Lager - take home (50cl can),Euro,1.985
National Average Price,2014 February,Stout - take home (50cl can),Euro,2.246
National Average Price,2014 February,Filtered cigarettes per 20 pk,Euro,9.482
National Average Price,2014 February,Stout - draught bar (1 pint),Euro,4.295
National Average Price,2014 February,Lager - draught bar (1 pint),Euro,4.672
National Average Price,2014 February,Lager - bar (33cl bottle),Euro,4.609
National Average Price,2014 February,Cider - draught bar (1 pint),Euro,4.739
National Average Price,2014 February,Ale - draught bar (1 pint),Euro,4.323
National Average Price,2014 February,Cider - bar (33cl bottle),Euro,4.722
National Average Price,2014 February,Flavoured alcoholic drink - bar (275ml bottle),Euro,5.285
National Average Price,2014 February,Whiskey - bar (single) per ½ glass,Euro,4.029
National Average Price,2014 February,Brandy - bar (single) per ½ glass,Euro,4.559
National Average Price,2014 February,Vodka - bar (single) per ½ glass,Euro,4.084
National Average Price,2014 February,Wine - bar (187ml bottle),Euro,5.253
National Average Price,2014 February,Diesel per litre,Euro,1.469
National Average Price,2014 February,Petrol - unleaded per litre,Euro,1.522
National Average Price,2014 February,Cinema fee,Euro,9.063
National Average Price,2014 February,Nightclubs fee,Euro,9.455
National Average Price,2014 February,Gent's dry cut fee,Euro,11.772
National Average Price,2014 February,"Gent's wash, cut, and blow dry fee",Euro,17.699
National Average Price,2014 February,"Ladies' wash, cut and blow dry fee",Euro,37.547
National Average Price,2014 March,"White, self raising flour per 2 kg",Euro,2.314
National Average Price,2014 March,"Brown, wholemeal flour per 2 kg",Euro,2.988
National Average Price,2014 March,"Bread, white sliced pan, large (800g)",Euro,1.285
National Average Price,2014 March,"Bread, brown sliced pan, large (800g)",Euro,1.551
National Average Price,2014 March,Spaghetti per 500g,Euro,1.15
National Average Price,2014 March,Sirloin steak per kg,Euro,16.215
National Average Price,2014 March,Striploin steak per kg,Euro,22.286
National Average Price,2014 March,Roast beef - topside or rib per kg,Euro,12.139
National Average Price,2014 March,Sliced / diced beef pieces per kg,Euro,10.703
National Average Price,2014 March,Pork loin chops per kg,Euro,8.911
National Average Price,2014 March,Pork steak per kg,Euro,9.063
National Average Price,2014 March,Lamb - whole leg / half leg per kg,Euro,12.054
National Average Price,2014 March,Lamb loin chops per kg,Euro,17.162
National Average Price,2014 March,Lamb gigot chops per kg,Euro,13.073
National Average Price,2014 March,Uncooked chicken medium size 1.6kg,Euro,5.547
National Average Price,2014 March,Lamb's liver per kg,Euro,5.689
National Average Price,2014 March,Ham fillet per kg,Euro,6.064
National Average Price,2014 March,Cooked ham per kg,Euro,18.228
National Average Price,2014 March,Best back rashers per kg,Euro,10.446
National Average Price,2014 March,Pork sausages per kg,Euro,6.073
National Average Price,2014 March,Fresh fillet of whiting per kg,Euro,9.71
National Average Price,2014 March,Fresh fillet of cod per kg,Euro,15.432
National Average Price,2014 March,Fresh salmon per kg,Euro,18.108
National Average Price,2014 March,Fresh fillet of plaice per kg,Euro,16.827
National Average Price,2014 March,Fresh hake per kg,Euro,
National Average Price,2014 March,Smoked salmon per kg,Euro,29.556
National Average Price,2014 March,Full fat milk per 2 litre,Euro,1.744
National Average Price,2014 March,Low fat milk per 1 litre,Euro,1.057
National Average Price,2014 March,Irish cheddar per kg,Euro,11.249
National Average Price,2014 March,Large eggs per half dozen,Euro,1.867
National Average Price,2014 March,Medium eggs per half dozen,Euro,1.572
National Average Price,2014 March,Butter per lb,Euro,2.763
National Average Price,2014 March,Grapes per kg,Euro,5.745
National Average Price,2014 March,Bananas per kg,Euro,1.375
National Average Price,2014 March,Tomatoes per kg,Euro,3.184
National Average Price,2014 March,Onions per kg,Euro,1.208
National Average Price,2014 March,Broccoli per kg,Euro,3.164
National Average Price,2014 March,Carrots per kg,Euro,1.192
National Average Price,2014 March,Mushrooms per kg,Euro,4.619
National Average Price,2014 March,Tomatoes tinned per 400g,Euro,0.956
National Average Price,2014 March,Potatoes 2.5 kg,Euro,3.014
National Average Price,2014 March,Potatoes 7.5 kg,Euro,
National Average Price,2014 March,Potatoes 10 kg,Euro,5.452
National Average Price,2014 March,White granulated sugar per 1 kg,Euro,1.345
National Average Price,2014 March,Jam per lb,Euro,2.033
National Average Price,2014 March,Marmalade per lb,Euro,1.809
National Average Price,2014 March,Tea bags per 80,Euro,2.737
National Average Price,2014 March,Orange juice per litre,Euro,1.542
National Average Price,2014 March,Whiskey - take home (70cl bottle),Euro,24.922
National Average Price,2014 March,Brandy - take home (70cl bottle),Euro,27.655
National Average Price,2014 March,Vodka - take home (70cl bottle),Euro,20.01
National Average Price,2014 March,Cream liqueur - take home (70cl bottle),Euro,15.913
National Average Price,2014 March,Wine - take home (75cl bottle),Euro,10.596
National Average Price,2014 March,Cider - take home (50cl can),Euro,2.371
National Average Price,2014 March,Sherry - take home (75cl bottle),Euro,14.112
National Average Price,2014 March,Lager - take home (50cl can),Euro,1.989
National Average Price,2014 March,Stout - take home (50cl can),Euro,2.256
National Average Price,2014 March,Filtered cigarettes per 20 pk,Euro,9.486
National Average Price,2014 March,Stout - draught bar (1 pint),Euro,4.294
National Average Price,2014 March,Lager - draught bar (1 pint),Euro,4.668
National Average Price,2014 March,Lager - bar (33cl bottle),Euro,4.619
National Average Price,2014 March,Cider - draught bar (1 pint),Euro,4.741
National Average Price,2014 March,Ale - draught bar (1 pint),Euro,4.328
National Average Price,2014 March,Cider - bar (33cl bottle),Euro,4.729
National Average Price,2014 March,Flavoured alcoholic drink - bar (275ml bottle),Euro,5.3
National Average Price,2014 March,Whiskey - bar (single) per ½ glass,Euro,4.038
National Average Price,2014 March,Brandy - bar (single) per ½ glass,Euro,4.57
National Average Price,2014 March,Vodka - bar (single) per ½ glass,Euro,4.095
National Average Price,2014 March,Wine - bar (187ml bottle),Euro,5.267
National Average Price,2014 March,Diesel per litre,Euro,1.473
National Average Price,2014 March,Petrol - unleaded per litre,Euro,1.527
National Average Price,2014 March,Cinema fee,Euro,9.063
National Average Price,2014 March,Nightclubs fee,Euro,9.4
National Average Price,2014 March,Gent's dry cut fee,Euro,11.752
National Average Price,2014 March,"Gent's wash, cut, and blow dry fee",Euro,17.605
National Average Price,2014 March,"Ladies' wash, cut and blow dry fee",Euro,37.035
National Average Price,2014 April,"White, self raising flour per 2 kg",Euro,2.161
National Average Price,2014 April,"Brown, wholemeal flour per 2 kg",Euro,2.997
National Average Price,2014 April,"Bread, white sliced pan, large (800g)",Euro,1.296
National Average Price,2014 April,"Bread, brown sliced pan, large (800g)",Euro,1.536
National Average Price,2014 April,Spaghetti per 500g,Euro,1.139
National Average Price,2014 April,Sirloin steak per kg,Euro,15.197
National Average Price,2014 April,Striploin steak per kg,Euro,22.777
National Average Price,2014 April,Roast beef - topside or rib per kg,Euro,12.458
National Average Price,2014 April,Sliced / diced beef pieces per kg,Euro,10.564
National Average Price,2014 April,Pork loin chops per kg,Euro,8.901
National Average Price,2014 April,Pork steak per kg,Euro,9.394
National Average Price,2014 April,Lamb - whole leg / half leg per kg,Euro,11.792
National Average Price,2014 April,Lamb loin chops per kg,Euro,18.837
National Average Price,2014 April,Lamb gigot chops per kg,Euro,12.999
National Average Price,2014 April,Uncooked chicken medium size 1.6kg,Euro,5.681
National Average Price,2014 April,Lamb's liver per kg,Euro,5.747
National Average Price,2014 April,Ham fillet per kg,Euro,5.859
National Average Price,2014 April,Cooked ham per kg,Euro,18.007
National Average Price,2014 April,Best back rashers per kg,Euro,10.458
National Average Price,2014 April,Pork sausages per kg,Euro,6.036
National Average Price,2014 April,Fresh fillet of whiting per kg,Euro,10.918
National Average Price,2014 April,Fresh fillet of cod per kg,Euro,14.41
National Average Price,2014 April,Fresh salmon per kg,Euro,17.971
National Average Price,2014 April,Fresh fillet of plaice per kg,Euro,19.109
National Average Price,2014 April,Fresh hake per kg,Euro,
National Average Price,2014 April,Smoked salmon per kg,Euro,30.292
National Average Price,2014 April,Full fat milk per 2 litre,Euro,1.742
National Average Price,2014 April,Low fat milk per 1 litre,Euro,1.054
National Average Price,2014 April,Irish cheddar per kg,Euro,11.354
National Average Price,2014 April,Large eggs per half dozen,Euro,1.87
National Average Price,2014 April,Medium eggs per half dozen,Euro,1.552
National Average Price,2014 April,Butter per lb,Euro,2.764
National Average Price,2014 April,Grapes per kg,Euro,5.556
National Average Price,2014 April,Bananas per kg,Euro,1.374
National Average Price,2014 April,Tomatoes per kg,Euro,3.132
National Average Price,2014 April,Onions per kg,Euro,1.229
National Average Price,2014 April,Broccoli per kg,Euro,3.07
National Average Price,2014 April,Carrots per kg,Euro,1.242
National Average Price,2014 April,Mushrooms per kg,Euro,4.425
National Average Price,2014 April,Tomatoes tinned per 400g,Euro,0.94
National Average Price,2014 April,Potatoes 2.5 kg,Euro,3.039
National Average Price,2014 April,Potatoes 7.5 kg,Euro,
National Average Price,2014 April,Potatoes 10 kg,Euro,5.39
National Average Price,2014 April,White granulated sugar per 1 kg,Euro,1.339
National Average Price,2014 April,Jam per lb,Euro,1.868
National Average Price,2014 April,Marmalade per lb,Euro,1.911
National Average Price,2014 April,Tea bags per 80,Euro,2.84
National Average Price,2014 April,Orange juice per litre,Euro,1.632
National Average Price,2014 April,Whiskey - take home (70cl bottle),Euro,25.363
National Average Price,2014 April,Brandy - take home (70cl bottle),Euro,28.713
National Average Price,2014 April,Vodka - take home (70cl bottle),Euro,20.466
National Average Price,2014 April,Cream liqueur - take home (70cl bottle),Euro,15.577
National Average Price,2014 April,Wine - take home (75cl bottle),Euro,10.638
National Average Price,2014 April,Cider - take home (50cl can),Euro,2.327
National Average Price,2014 April,Sherry - take home (75cl bottle),Euro,13.712
National Average Price,2014 April,Lager - take home (50cl can),Euro,1.998
National Average Price,2014 April,Stout - take home (50cl can),Euro,2.247
National Average Price,2014 April,Filtered cigarettes per 20 pk,Euro,9.489
National Average Price,2014 April,Stout - draught bar (1 pint),Euro,4.295
National Average Price,2014 April,Lager - draught bar (1 pint),Euro,4.671
National Average Price,2014 April,Lager - bar (33cl bottle),Euro,4.613
National Average Price,2014 April,Cider - draught bar (1 pint),Euro,4.749
National Average Price,2014 April,Ale - draught bar (1 pint),Euro,4.329
National Average Price,2014 April,Cider - bar (33cl bottle),Euro,4.73
National Average Price,2014 April,Flavoured alcoholic drink - bar (275ml bottle),Euro,5.314
National Average Price,2014 April,Whiskey - bar (single) per ½ glass,Euro,4.041
National Average Price,2014 April,Brandy - bar (single) per ½ glass,Euro,4.566
National Average Price,2014 April,Vodka - bar (single) per ½ glass,Euro,4.091
National Average Price,2014 April,Wine - bar (187ml bottle),Euro,5.276
National Average Price,2014 April,Diesel per litre,Euro,1.468
National Average Price,2014 April,Petrol - unleaded per litre,Euro,1.53
National Average Price,2014 April,Cinema fee,Euro,9.051
National Average Price,2014 April,Nightclubs fee,Euro,9.423
National Average Price,2014 April,Gent's dry cut fee,Euro,11.74
National Average Price,2014 April,"Gent's wash, cut, and blow dry fee",Euro,17.551
National Average Price,2014 April,"Ladies' wash, cut and blow dry fee",Euro,36.85
National Average Price,2014 May,"White, self raising flour per 2 kg",Euro,2.321
National Average Price,2014 May,"Brown, wholemeal flour per 2 kg",Euro,2.98
National Average Price,2014 May,"Bread, white sliced pan, large (800g)",Euro,1.303
National Average Price,2014 May,"Bread, brown sliced pan, large (800g)",Euro,1.532
National Average Price,2014 May,Spaghetti per 500g,Euro,1.072
National Average Price,2014 May,Sirloin steak per kg,Euro,16.573
National Average Price,2014 May,Striploin steak per kg,Euro,23.072
National Average Price,2014 May,Roast beef - topside or rib per kg,Euro,12.794
National Average Price,2014 May,Sliced / diced beef pieces per kg,Euro,10.625
National Average Price,2014 May,Pork loin chops per kg,Euro,8.101
National Average Price,2014 May,Pork steak per kg,Euro,9.535
National Average Price,2014 May,Lamb - whole leg / half leg per kg,Euro,12.781
National Average Price,2014 May,Lamb loin chops per kg,Euro,18.511
National Average Price,2014 May,Lamb gigot chops per kg,Euro,13.2
National Average Price,2014 May,Uncooked chicken medium size 1.6kg,Euro,5.489
National Average Price,2014 May,Lamb's liver per kg,Euro,5.751
National Average Price,2014 May,Ham fillet per kg,Euro,5.856
National Average Price,2014 May,Cooked ham per kg,Euro,17.538
National Average Price,2014 May,Best back rashers per kg,Euro,10.693
National Average Price,2014 May,Pork sausages per kg,Euro,6.027
National Average Price,2014 May,Fresh fillet of whiting per kg,Euro,10.297
National Average Price,2014 May,Fresh fillet of cod per kg,Euro,16.031
National Average Price,2014 May,Fresh salmon per kg,Euro,18.546
National Average Price,2014 May,Fresh fillet of plaice per kg,Euro,18.28
National Average Price,2014 May,Fresh hake per kg,Euro,
National Average Price,2014 May,Smoked salmon per kg,Euro,29.381
National Average Price,2014 May,Full fat milk per 2 litre,Euro,1.741
National Average Price,2014 May,Low fat milk per 1 litre,Euro,1.051
National Average Price,2014 May,Irish cheddar per kg,Euro,11.076
National Average Price,2014 May,Large eggs per half dozen,Euro,1.845
National Average Price,2014 May,Medium eggs per half dozen,Euro,1.6
National Average Price,2014 May,Butter per lb,Euro,2.742
National Average Price,2014 May,Grapes per kg,Euro,5.412
National Average Price,2014 May,Bananas per kg,Euro,1.372
National Average Price,2014 May,Tomatoes per kg,Euro,3.121
National Average Price,2014 May,Onions per kg,Euro,1.23
National Average Price,2014 May,Broccoli per kg,Euro,3.153
National Average Price,2014 May,Carrots per kg,Euro,1.312
National Average Price,2014 May,Mushrooms per kg,Euro,4.543
National Average Price,2014 May,Tomatoes tinned per 400g,Euro,0.917
National Average Price,2014 May,Potatoes 2.5 kg,Euro,3.032
National Average Price,2014 May,Potatoes 7.5 kg,Euro,
National Average Price,2014 May,Potatoes 10 kg,Euro,5.33
National Average Price,2014 May,White granulated sugar per 1 kg,Euro,1.338
National Average Price,2014 May,Jam per lb,Euro,2.018
National Average Price,2014 May,Marmalade per lb,Euro,1.942
National Average Price,2014 May,Tea bags per 80,Euro,2.819
National Average Price,2014 May,Orange juice per litre,Euro,1.574
National Average Price,2014 May,Whiskey - take home (70cl bottle),Euro,25.041
National Average Price,2014 May,Brandy - take home (70cl bottle),Euro,30.34
National Average Price,2014 May,Vodka - take home (70cl bottle),Euro,20.562
National Average Price,2014 May,Cream liqueur - take home (70cl bottle),Euro,15.947
National Average Price,2014 May,Wine - take home (75cl bottle),Euro,10.369
National Average Price,2014 May,Cider - take home (50cl can),Euro,2.296
National Average Price,2014 May,Sherry - take home (75cl bottle),Euro,12.872
National Average Price,2014 May,Lager - take home (50cl can),Euro,1.975
National Average Price,2014 May,Stout - take home (50cl can),Euro,2.254
National Average Price,2014 May,Filtered cigarettes per 20 pk,Euro,9.558
National Average Price,2014 May,Stout - draught bar (1 pint),Euro,4.294
National Average Price,2014 May,Lager - draught bar (1 pint),Euro,4.673
National Average Price,2014 May,Lager - bar (33cl bottle),Euro,4.617
National Average Price,2014 May,Cider - draught bar (1 pint),Euro,4.751
National Average Price,2014 May,Ale - draught bar (1 pint),Euro,4.331
National Average Price,2014 May,Cider - bar (33cl bottle),Euro,4.729
National Average Price,2014 May,Flavoured alcoholic drink - bar (275ml bottle),Euro,5.314
National Average Price,2014 May,Whiskey - bar (single) per ½ glass,Euro,4.041
National Average Price,2014 May,Brandy - bar (single) per ½ glass,Euro,4.565
National Average Price,2014 May,Vodka - bar (single) per ½ glass,Euro,4.096
National Average Price,2014 May,Wine - bar (187ml bottle),Euro,5.262
National Average Price,2014 May,Diesel per litre,Euro,1.471
National Average Price,2014 May,Petrol - unleaded per litre,Euro,1.54
National Average Price,2014 May,Cinema fee,Euro,9.055
National Average Price,2014 May,Nightclubs fee,Euro,9.116
National Average Price,2014 May,Gent's dry cut fee,Euro,11.798
National Average Price,2014 May,"Gent's wash, cut, and blow dry fee",Euro,17.73
National Average Price,2014 May,"Ladies' wash, cut and blow dry fee",Euro,36.782
National Average Price,2014 June,"White, self raising flour per 2 kg",Euro,2.277
National Average Price,2014 June,"Brown, wholemeal flour per 2 kg",Euro,2.989
National Average Price,2014 June,"Bread, white sliced pan, large (800g)",Euro,1.301
National Average Price,2014 June,"Bread, brown sliced pan, large (800g)",Euro,1.541
National Average Price,2014 June,Spaghetti per 500g,Euro,1.169
National Average Price,2014 June,Sirloin steak per kg,Euro,16.568
National Average Price,2014 June,Striploin steak per kg,Euro,22.603
National Average Price,2014 June,Roast beef - topside or rib per kg,Euro,12.664
National Average Price,2014 June,Sliced / diced beef pieces per kg,Euro,10.734
National Average Price,2014 June,Pork loin chops per kg,Euro,8.423
National Average Price,2014 June,Pork steak per kg,Euro,9.306
National Average Price,2014 June,Lamb - whole leg / half leg per kg,Euro,12.213
National Average Price,2014 June,Lamb loin chops per kg,Euro,18.025
National Average Price,2014 June,Lamb gigot chops per kg,Euro,12.971
National Average Price,2014 June,Uncooked chicken medium size 1.6kg,Euro,5.476
National Average Price,2014 June,Lamb's liver per kg,Euro,5.741
National Average Price,2014 June,Ham fillet per kg,Euro,5.84
National Average Price,2014 June,Cooked ham per kg,Euro,17.56
National Average Price,2014 June,Best back rashers per kg,Euro,10.803
National Average Price,2014 June,Pork sausages per kg,Euro,6.043
National Average Price,2014 June,Fresh fillet of whiting per kg,Euro,10.914
National Average Price,2014 June,Fresh fillet of cod per kg,Euro,16.141
National Average Price,2014 June,Fresh salmon per kg,Euro,18.885
National Average Price,2014 June,Fresh fillet of plaice per kg,Euro,17.872
National Average Price,2014 June,Fresh hake per kg,Euro,
National Average Price,2014 June,Smoked salmon per kg,Euro,29.92
National Average Price,2014 June,Full fat milk per 2 litre,Euro,1.742
National Average Price,2014 June,Low fat milk per 1 litre,Euro,1.051
National Average Price,2014 June,Irish cheddar per kg,Euro,11.121
National Average Price,2014 June,Large eggs per half dozen,Euro,1.854
National Average Price,2014 June,Medium eggs per half dozen,Euro,1.597
National Average Price,2014 June,Butter per lb,Euro,2.748
National Average Price,2014 June,Grapes per kg,Euro,5.221
National Average Price,2014 June,Bananas per kg,Euro,1.37
National Average Price,2014 June,Tomatoes per kg,Euro,3.095
National Average Price,2014 June,Onions per kg,Euro,1.226
National Average Price,2014 June,Broccoli per kg,Euro,3.134
National Average Price,2014 June,Carrots per kg,Euro,1.305
National Average Price,2014 June,Mushrooms per kg,Euro,4.637
National Average Price,2014 June,Tomatoes tinned per 400g,Euro,0.957
National Average Price,2014 June,Potatoes 2.5 kg,Euro,2.853
National Average Price,2014 June,Potatoes 7.5 kg,Euro,
National Average Price,2014 June,Potatoes 10 kg,Euro,5.121
National Average Price,2014 June,White granulated sugar per 1 kg,Euro,1.328
National Average Price,2014 June,Jam per lb,Euro,1.956
National Average Price,2014 June,Marmalade per lb,Euro,1.855
National Average Price,2014 June,Tea bags per 80,Euro,2.634
National Average Price,2014 June,Orange juice per litre,Euro,1.579
National Average Price,2014 June,Whiskey - take home (70cl bottle),Euro,24.393
National Average Price,2014 June,Brandy - take home (70cl bottle),Euro,29.274
National Average Price,2014 June,Vodka - take home (70cl bottle),Euro,20.369
National Average Price,2014 June,Cream liqueur - take home (70cl bottle),Euro,16.027
National Average Price,2014 June,Wine - take home (75cl bottle),Euro,10.703
National Average Price,2014 June,Cider - take home (50cl can),Euro,2.27
National Average Price,2014 June,Sherry - take home (75cl bottle),Euro,13.999
National Average Price,2014 June,Lager - take home (50cl can),Euro,1.981
National Average Price,2014 June,Stout - take home (50cl can),Euro,2.262
National Average Price,2014 June,Filtered cigarettes per 20 pk,Euro,9.583
National Average Price,2014 June,Stout - draught bar (1 pint),Euro,4.296
National Average Price,2014 June,Lager - draught bar (1 pint),Euro,4.667
National Average Price,2014 June,Lager - bar (33cl bottle),Euro,4.626
National Average Price,2014 June,Cider - draught bar (1 pint),Euro,4.752
National Average Price,2014 June,Ale - draught bar (1 pint),Euro,4.342
National Average Price,2014 June,Cider - bar (33cl bottle),Euro,4.742
National Average Price,2014 June,Flavoured alcoholic drink - bar (275ml bottle),Euro,5.309
National Average Price,2014 June,Whiskey - bar (single) per ½ glass,Euro,4.041
National Average Price,2014 June,Brandy - bar (single) per ½ glass,Euro,4.571
National Average Price,2014 June,Vodka - bar (single) per ½ glass,Euro,4.099
National Average Price,2014 June,Wine - bar (187ml bottle),Euro,5.272
National Average Price,2014 June,Diesel per litre,Euro,1.468
National Average Price,2014 June,Petrol - unleaded per litre,Euro,1.547
National Average Price,2014 June,Cinema fee,Euro,9.077
National Average Price,2014 June,Nightclubs fee,Euro,9.139
National Average Price,2014 June,Gent's dry cut fee,Euro,11.866
National Average Price,2014 June,"Gent's wash, cut, and blow dry fee",Euro,17.73
National Average Price,2014 June,"Ladies' wash, cut and blow dry fee",Euro,37.072
National Average Price,2014 July,"White, self raising flour per 2 kg",Euro,2.348
National Average Price,2014 July,"Brown, wholemeal flour per 2 kg",Euro,2.983
National Average Price,2014 July,"Bread, white sliced pan, large (800g)",Euro,1.315
National Average Price,2014 July,"Bread, brown sliced pan, large (800g)",Euro,1.547
National Average Price,2014 July,Spaghetti per 500g,Euro,1.134
National Average Price,2014 July,Sirloin steak per kg,Euro,16.771
National Average Price,2014 July,Striploin steak per kg,Euro,22.501
National Average Price,2014 July,Roast beef - topside or rib per kg,Euro,13.164
National Average Price,2014 July,Sliced / diced beef pieces per kg,Euro,10.671
National Average Price,2014 July,Pork loin chops per kg,Euro,8.687
National Average Price,2014 July,Pork steak per kg,Euro,9.672
National Average Price,2014 July,Lamb - whole leg / half leg per kg,Euro,12.474
National Average Price,2014 July,Lamb loin chops per kg,Euro,16.867
National Average Price,2014 July,Lamb gigot chops per kg,Euro,12.832
National Average Price,2014 July,Uncooked chicken medium size 1.6kg,Euro,5.284
National Average Price,2014 July,Lamb's liver per kg,Euro,5.74
National Average Price,2014 July,Ham fillet per kg,Euro,5.946
National Average Price,2014 July,Cooked ham per kg,Euro,17.623
National Average Price,2014 July,Best back rashers per kg,Euro,10.803
National Average Price,2014 July,Pork sausages per kg,Euro,5.96
National Average Price,2014 July,Fresh fillet of whiting per kg,Euro,10.944
National Average Price,2014 July,Fresh fillet of cod per kg,Euro,16.3
National Average Price,2014 July,Fresh salmon per kg,Euro,16.71
National Average Price,2014 July,Fresh fillet of plaice per kg,Euro,16.221
National Average Price,2014 July,Fresh hake per kg,Euro,
National Average Price,2014 July,Smoked salmon per kg,Euro,30.306
National Average Price,2014 July,Full fat milk per 2 litre,Euro,1.746
National Average Price,2014 July,Low fat milk per 1 litre,Euro,1.055
National Average Price,2014 July,Irish cheddar per kg,Euro,11.028
National Average Price,2014 July,Large eggs per half dozen,Euro,1.854
National Average Price,2014 July,Medium eggs per half dozen,Euro,1.597
National Average Price,2014 July,Butter per lb,Euro,2.762
National Average Price,2014 July,Grapes per kg,Euro,5.214
National Average Price,2014 July,Bananas per kg,Euro,1.373
National Average Price,2014 July,Tomatoes per kg,Euro,3.133
National Average Price,2014 July,Onions per kg,Euro,1.253
National Average Price,2014 July,Broccoli per kg,Euro,3.088
National Average Price,2014 July,Carrots per kg,Euro,1.312
National Average Price,2014 July,Mushrooms per kg,Euro,4.589
National Average Price,2014 July,Tomatoes tinned per 400g,Euro,0.96
National Average Price,2014 July,Potatoes 2.5 kg,Euro,2.992
National Average Price,2014 July,Potatoes 7.5 kg,Euro,
National Average Price,2014 July,Potatoes 10 kg,Euro,4.637
National Average Price,2014 July,White granulated sugar per 1 kg,Euro,1.326
National Average Price,2014 July,Jam per lb,Euro,1.833
National Average Price,2014 July,Marmalade per lb,Euro,1.998
National Average Price,2014 July,Tea bags per 80,Euro,2.664
National Average Price,2014 July,Orange juice per litre,Euro,1.626
National Average Price,2014 July,Whiskey - take home (70cl bottle),Euro,25.914
National Average Price,2014 July,Brandy - take home (70cl bottle),Euro,27.96
National Average Price,2014 July,Vodka - take home (70cl bottle),Euro,20.112
National Average Price,2014 July,Cream liqueur - take home (70cl bottle),Euro,16.391
National Average Price,2014 July,Wine - take home (75cl bottle),Euro,10.964
National Average Price,2014 July,Cider - take home (50cl can),Euro,2.297
National Average Price,2014 July,Sherry - take home (75cl bottle),Euro,13.696
National Average Price,2014 July,Lager - take home (50cl can),Euro,1.983
National Average Price,2014 July,Stout - take home (50cl can),Euro,2.262
National Average Price,2014 July,Filtered cigarettes per 20 pk,Euro,9.593
National Average Price,2014 July,Stout - draught bar (1 pint),Euro,4.301
National Average Price,2014 July,Lager - draught bar (1 pint),Euro,4.672
National Average Price,2014 July,Lager - bar (33cl bottle),Euro,4.628
National Average Price,2014 July,Cider - draught bar (1 pint),Euro,4.761
National Average Price,2014 July,Ale - draught bar (1 pint),Euro,4.352
National Average Price,2014 July,Cider - bar (33cl bottle),Euro,4.746
National Average Price,2014 July,Flavoured alcoholic drink - bar (275ml bottle),Euro,5.315
National Average Price,2014 July,Whiskey - bar (single) per ½ glass,Euro,4.043
National Average Price,2014 July,Brandy - bar (single) per ½ glass,Euro,4.579
National Average Price,2014 July,Vodka - bar (single) per ½ glass,Euro,4.097
National Average Price,2014 July,Wine - bar (187ml bottle),Euro,5.285
National Average Price,2014 July,Diesel per litre,Euro,1.479
National Average Price,2014 July,Petrol - unleaded per litre,Euro,1.573
National Average Price,2014 July,Cinema fee,Euro,9.169
National Average Price,2014 July,Nightclubs fee,Euro,9.119
National Average Price,2014 July,Gent's dry cut fee,Euro,11.878
National Average Price,2014 July,"Gent's wash, cut, and blow dry fee",Euro,17.857
National Average Price,2014 July,"Ladies' wash, cut and blow dry fee",Euro,37.197
National Average Price,2014 August,"White, self raising flour per 2 kg",Euro,2.323
National Average Price,2014 August,"Brown, wholemeal flour per 2 kg",Euro,2.989
National Average Price,2014 August,"Bread, white sliced pan, large (800g)",Euro,1.299
National Average Price,2014 August,"Bread, brown sliced pan, large (800g)",Euro,1.531
National Average Price,2014 August,Spaghetti per 500g,Euro,1.135
National Average Price,2014 August,Sirloin steak per kg,Euro,16.299
National Average Price,2014 August,Striploin steak per kg,Euro,22.388
National Average Price,2014 August,Roast beef - topside or rib per kg,Euro,13.186
National Average Price,2014 August,Sliced / diced beef pieces per kg,Euro,10.475
National Average Price,2014 August,Pork loin chops per kg,Euro,8.105
National Average Price,2014 August,Pork steak per kg,Euro,9.512
National Average Price,2014 August,Lamb - whole leg / half leg per kg,Euro,12.269
National Average Price,2014 August,Lamb loin chops per kg,Euro,17.552
National Average Price,2014 August,Lamb gigot chops per kg,Euro,12.881
National Average Price,2014 August,Uncooked chicken medium size 1.6kg,Euro,5.505
National Average Price,2014 August,Lamb's liver per kg,Euro,5.792
National Average Price,2014 August,Ham fillet per kg,Euro,5.919
National Average Price,2014 August,Cooked ham per kg,Euro,17.208
National Average Price,2014 August,Best back rashers per kg,Euro,10.522
National Average Price,2014 August,Pork sausages per kg,Euro,6.024
National Average Price,2014 August,Fresh fillet of whiting per kg,Euro,10.937
National Average Price,2014 August,Fresh fillet of cod per kg,Euro,17.131
National Average Price,2014 August,Fresh salmon per kg,Euro,18.495
National Average Price,2014 August,Fresh fillet of plaice per kg,Euro,18.843
National Average Price,2014 August,Fresh hake per kg,Euro,
National Average Price,2014 August,Smoked salmon per kg,Euro,30.497
National Average Price,2014 August,Full fat milk per 2 litre,Euro,1.738
National Average Price,2014 August,Low fat milk per 1 litre,Euro,1.057
National Average Price,2014 August,Irish cheddar per kg,Euro,11.064
National Average Price,2014 August,Large eggs per half dozen,Euro,1.867
National Average Price,2014 August,Medium eggs per half dozen,Euro,1.614
National Average Price,2014 August,Butter per lb,Euro,2.762
National Average Price,2014 August,Grapes per kg,Euro,5.094
National Average Price,2014 August,Bananas per kg,Euro,1.371
National Average Price,2014 August,Tomatoes per kg,Euro,3.042
National Average Price,2014 August,Onions per kg,Euro,1.215
National Average Price,2014 August,Broccoli per kg,Euro,3.138
National Average Price,2014 August,Carrots per kg,Euro,1.293
National Average Price,2014 August,Mushrooms per kg,Euro,4.622
National Average Price,2014 August,Tomatoes tinned per 400g,Euro,0.935
National Average Price,2014 August,Potatoes 2.5 kg,Euro,3.124
National Average Price,2014 August,Potatoes 7.5 kg,Euro,
National Average Price,2014 August,Potatoes 10 kg,Euro,4.816
National Average Price,2014 August,White granulated sugar per 1 kg,Euro,1.316
National Average Price,2014 August,Jam per lb,Euro,1.967
National Average Price,2014 August,Marmalade per lb,Euro,1.956
National Average Price,2014 August,Tea bags per 80,Euro,2.814
National Average Price,2014 August,Orange juice per litre,Euro,1.536
National Average Price,2014 August,Whiskey - take home (70cl bottle),Euro,25.226
National Average Price,2014 August,Brandy - take home (70cl bottle),Euro,30.451
National Average Price,2014 August,Vodka - take home (70cl bottle),Euro,19.374
National Average Price,2014 August,Cream liqueur - take home (70cl bottle),Euro,16.262
National Average Price,2014 August,Wine - take home (75cl bottle),Euro,10.773
National Average Price,2014 August,Cider - take home (50cl can),Euro,2.236
National Average Price,2014 August,Sherry - take home (75cl bottle),Euro,13.796
National Average Price,2014 August,Lager - take home (50cl can),Euro,1.984
National Average Price,2014 August,Stout - take home (50cl can),Euro,2.248
National Average Price,2014 August,Filtered cigarettes per 20 pk,Euro,9.595
National Average Price,2014 August,Stout - draught bar (1 pint),Euro,4.302
National Average Price,2014 August,Lager - draught bar (1 pint),Euro,4.676
National Average Price,2014 August,Lager - bar (33cl bottle),Euro,4.625
National Average Price,2014 August,Cider - draught bar (1 pint),Euro,4.763
National Average Price,2014 August,Ale - draught bar (1 pint),Euro,4.359
National Average Price,2014 August,Cider - bar (33cl bottle),Euro,4.746
National Average Price,2014 August,Flavoured alcoholic drink - bar (275ml bottle),Euro,5.284
National Average Price,2014 August,Whiskey - bar (single) per ½ glass,Euro,4.05
National Average Price,2014 August,Brandy - bar (single) per ½ glass,Euro,4.581
National Average Price,2014 August,Vodka - bar (single) per ½ glass,Euro,4.104
National Average Price,2014 August,Wine - bar (187ml bottle),Euro,5.289
National Average Price,2014 August,Diesel per litre,Euro,1.463
National Average Price,2014 August,Petrol - unleaded per litre,Euro,1.557
National Average Price,2014 August,Cinema fee,Euro,9.168
National Average Price,2014 August,Nightclubs fee,Euro,9.183
National Average Price,2014 August,Gent's dry cut fee,Euro,11.891
National Average Price,2014 August,"Gent's wash, cut, and blow dry fee",Euro,17.857
National Average Price,2014 August,"Ladies' wash, cut and blow dry fee",Euro,37.197
National Average Price,2014 September,"White, self raising flour per 2 kg",Euro,2.317
National Average Price,2014 September,"Brown, wholemeal flour per 2 kg",Euro,2.994
National Average Price,2014 September,"Bread, white sliced pan, large (800g)",Euro,1.293
National Average Price,2014 September,"Bread, brown sliced pan, large (800g)",Euro,1.541
National Average Price,2014 September,Spaghetti per 500g,Euro,1.111
National Average Price,2014 September,Sirloin steak per kg,Euro,16.248
National Average Price,2014 September,Striploin steak per kg,Euro,23.162
National Average Price,2014 September,Roast beef - topside or rib per kg,Euro,13.267
National Average Price,2014 September,Sliced / diced beef pieces per kg,Euro,9.705
National Average Price,2014 September,Pork loin chops per kg,Euro,8.612
National Average Price,2014 September,Pork steak per kg,Euro,9.538
National Average Price,2014 September,Lamb - whole leg / half leg per kg,Euro,11.988
National Average Price,2014 September,Lamb loin chops per kg,Euro,18.853
National Average Price,2014 September,Lamb gigot chops per kg,Euro,12.767
National Average Price,2014 September,Uncooked chicken medium size 1.6kg,Euro,5.393
National Average Price,2014 September,Lamb's liver per kg,Euro,5.767
National Average Price,2014 September,Ham fillet per kg,Euro,5.947
National Average Price,2014 September,Cooked ham per kg,Euro,17.376
National Average Price,2014 September,Best back rashers per kg,Euro,10.758
National Average Price,2014 September,Pork sausages per kg,Euro,5.948
National Average Price,2014 September,Fresh fillet of whiting per kg,Euro,10.974
National Average Price,2014 September,Fresh fillet of cod per kg,Euro,16.262
National Average Price,2014 September,Fresh salmon per kg,Euro,18.336
National Average Price,2014 September,Fresh fillet of plaice per kg,Euro,15.68
National Average Price,2014 September,Fresh hake per kg,Euro,
National Average Price,2014 September,Smoked salmon per kg,Euro,30.235
National Average Price,2014 September,Full fat milk per 2 litre,Euro,1.747
National Average Price,2014 September,Low fat milk per 1 litre,Euro,1.054
National Average Price,2014 September,Irish cheddar per kg,Euro,10.931
National Average Price,2014 September,Large eggs per half dozen,Euro,1.867
National Average Price,2014 September,Medium eggs per half dozen,Euro,1.614
National Average Price,2014 September,Butter per lb,Euro,2.751
National Average Price,2014 September,Grapes per kg,Euro,5.067
National Average Price,2014 September,Bananas per kg,Euro,1.357
National Average Price,2014 September,Tomatoes per kg,Euro,3.058
National Average Price,2014 September,Onions per kg,Euro,1.227
National Average Price,2014 September,Broccoli per kg,Euro,3.12
National Average Price,2014 September,Carrots per kg,Euro,1.192
National Average Price,2014 September,Mushrooms per kg,Euro,4.531
National Average Price,2014 September,Tomatoes tinned per 400g,Euro,0.949
National Average Price,2014 September,Potatoes 2.5 kg,Euro,3.183
National Average Price,2014 September,Potatoes 7.5 kg,Euro,
National Average Price,2014 September,Potatoes 10 kg,Euro,6.364
National Average Price,2014 September,White granulated sugar per 1 kg,Euro,1.327
National Average Price,2014 September,Jam per lb,Euro,1.988
National Average Price,2014 September,Marmalade per lb,Euro,1.874
National Average Price,2014 September,Tea bags per 80,Euro,2.808
National Average Price,2014 September,Orange juice per litre,Euro,1.539
National Average Price,2014 September,Whiskey - take home (70cl bottle),Euro,25.345
National Average Price,2014 September,Brandy - take home (70cl bottle),Euro,29.979
National Average Price,2014 September,Vodka - take home (70cl bottle),Euro,20.082
National Average Price,2014 September,Cream liqueur - take home (70cl bottle),Euro,15.738
National Average Price,2014 September,Wine - take home (75cl bottle),Euro,10.817
National Average Price,2014 September,Cider - take home (50cl can),Euro,2.224
National Average Price,2014 September,Sherry - take home (75cl bottle),Euro,13.219
National Average Price,2014 September,Lager - take home (50cl can),Euro,1.993
National Average Price,2014 September,Stout - take home (50cl can),Euro,2.249
National Average Price,2014 September,Filtered cigarettes per 20 pk,Euro,9.594
National Average Price,2014 September,Stout - draught bar (1 pint),Euro,4.306
National Average Price,2014 September,Lager - draught bar (1 pint),Euro,4.679
National Average Price,2014 September,Lager - bar (33cl bottle),Euro,4.624
National Average Price,2014 September,Cider - draught bar (1 pint),Euro,4.759
National Average Price,2014 September,Ale - draught bar (1 pint),Euro,4.373
National Average Price,2014 September,Cider - bar (33cl bottle),Euro,4.744
National Average Price,2014 September,Flavoured alcoholic drink - bar (275ml bottle),Euro,5.308
National Average Price,2014 September,Whiskey - bar (single) per ½ glass,Euro,4.053
National Average Price,2014 September,Brandy - bar (single) per ½ glass,Euro,4.582
National Average Price,2014 September,Vodka - bar (single) per ½ glass,Euro,4.108
National Average Price,2014 September,Wine - bar (187ml bottle),Euro,5.295
National Average Price,2014 September,Diesel per litre,Euro,1.454
National Average Price,2014 September,Petrol - unleaded per litre,Euro,1.547
National Average Price,2014 September,Cinema fee,Euro,9.19
National Average Price,2014 September,Nightclubs fee,Euro,9.183
National Average Price,2014 September,Gent's dry cut fee,Euro,11.89
National Average Price,2014 September,"Gent's wash, cut, and blow dry fee",Euro,17.857
National Average Price,2014 September,"Ladies' wash, cut and blow dry fee",Euro,37.201
National Average Price,2014 October,"White, self raising flour per 2 kg",Euro,2.093
National Average Price,2014 October,"Brown, wholemeal flour per 2 kg",Euro,2.911
National Average Price,2014 October,"Bread, white sliced pan, large (800g)",Euro,1.3
National Average Price,2014 October,"Bread, brown sliced pan, large (800g)",Euro,1.527
National Average Price,2014 October,Spaghetti per 500g,Euro,1.079
National Average Price,2014 October,Sirloin steak per kg,Euro,16.254
National Average Price,2014 October,Striploin steak per kg,Euro,22.977
National Average Price,2014 October,Roast beef - topside or rib per kg,Euro,12.846
National Average Price,2014 October,Sliced / diced beef pieces per kg,Euro,10.064
National Average Price,2014 October,Pork loin chops per kg,Euro,8.25
National Average Price,2014 October,Pork steak per kg,Euro,9.419
National Average Price,2014 October,Lamb - whole leg / half leg per kg,Euro,10.983
National Average Price,2014 October,Lamb loin chops per kg,Euro,16.746
National Average Price,2014 October,Lamb gigot chops per kg,Euro,12.415
National Average Price,2014 October,Uncooked chicken medium size 1.6kg,Euro,5.448
National Average Price,2014 October,Lamb's liver per kg,Euro,5.754
National Average Price,2014 October,Ham fillet per kg,Euro,5.75
National Average Price,2014 October,Cooked ham per kg,Euro,17.694
National Average Price,2014 October,Best back rashers per kg,Euro,10.947
National Average Price,2014 October,Pork sausages per kg,Euro,5.843
National Average Price,2014 October,Fresh fillet of whiting per kg,Euro,10.926
National Average Price,2014 October,Fresh fillet of cod per kg,Euro,17.433
National Average Price,2014 October,Fresh salmon per kg,Euro,18.235
National Average Price,2014 October,Fresh fillet of plaice per kg,Euro,17.103
National Average Price,2014 October,Fresh hake per kg,Euro,
National Average Price,2014 October,Smoked salmon per kg,Euro,30.26
National Average Price,2014 October,Full fat milk per 2 litre,Euro,1.752
National Average Price,2014 October,Low fat milk per 1 litre,Euro,1.054
National Average Price,2014 October,Irish cheddar per kg,Euro,10.397
National Average Price,2014 October,Large eggs per half dozen,Euro,1.892
National Average Price,2014 October,Medium eggs per half dozen,Euro,1.607
National Average Price,2014 October,Butter per lb,Euro,2.729
National Average Price,2014 October,Grapes per kg,Euro,5.069
National Average Price,2014 October,Bananas per kg,Euro,1.361
National Average Price,2014 October,Tomatoes per kg,Euro,3.076
National Average Price,2014 October,Onions per kg,Euro,1.226
National Average Price,2014 October,Broccoli per kg,Euro,3.018
National Average Price,2014 October,Carrots per kg,Euro,1.292
National Average Price,2014 October,Mushrooms per kg,Euro,4.453
National Average Price,2014 October,Tomatoes tinned per 400g,Euro,0.95
National Average Price,2014 October,Potatoes 2.5 kg,Euro,3.091
National Average Price,2014 October,Potatoes 7.5 kg,Euro,
National Average Price,2014 October,Potatoes 10 kg,Euro,6.174
National Average Price,2014 October,White granulated sugar per 1 kg,Euro,1.3
National Average Price,2014 October,Jam per lb,Euro,1.911
National Average Price,2014 October,Marmalade per lb,Euro,1.964
National Average Price,2014 October,Tea bags per 80,Euro,2.655
National Average Price,2014 October,Orange juice per litre,Euro,1.561
National Average Price,2014 October,Whiskey - take home (70cl bottle),Euro,24.97
National Average Price,2014 October,Brandy - take home (70cl bottle),Euro,30.038
National Average Price,2014 October,Vodka - take home (70cl bottle),Euro,19.905
National Average Price,2014 October,Cream liqueur - take home (70cl bottle),Euro,16.905
National Average Price,2014 October,Wine - take home (75cl bottle),Euro,10.822
National Average Price,2014 October,Cider - take home (50cl can),Euro,2.246
National Average Price,2014 October,Sherry - take home (75cl bottle),Euro,13.65
National Average Price,2014 October,Lager - take home (50cl can),Euro,1.986
National Average Price,2014 October,Stout - take home (50cl can),Euro,2.229
National Average Price,2014 October,Filtered cigarettes per 20 pk,Euro,9.737
National Average Price,2014 October,Stout - draught bar (1 pint),Euro,4.299
National Average Price,2014 October,Lager - draught bar (1 pint),Euro,4.671
National Average Price,2014 October,Lager - bar (33cl bottle),Euro,4.616
National Average Price,2014 October,Cider - draught bar (1 pint),Euro,4.746
National Average Price,2014 October,Ale - draught bar (1 pint),Euro,4.356
National Average Price,2014 October,Cider - bar (33cl bottle),Euro,4.737
National Average Price,2014 October,Flavoured alcoholic drink - bar (275ml bottle),Euro,5.284
National Average Price,2014 October,Whiskey - bar (single) per ½ glass,Euro,4.05
National Average Price,2014 October,Brandy - bar (single) per ½ glass,Euro,4.576
National Average Price,2014 October,Vodka - bar (single) per ½ glass,Euro,4.109
National Average Price,2014 October,Wine - bar (187ml bottle),Euro,5.291
National Average Price,2014 October,Diesel per litre,Euro,1.43
National Average Price,2014 October,Petrol - unleaded per litre,Euro,1.524
National Average Price,2014 October,Cinema fee,Euro,9.223
National Average Price,2014 October,Nightclubs fee,Euro,9.213
National Average Price,2014 October,Gent's dry cut fee,Euro,11.977
National Average Price,2014 October,"Gent's wash, cut, and blow dry fee",Euro,17.851
National Average Price,2014 October,"Ladies' wash, cut and blow dry fee",Euro,37.251
National Average Price,2014 November,"White, self raising flour per 2 kg",Euro,2.194
National Average Price,2014 November,"Brown, wholemeal flour per 2 kg",Euro,2.975
National Average Price,2014 November,"Bread, white sliced pan, large (800g)",Euro,1.283
National Average Price,2014 November,"Bread, brown sliced pan, large (800g)",Euro,1.431
National Average Price,2014 November,Spaghetti per 500g,Euro,1.121
National Average Price,2014 November,Sirloin steak per kg,Euro,16.412
National Average Price,2014 November,Striploin steak per kg,Euro,20.628
National Average Price,2014 November,Roast beef - topside or rib per kg,Euro,13.114
National Average Price,2014 November,Sliced / diced beef pieces per kg,Euro,10.551
National Average Price,2014 November,Pork loin chops per kg,Euro,8.655
National Average Price,2014 November,Pork steak per kg,Euro,9.697
National Average Price,2014 November,Lamb - whole leg / half leg per kg,Euro,11.363
National Average Price,2014 November,Lamb loin chops per kg,Euro,17.729
National Average Price,2014 November,Lamb gigot chops per kg,Euro,12.75
National Average Price,2014 November,Uncooked chicken medium size 1.6kg,Euro,5.611
National Average Price,2014 November,Lamb's liver per kg,Euro,5.779
National Average Price,2014 November,Ham fillet per kg,Euro,5.901
National Average Price,2014 November,Cooked ham per kg,Euro,17.949
National Average Price,2014 November,Best back rashers per kg,Euro,10.598
National Average Price,2014 November,Pork sausages per kg,Euro,5.732
National Average Price,2014 November,Fresh fillet of whiting per kg,Euro,10.786
National Average Price,2014 November,Fresh fillet of cod per kg,Euro,17.363
National Average Price,2014 November,Fresh salmon per kg,Euro,18.661
National Average Price,2014 November,Fresh fillet of plaice per kg,Euro,16.567
National Average Price,2014 November,Fresh hake per kg,Euro,
National Average Price,2014 November,Smoked salmon per kg,Euro,29.824
National Average Price,2014 November,Full fat milk per 2 litre,Euro,1.75
National Average Price,2014 November,Low fat milk per 1 litre,Euro,1.056
National Average Price,2014 November,Irish cheddar per kg,Euro,10.624
National Average Price,2014 November,Large eggs per half dozen,Euro,1.877
National Average Price,2014 November,Medium eggs per half dozen,Euro,1.605
National Average Price,2014 November,Butter per lb,Euro,2.738
National Average Price,2014 November,Grapes per kg,Euro,5.4
National Average Price,2014 November,Bananas per kg,Euro,1.362
National Average Price,2014 November,Tomatoes per kg,Euro,3.049
National Average Price,2014 November,Onions per kg,Euro,1.181
National Average Price,2014 November,Broccoli per kg,Euro,3.225
National Average Price,2014 November,Carrots per kg,Euro,1.241
National Average Price,2014 November,Mushrooms per kg,Euro,4.584
National Average Price,2014 November,Tomatoes tinned per 400g,Euro,0.952
National Average Price,2014 November,Potatoes 2.5 kg,Euro,3.029
National Average Price,2014 November,Potatoes 7.5 kg,Euro,
National Average Price,2014 November,Potatoes 10 kg,Euro,5.744
National Average Price,2014 November,White granulated sugar per 1 kg,Euro,1.305
National Average Price,2014 November,Jam per lb,Euro,1.993
National Average Price,2014 November,Marmalade per lb,Euro,1.942
National Average Price,2014 November,Tea bags per 80,Euro,2.781
National Average Price,2014 November,Orange juice per litre,Euro,1.52
National Average Price,2014 November,Whiskey - take home (70cl bottle),Euro,23.903
National Average Price,2014 November,Brandy - take home (70cl bottle),Euro,28.396
National Average Price,2014 November,Vodka - take home (70cl bottle),Euro,19.217
National Average Price,2014 November,Cream liqueur - take home (70cl bottle),Euro,15.637
National Average Price,2014 November,Wine - take home (75cl bottle),Euro,10.454
National Average Price,2014 November,Cider - take home (50cl can),Euro,2.291
National Average Price,2014 November,Sherry - take home (75cl bottle),Euro,13.563
National Average Price,2014 November,Lager - take home (50cl can),Euro,1.984
National Average Price,2014 November,Stout - take home (50cl can),Euro,2.222
National Average Price,2014 November,Filtered cigarettes per 20 pk,Euro,9.988
National Average Price,2014 November,Stout - draught bar (1 pint),Euro,4.3
National Average Price,2014 November,Lager - draught bar (1 pint),Euro,4.673
National Average Price,2014 November,Lager - bar (33cl bottle),Euro,4.614
National Average Price,2014 November,Cider - draught bar (1 pint),Euro,4.748
National Average Price,2014 November,Ale - draught bar (1 pint),Euro,4.363
National Average Price,2014 November,Cider - bar (33cl bottle),Euro,4.743
National Average Price,2014 November,Flavoured alcoholic drink - bar (275ml bottle),Euro,5.283
National Average Price,2014 November,Whiskey - bar (single) per ½ glass,Euro,4.05
National Average Price,2014 November,Brandy - bar (single) per ½ glass,Euro,4.577
National Average Price,2014 November,Vodka - bar (single) per ½ glass,Euro,4.108
National Average Price,2014 November,Wine - bar (187ml bottle),Euro,5.295
National Average Price,2014 November,Diesel per litre,Euro,1.391
National Average Price,2014 November,Petrol - unleaded per litre,Euro,1.481
National Average Price,2014 November,Cinema fee,Euro,9.234
National Average Price,2014 November,Nightclubs fee,Euro,9.255
National Average Price,2014 November,Gent's dry cut fee,Euro,11.941
National Average Price,2014 November,"Gent's wash, cut, and blow dry fee",Euro,17.893
National Average Price,2014 November,"Ladies' wash, cut and blow dry fee",Euro,37.219
National Average Price,2014 December,"White, self raising flour per 2 kg",Euro,2.144
National Average Price,2014 December,"Brown, wholemeal flour per 2 kg",Euro,2.94
National Average Price,2014 December,"Bread, white sliced pan, large (800g)",Euro,1.259
National Average Price,2014 December,"Bread, brown sliced pan, large (800g)",Euro,1.383
National Average Price,2014 December,Spaghetti per 500g,Euro,1.115
National Average Price,2014 December,Sirloin steak per kg,Euro,16.369
National Average Price,2014 December,Striploin steak per kg,Euro,20.341
National Average Price,2014 December,Roast beef - topside or rib per kg,Euro,12.6
National Average Price,2014 December,Sliced / diced beef pieces per kg,Euro,10.578
National Average Price,2014 December,Pork loin chops per kg,Euro,8.098
National Average Price,2014 December,Pork steak per kg,Euro,9.509
National Average Price,2014 December,Lamb - whole leg / half leg per kg,Euro,11.461
National Average Price,2014 December,Lamb loin chops per kg,Euro,16.573
National Average Price,2014 December,Lamb gigot chops per kg,Euro,12.751
National Average Price,2014 December,Uncooked chicken medium size 1.6kg,Euro,5.513
National Average Price,2014 December,Lamb's liver per kg,Euro,5.811
National Average Price,2014 December,Ham fillet per kg,Euro,5.849
National Average Price,2014 December,Cooked ham per kg,Euro,17.781
National Average Price,2014 December,Best back rashers per kg,Euro,10.651
National Average Price,2014 December,Pork sausages per kg,Euro,5.881
National Average Price,2014 December,Fresh fillet of whiting per kg,Euro,10.915
National Average Price,2014 December,Fresh fillet of cod per kg,Euro,16.246
National Average Price,2014 December,Fresh salmon per kg,Euro,19.155
National Average Price,2014 December,Fresh fillet of plaice per kg,Euro,17.859
National Average Price,2014 December,Fresh hake per kg,Euro,
National Average Price,2014 December,Smoked salmon per kg,Euro,28.707
National Average Price,2014 December,Full fat milk per 2 litre,Euro,1.732
National Average Price,2014 December,Low fat milk per 1 litre,Euro,1.056
National Average Price,2014 December,Irish cheddar per kg,Euro,10.54
National Average Price,2014 December,Large eggs per half dozen,Euro,1.87
National Average Price,2014 December,Medium eggs per half dozen,Euro,1.553
National Average Price,2014 December,Butter per lb,Euro,2.727
National Average Price,2014 December,Grapes per kg,Euro,5.521
National Average Price,2014 December,Bananas per kg,Euro,1.363
National Average Price,2014 December,Tomatoes per kg,Euro,3.061
National Average Price,2014 December,Onions per kg,Euro,1.162
National Average Price,2014 December,Broccoli per kg,Euro,2.974
National Average Price,2014 December,Carrots per kg,Euro,1.24
National Average Price,2014 December,Mushrooms per kg,Euro,4.455
National Average Price,2014 December,Tomatoes tinned per 400g,Euro,0.972
National Average Price,2014 December,Potatoes 2.5 kg,Euro,2.982
National Average Price,2014 December,Potatoes 7.5 kg,Euro,
National Average Price,2014 December,Potatoes 10 kg,Euro,5.365
National Average Price,2014 December,White granulated sugar per 1 kg,Euro,1.311
National Average Price,2014 December,Jam per lb,Euro,1.993
National Average Price,2014 December,Marmalade per lb,Euro,1.903
National Average Price,2014 December,Tea bags per 80,Euro,2.858
National Average Price,2014 December,Orange juice per litre,Euro,1.567
National Average Price,2014 December,Whiskey - take home (70cl bottle),Euro,22.398
National Average Price,2014 December,Brandy - take home (70cl bottle),Euro,28.117
National Average Price,2014 December,Vodka - take home (70cl bottle),Euro,18.274
National Average Price,2014 December,Cream liqueur - take home (70cl bottle),Euro,12.38
National Average Price,2014 December,Wine - take home (75cl bottle),Euro,10.274
National Average Price,2014 December,Cider - take home (50cl can),Euro,2.297
National Average Price,2014 December,Sherry - take home (75cl bottle),Euro,12.603
National Average Price,2014 December,Lager - take home (50cl can),Euro,1.982
National Average Price,2014 December,Stout - take home (50cl can),Euro,2.222
National Average Price,2014 December,Filtered cigarettes per 20 pk,Euro,9.989
National Average Price,2014 December,Stout - draught bar (1 pint),Euro,4.3
National Average Price,2014 December,Lager - draught bar (1 pint),Euro,4.673
National Average Price,2014 December,Lager - bar (33cl bottle),Euro,4.616
National Average Price,2014 December,Cider - draught bar (1 pint),Euro,4.752
National Average Price,2014 December,Ale - draught bar (1 pint),Euro,4.362
National Average Price,2014 December,Cider - bar (33cl bottle),Euro,4.746
National Average Price,2014 December,Flavoured alcoholic drink - bar (275ml bottle),Euro,5.287
National Average Price,2014 December,Whiskey - bar (single) per ½ glass,Euro,4.052
National Average Price,2014 December,Brandy - bar (single) per ½ glass,Euro,4.577
National Average Price,2014 December,Vodka - bar (single) per ½ glass,Euro,4.11
National Average Price,2014 December,Wine - bar (187ml bottle),Euro,5.294
National Average Price,2014 December,Diesel per litre,Euro,1.339
National Average Price,2014 December,Petrol - unleaded per litre,Euro,1.419
National Average Price,2014 December,Cinema fee,Euro,9.125
National Average Price,2014 December,Nightclubs fee,Euro,9.407
National Average Price,2014 December,Gent's dry cut fee,Euro,11.941
National Average Price,2014 December,"Gent's wash, cut, and blow dry fee",Euro,18.543
National Average Price,2014 December,"Ladies' wash, cut and blow dry fee",Euro,39.41
National Average Price,2015 January,"White, self raising flour per 2 kg",Euro,2.288
National Average Price,2015 January,"Brown, wholemeal flour per 2 kg",Euro,2.987
National Average Price,2015 January,"Bread, white sliced pan, large (800g)",Euro,1.261
National Average Price,2015 January,"Bread, brown sliced pan, large (800g)",Euro,1.371
National Average Price,2015 January,Spaghetti per 500g,Euro,1.122
National Average Price,2015 January,Sirloin steak per kg,Euro,16.548
National Average Price,2015 January,Striploin steak per kg,Euro,22.765
National Average Price,2015 January,Roast beef - topside or rib per kg,Euro,13.003
National Average Price,2015 January,Sliced / diced beef pieces per kg,Euro,10.514
National Average Price,2015 January,Pork loin chops per kg,Euro,7.819
National Average Price,2015 January,Pork steak per kg,Euro,9.697
National Average Price,2015 January,Lamb - whole leg / half leg per kg,Euro,11.683
National Average Price,2015 January,Lamb loin chops per kg,Euro,17.319
National Average Price,2015 January,Lamb gigot chops per kg,Euro,12.875
National Average Price,2015 January,Uncooked chicken medium size 1.6kg,Euro,5.596
National Average Price,2015 January,Lamb's liver per kg,Euro,5.846
National Average Price,2015 January,Ham fillet per kg,Euro,5.903
National Average Price,2015 January,Cooked ham per kg,Euro,17.967
National Average Price,2015 January,Best back rashers per kg,Euro,10.475
National Average Price,2015 January,Pork sausages per kg,Euro,5.843
National Average Price,2015 January,Fresh fillet of whiting per kg,Euro,10.963
National Average Price,2015 January,Fresh fillet of cod per kg,Euro,16.616
National Average Price,2015 January,Fresh salmon per kg,Euro,19.286
National Average Price,2015 January,Fresh fillet of plaice per kg,Euro,18.95
National Average Price,2015 January,Fresh hake per kg,Euro,
National Average Price,2015 January,Smoked salmon per kg,Euro,30.975
National Average Price,2015 January,Full fat milk per 2 litre,Euro,1.727
National Average Price,2015 January,Low fat milk per 1 litre,Euro,1.053
National Average Price,2015 January,Irish cheddar per kg,Euro,10.82
National Average Price,2015 January,Large eggs per half dozen,Euro,1.865
National Average Price,2015 January,Medium eggs per half dozen,Euro,1.606
National Average Price,2015 January,Butter per lb,Euro,2.727
National Average Price,2015 January,Grapes per kg,Euro,5.382
National Average Price,2015 January,Bananas per kg,Euro,1.363
National Average Price,2015 January,Tomatoes per kg,Euro,3.096
National Average Price,2015 January,Onions per kg,Euro,1.137
National Average Price,2015 January,Broccoli per kg,Euro,2.884
National Average Price,2015 January,Carrots per kg,Euro,1.284
National Average Price,2015 January,Mushrooms per kg,Euro,4.445
National Average Price,2015 January,Tomatoes tinned per 400g,Euro,0.967
National Average Price,2015 January,Potatoes 2.5 kg,Euro,3.071
National Average Price,2015 January,Potatoes 7.5 kg,Euro,
National Average Price,2015 January,Potatoes 10 kg,Euro,5.375
National Average Price,2015 January,White granulated sugar per 1 kg,Euro,1.304
National Average Price,2015 January,Jam per lb,Euro,1.717
National Average Price,2015 January,Marmalade per lb,Euro,1.889
National Average Price,2015 January,Tea bags per 80,Euro,2.796
National Average Price,2015 January,Orange juice per litre,Euro,1.484
National Average Price,2015 January,Whiskey - take home (70cl bottle),Euro,25.739
National Average Price,2015 January,Brandy - take home (70cl bottle),Euro,30.601
National Average Price,2015 January,Vodka - take home (70cl bottle),Euro,19.646
National Average Price,2015 January,Cream liqueur - take home (70cl bottle),Euro,15.803
National Average Price,2015 January,Wine - take home (75cl bottle),Euro,10.819
National Average Price,2015 January,Cider - take home (50cl can),Euro,2.296
National Average Price,2015 January,Sherry - take home (75cl bottle),Euro,13.94
National Average Price,2015 January,Lager - take home (50cl can),Euro,1.976
National Average Price,2015 January,Stout - take home (50cl can),Euro,2.213
National Average Price,2015 January,Filtered cigarettes per 20 pk,Euro,9.997
National Average Price,2015 January,Stout - draught bar (1 pint),Euro,4.303
National Average Price,2015 January,Lager - draught bar (1 pint),Euro,4.676
National Average Price,2015 January,Lager - bar (33cl bottle),Euro,4.619
National Average Price,2015 January,Cider - draught bar (1 pint),Euro,4.75
National Average Price,2015 January,Ale - draught bar (1 pint),Euro,4.36
National Average Price,2015 January,Cider - bar (33cl bottle),Euro,4.74
National Average Price,2015 January,Flavoured alcoholic drink - bar (275ml bottle),Euro,5.293
National Average Price,2015 January,Whiskey - bar (single) per ½ glass,Euro,4.053
National Average Price,2015 January,Brandy - bar (single) per ½ glass,Euro,4.577
National Average Price,2015 January,Vodka - bar (single) per ½ glass,Euro,4.111
National Average Price,2015 January,Wine - bar (187ml bottle),Euro,5.306
National Average Price,2015 January,Diesel per litre,Euro,1.23
National Average Price,2015 January,Petrol - unleaded per litre,Euro,1.297
National Average Price,2015 January,Cinema fee,Euro,9.146
National Average Price,2015 January,Nightclubs fee,Euro,9.482
National Average Price,2015 January,Gent's dry cut fee,Euro,11.949
National Average Price,2015 January,"Gent's wash, cut, and blow dry fee",Euro,18.679
National Average Price,2015 January,"Ladies' wash, cut and blow dry fee",Euro,39.517
National Average Price,2015 February,"White, self raising flour per 2 kg",Euro,2.293
National Average Price,2015 February,"Brown, wholemeal flour per 2 kg",Euro,2.98
National Average Price,2015 February,"Bread, white sliced pan, large (800g)",Euro,1.267
National Average Price,2015 February,"Bread, brown sliced pan, large (800g)",Euro,1.366
National Average Price,2015 February,Spaghetti per 500g,Euro,1.097
National Average Price,2015 February,Sirloin steak per kg,Euro,15.101
National Average Price,2015 February,Striploin steak per kg,Euro,20.925
National Average Price,2015 February,Roast beef - topside or rib per kg,Euro,12.464
National Average Price,2015 February,Sliced / diced beef pieces per kg,Euro,10.578
National Average Price,2015 February,Pork loin chops per kg,Euro,7.921
National Average Price,2015 February,Pork steak per kg,Euro,9.318
National Average Price,2015 February,Lamb - whole leg / half leg per kg,Euro,11.995
National Average Price,2015 February,Lamb loin chops per kg,Euro,16.899
National Average Price,2015 February,Lamb gigot chops per kg,Euro,13.131
National Average Price,2015 February,Uncooked chicken medium size 1.6kg,Euro,5.533
National Average Price,2015 February,Lamb's liver per kg,Euro,5.877
National Average Price,2015 February,Ham fillet per kg,Euro,5.99
National Average Price,2015 February,Cooked ham per kg,Euro,17.904
National Average Price,2015 February,Best back rashers per kg,Euro,10.368
National Average Price,2015 February,Pork sausages per kg,Euro,5.864
National Average Price,2015 February,Fresh fillet of whiting per kg,Euro,10.965
National Average Price,2015 February,Fresh fillet of cod per kg,Euro,16.198
National Average Price,2015 February,Fresh salmon per kg,Euro,17.442
National Average Price,2015 February,Fresh fillet of plaice per kg,Euro,19.187
National Average Price,2015 February,Fresh hake per kg,Euro,
National Average Price,2015 February,Smoked salmon per kg,Euro,30.023
National Average Price,2015 February,Full fat milk per 2 litre,Euro,1.728
National Average Price,2015 February,Low fat milk per 1 litre,Euro,1.051
National Average Price,2015 February,Irish cheddar per kg,Euro,10.655
National Average Price,2015 February,Large eggs per half dozen,Euro,1.871
National Average Price,2015 February,Medium eggs per half dozen,Euro,1.598
National Average Price,2015 February,Butter per lb,Euro,2.716
National Average Price,2015 February,Grapes per kg,Euro,5.299
National Average Price,2015 February,Bananas per kg,Euro,1.362
National Average Price,2015 February,Tomatoes per kg,Euro,3.127
National Average Price,2015 February,Onions per kg,Euro,1.236
National Average Price,2015 February,Broccoli per kg,Euro,3.119
National Average Price,2015 February,Carrots per kg,Euro,1.298
National Average Price,2015 February,Mushrooms per kg,Euro,4.339
National Average Price,2015 February,Tomatoes tinned per 400g,Euro,0.937
National Average Price,2015 February,Potatoes 2.5 kg,Euro,2.916
National Average Price,2015 February,Potatoes 7.5 kg,Euro,
National Average Price,2015 February,Potatoes 10 kg,Euro,5.19
National Average Price,2015 February,White granulated sugar per 1 kg,Euro,1.301
National Average Price,2015 February,Jam per lb,Euro,1.981
National Average Price,2015 February,Marmalade per lb,Euro,1.827
National Average Price,2015 February,Tea bags per 80,Euro,2.776
National Average Price,2015 February,Orange juice per litre,Euro,1.578
National Average Price,2015 February,Whiskey - take home (70cl bottle),Euro,25.642
National Average Price,2015 February,Brandy - take home (70cl bottle),Euro,30.792
National Average Price,2015 February,Vodka - take home (70cl bottle),Euro,19.758
National Average Price,2015 February,Cream liqueur - take home (70cl bottle),Euro,16.367
National Average Price,2015 February,Wine - take home (75cl bottle),Euro,10.578
National Average Price,2015 February,Cider - take home (50cl can),Euro,2.245
National Average Price,2015 February,Sherry - take home (75cl bottle),Euro,13.942
National Average Price,2015 February,Lager - take home (50cl can),Euro,1.968
National Average Price,2015 February,Stout - take home (50cl can),Euro,2.225
National Average Price,2015 February,Filtered cigarettes per 20 pk,Euro,9.995
National Average Price,2015 February,Stout - draught bar (1 pint),Euro,4.303
National Average Price,2015 February,Lager - draught bar (1 pint),Euro,4.676
National Average Price,2015 February,Lager - bar (33cl bottle),Euro,4.62
National Average Price,2015 February,Cider - draught bar (1 pint),Euro,4.75
National Average Price,2015 February,Ale - draught bar (1 pint),Euro,4.358
National Average Price,2015 February,Cider - bar (33cl bottle),Euro,4.745
National Average Price,2015 February,Flavoured alcoholic drink - bar (275ml bottle),Euro,5.297
National Average Price,2015 February,Whiskey - bar (single) per ½ glass,Euro,4.056
National Average Price,2015 February,Brandy - bar (single) per ½ glass,Euro,4.577
National Average Price,2015 February,Vodka - bar (single) per ½ glass,Euro,4.111
National Average Price,2015 February,Wine - bar (187ml bottle),Euro,5.308
National Average Price,2015 February,Diesel per litre,Euro,1.227
National Average Price,2015 February,Petrol - unleaded per litre,Euro,1.291
National Average Price,2015 February,Cinema fee,Euro,9.064
National Average Price,2015 February,Nightclubs fee,Euro,9.392
National Average Price,2015 February,Gent's dry cut fee,Euro,11.924
National Average Price,2015 February,"Gent's wash, cut, and blow dry fee",Euro,17.755
National Average Price,2015 February,"Ladies' wash, cut and blow dry fee",Euro,39.014
National Average Price,2015 March,"White, self raising flour per 2 kg",Euro,2.313
National Average Price,2015 March,"Brown, wholemeal flour per 2 kg",Euro,2.981
National Average Price,2015 March,"Bread, white sliced pan, large (800g)",Euro,1.268
National Average Price,2015 March,"Bread, brown sliced pan, large (800g)",Euro,1.355
National Average Price,2015 March,Spaghetti per 500g,Euro,1.056
National Average Price,2015 March,Sirloin steak per kg,Euro,15.53
National Average Price,2015 March,Striploin steak per kg,Euro,21.709
National Average Price,2015 March,Roast beef - topside or rib per kg,Euro,13.239
National Average Price,2015 March,Sliced / diced beef pieces per kg,Euro,10.649
National Average Price,2015 March,Pork loin chops per kg,Euro,8.318
National Average Price,2015 March,Pork steak per kg,Euro,8.827
National Average Price,2015 March,Lamb - whole leg / half leg per kg,Euro,11.736
National Average Price,2015 March,Lamb loin chops per kg,Euro,18.019
National Average Price,2015 March,Lamb gigot chops per kg,Euro,13.324
National Average Price,2015 March,Uncooked chicken medium size 1.6kg,Euro,5.549
National Average Price,2015 March,Lamb's liver per kg,Euro,5.858
National Average Price,2015 March,Ham fillet per kg,Euro,5.818
National Average Price,2015 March,Cooked ham per kg,Euro,17.598
National Average Price,2015 March,Best back rashers per kg,Euro,10.462
National Average Price,2015 March,Pork sausages per kg,Euro,5.858
National Average Price,2015 March,Fresh fillet of whiting per kg,Euro,10.991
National Average Price,2015 March,Fresh fillet of cod per kg,Euro,17.319
National Average Price,2015 March,Fresh salmon per kg,Euro,19.136
National Average Price,2015 March,Fresh fillet of plaice per kg,Euro,19.204
National Average Price,2015 March,Fresh hake per kg,Euro,
National Average Price,2015 March,Smoked salmon per kg,Euro,30.348
National Average Price,2015 March,Full fat milk per 2 litre,Euro,1.719
National Average Price,2015 March,Low fat milk per 1 litre,Euro,1.046
National Average Price,2015 March,Irish cheddar per kg,Euro,10.515
National Average Price,2015 March,Large eggs per half dozen,Euro,1.876
National Average Price,2015 March,Medium eggs per half dozen,Euro,1.612
National Average Price,2015 March,Butter per lb,Euro,2.751
National Average Price,2015 March,Grapes per kg,Euro,5.181
National Average Price,2015 March,Bananas per kg,Euro,1.361
National Average Price,2015 March,Tomatoes per kg,Euro,3.118
National Average Price,2015 March,Onions per kg,Euro,1.106
National Average Price,2015 March,Broccoli per kg,Euro,3.082
National Average Price,2015 March,Carrots per kg,Euro,1.285
National Average Price,2015 March,Mushrooms per kg,Euro,4.411
National Average Price,2015 March,Tomatoes tinned per 400g,Euro,0.91
National Average Price,2015 March,Potatoes 2.5 kg,Euro,2.924
National Average Price,2015 March,Potatoes 7.5 kg,Euro,
National Average Price,2015 March,Potatoes 10 kg,Euro,5.145
National Average Price,2015 March,White granulated sugar per 1 kg,Euro,1.29
National Average Price,2015 March,Jam per lb,Euro,1.857
National Average Price,2015 March,Marmalade per lb,Euro,1.882
National Average Price,2015 March,Tea bags per 80,Euro,2.793
National Average Price,2015 March,Orange juice per litre,Euro,1.61
National Average Price,2015 March,Whiskey - take home (70cl bottle),Euro,25.271
National Average Price,2015 March,Brandy - take home (70cl bottle),Euro,30.2
National Average Price,2015 March,Vodka - take home (70cl bottle),Euro,19.793
National Average Price,2015 March,Cream liqueur - take home (70cl bottle),Euro,15.14
National Average Price,2015 March,Wine - take home (75cl bottle),Euro,10.601
National Average Price,2015 March,Cider - take home (50cl can),Euro,2.286
National Average Price,2015 March,Sherry - take home (75cl bottle),Euro,14.341
National Average Price,2015 March,Lager - take home (50cl can),Euro,1.969
National Average Price,2015 March,Stout - take home (50cl can),Euro,2.21
National Average Price,2015 March,Filtered cigarettes per 20 pk,Euro,9.995
National Average Price,2015 March,Stout - draught bar (1 pint),Euro,4.304
National Average Price,2015 March,Lager - draught bar (1 pint),Euro,4.678
National Average Price,2015 March,Lager - bar (33cl bottle),Euro,4.624
National Average Price,2015 March,Cider - draught bar (1 pint),Euro,4.745
National Average Price,2015 March,Ale - draught bar (1 pint),Euro,4.362
National Average Price,2015 March,Cider - bar (33cl bottle),Euro,4.742
National Average Price,2015 March,Flavoured alcoholic drink - bar (275ml bottle),Euro,5.309
National Average Price,2015 March,Whiskey - bar (single) per ½ glass,Euro,4.059
National Average Price,2015 March,Brandy - bar (single) per ½ glass,Euro,4.577
National Average Price,2015 March,Vodka - bar (single) per ½ glass,Euro,4.108
National Average Price,2015 March,Wine - bar (187ml bottle),Euro,5.333
National Average Price,2015 March,Diesel per litre,Euro,1.298
National Average Price,2015 March,Petrol - unleaded per litre,Euro,1.36
National Average Price,2015 March,Cinema fee,Euro,9.141
National Average Price,2015 March,Nightclubs fee,Euro,9.379
National Average Price,2015 March,Gent's dry cut fee,Euro,11.836
National Average Price,2015 March,"Gent's wash, cut, and blow dry fee",Euro,17.643
National Average Price,2015 March,"Ladies' wash, cut and blow dry fee",Euro,38.762
National Average Price,2015 April,"White, self raising flour per 2 kg",Euro,2.321
National Average Price,2015 April,"Brown, wholemeal flour per 2 kg",Euro,2.987
National Average Price,2015 April,"Bread, white sliced pan, large (800g)",Euro,1.265
National Average Price,2015 April,"Bread, brown sliced pan, large (800g)",Euro,1.365
National Average Price,2015 April,Spaghetti per 500g,Euro,1.057
National Average Price,2015 April,Sirloin steak per kg,Euro,15.904
National Average Price,2015 April,Striploin steak per kg,Euro,22.368
National Average Price,2015 April,Roast beef - topside or rib per kg,Euro,13.044
National Average Price,2015 April,Sliced / diced beef pieces per kg,Euro,10.11
National Average Price,2015 April,Pork loin chops per kg,Euro,7.768
National Average Price,2015 April,Pork steak per kg,Euro,9.427
National Average Price,2015 April,Lamb - whole leg / half leg per kg,Euro,12.918
National Average Price,2015 April,Lamb loin chops per kg,Euro,18.182
National Average Price,2015 April,Lamb gigot chops per kg,Euro,13.467
National Average Price,2015 April,Uncooked chicken medium size 1.6kg,Euro,5.499
National Average Price,2015 April,Lamb's liver per kg,Euro,5.858
National Average Price,2015 April,Ham fillet per kg,Euro,5.831
National Average Price,2015 April,Cooked ham per kg,Euro,17.463
National Average Price,2015 April,Best back rashers per kg,Euro,10.319
National Average Price,2015 April,Pork sausages per kg,Euro,5.772
National Average Price,2015 April,Fresh fillet of whiting per kg,Euro,10.429
National Average Price,2015 April,Fresh fillet of cod per kg,Euro,14.222
National Average Price,2015 April,Fresh salmon per kg,Euro,19.061
National Average Price,2015 April,Fresh fillet of plaice per kg,Euro,19.407
National Average Price,2015 April,Fresh hake per kg,Euro,
National Average Price,2015 April,Smoked salmon per kg,Euro,29.64
National Average Price,2015 April,Full fat milk per 2 litre,Euro,1.728
National Average Price,2015 April,Low fat milk per 1 litre,Euro,1.052
National Average Price,2015 April,Irish cheddar per kg,Euro,10.194
National Average Price,2015 April,Large eggs per half dozen,Euro,1.88
National Average Price,2015 April,Medium eggs per half dozen,Euro,1.624
National Average Price,2015 April,Butter per lb,Euro,2.735
National Average Price,2015 April,Grapes per kg,Euro,5.108
National Average Price,2015 April,Bananas per kg,Euro,1.369
National Average Price,2015 April,Tomatoes per kg,Euro,3.134
National Average Price,2015 April,Onions per kg,Euro,1.073
National Average Price,2015 April,Broccoli per kg,Euro,3.088
National Average Price,2015 April,Carrots per kg,Euro,1.281
National Average Price,2015 April,Mushrooms per kg,Euro,4.249
National Average Price,2015 April,Tomatoes tinned per 400g,Euro,0.909
National Average Price,2015 April,Potatoes 2.5 kg,Euro,2.775
National Average Price,2015 April,Potatoes 7.5 kg,Euro,
National Average Price,2015 April,Potatoes 10 kg,Euro,4.912
National Average Price,2015 April,White granulated sugar per 1 kg,Euro,1.285
National Average Price,2015 April,Jam per lb,Euro,1.692
National Average Price,2015 April,Marmalade per lb,Euro,1.93
National Average Price,2015 April,Tea bags per 80,Euro,2.846
National Average Price,2015 April,Orange juice per litre,Euro,1.58
National Average Price,2015 April,Whiskey - take home (70cl bottle),Euro,25.127
National Average Price,2015 April,Brandy - take home (70cl bottle),Euro,30.481
National Average Price,2015 April,Vodka - take home (70cl bottle),Euro,19.274
National Average Price,2015 April,Cream liqueur - take home (70cl bottle),Euro,15.078
National Average Price,2015 April,Wine - take home (75cl bottle),Euro,10.499
National Average Price,2015 April,Cider - take home (50cl can),Euro,2.291
National Average Price,2015 April,Sherry - take home (75cl bottle),Euro,13.922
National Average Price,2015 April,Lager - take home (50cl can),Euro,1.966
National Average Price,2015 April,Stout - take home (50cl can),Euro,2.204
National Average Price,2015 April,Filtered cigarettes per 20 pk,Euro,10.001
National Average Price,2015 April,Stout - draught bar (1 pint),Euro,4.303
National Average Price,2015 April,Lager - draught bar (1 pint),Euro,4.676
National Average Price,2015 April,Lager - bar (33cl bottle),Euro,4.62
National Average Price,2015 April,Cider - draught bar (1 pint),Euro,4.747
National Average Price,2015 April,Ale - draught bar (1 pint),Euro,4.363
National Average Price,2015 April,Cider - bar (33cl bottle),Euro,4.737
National Average Price,2015 April,Flavoured alcoholic drink - bar (275ml bottle),Euro,5.298
National Average Price,2015 April,Whiskey - bar (single) per ½ glass,Euro,4.06
National Average Price,2015 April,Brandy - bar (single) per ½ glass,Euro,4.58
National Average Price,2015 April,Vodka - bar (single) per ½ glass,Euro,4.108
National Average Price,2015 April,Wine - bar (187ml bottle),Euro,5.33
National Average Price,2015 April,Diesel per litre,Euro,1.303
National Average Price,2015 April,Petrol - unleaded per litre,Euro,1.395
National Average Price,2015 April,Cinema fee,Euro,9.143
National Average Price,2015 April,Nightclubs fee,Euro,9.37
National Average Price,2015 April,Gent's dry cut fee,Euro,11.836
National Average Price,2015 April,"Gent's wash, cut, and blow dry fee",Euro,17.688
National Average Price,2015 April,"Ladies' wash, cut and blow dry fee",Euro,38.543
National Average Price,2015 May,"White, self raising flour per 2 kg",Euro,2.26
National Average Price,2015 May,"Brown, wholemeal flour per 2 kg",Euro,3.009
National Average Price,2015 May,"Bread, white sliced pan, large (800g)",Euro,1.26
National Average Price,2015 May,"Bread, brown sliced pan, large (800g)",Euro,1.353
National Average Price,2015 May,Spaghetti per 500g,Euro,1.042
National Average Price,2015 May,Sirloin steak per kg,Euro,16.283
National Average Price,2015 May,Striploin steak per kg,Euro,22.245
National Average Price,2015 May,Roast beef - topside or rib per kg,Euro,13.284
National Average Price,2015 May,Sliced / diced beef pieces per kg,Euro,10.618
National Average Price,2015 May,Pork loin chops per kg,Euro,8.11
National Average Price,2015 May,Pork steak per kg,Euro,9.185
National Average Price,2015 May,Lamb - whole leg / half leg per kg,Euro,12.311
National Average Price,2015 May,Lamb loin chops per kg,Euro,17.815
National Average Price,2015 May,Lamb gigot chops per kg,Euro,12.588
National Average Price,2015 May,Uncooked chicken medium size 1.6kg,Euro,5.442
National Average Price,2015 May,Lamb's liver per kg,Euro,5.854
National Average Price,2015 May,Ham fillet per kg,Euro,5.869
National Average Price,2015 May,Cooked ham per kg,Euro,17.684
National Average Price,2015 May,Best back rashers per kg,Euro,10.264
National Average Price,2015 May,Pork sausages per kg,Euro,5.959
National Average Price,2015 May,Fresh fillet of whiting per kg,Euro,10.919
National Average Price,2015 May,Fresh fillet of cod per kg,Euro,14.539
National Average Price,2015 May,Fresh salmon per kg,Euro,19.404
National Average Price,2015 May,Fresh fillet of plaice per kg,Euro,18.042
National Average Price,2015 May,Fresh hake per kg,Euro,
National Average Price,2015 May,Smoked salmon per kg,Euro,30.454
National Average Price,2015 May,Full fat milk per 2 litre,Euro,1.72
National Average Price,2015 May,Low fat milk per 1 litre,Euro,1.05
National Average Price,2015 May,Irish cheddar per kg,Euro,10.606
National Average Price,2015 May,Large eggs per half dozen,Euro,1.867
National Average Price,2015 May,Medium eggs per half dozen,Euro,1.645
National Average Price,2015 May,Butter per lb,Euro,2.716
National Average Price,2015 May,Grapes per kg,Euro,5.161
National Average Price,2015 May,Bananas per kg,Euro,1.362
National Average Price,2015 May,Tomatoes per kg,Euro,3.046
National Average Price,2015 May,Onions per kg,Euro,1.108
National Average Price,2015 May,Broccoli per kg,Euro,3.115
National Average Price,2015 May,Carrots per kg,Euro,1.275
National Average Price,2015 May,Mushrooms per kg,Euro,4.413
National Average Price,2015 May,Tomatoes tinned per 400g,Euro,0.891
National Average Price,2015 May,Potatoes 2.5 kg,Euro,2.734
National Average Price,2015 May,Potatoes 7.5 kg,Euro,
National Average Price,2015 May,Potatoes 10 kg,Euro,5.011
National Average Price,2015 May,White granulated sugar per 1 kg,Euro,1.287
National Average Price,2015 May,Jam per lb,Euro,1.588
National Average Price,2015 May,Marmalade per lb,Euro,1.823
National Average Price,2015 May,Tea bags per 80,Euro,2.861
National Average Price,2015 May,Orange juice per litre,Euro,1.562
National Average Price,2015 May,Whiskey - take home (70cl bottle),Euro,23.487
National Average Price,2015 May,Brandy - take home (70cl bottle),Euro,31.026
National Average Price,2015 May,Vodka - take home (70cl bottle),Euro,19.105
National Average Price,2015 May,Cream liqueur - take home (70cl bottle),Euro,16.04
National Average Price,2015 May,Wine - take home (75cl bottle),Euro,10.537
National Average Price,2015 May,Cider - take home (50cl can),Euro,2.348
National Average Price,2015 May,Sherry - take home (75cl bottle),Euro,14.215
National Average Price,2015 May,Lager - take home (50cl can),Euro,1.949
National Average Price,2015 May,Stout - take home (50cl can),Euro,2.204
National Average Price,2015 May,Filtered cigarettes per 20 pk,Euro,9.999
National Average Price,2015 May,Stout - draught bar (1 pint),Euro,4.308
National Average Price,2015 May,Lager - draught bar (1 pint),Euro,4.682
National Average Price,2015 May,Lager - bar (33cl bottle),Euro,4.62
National Average Price,2015 May,Cider - draught bar (1 pint),Euro,4.752
National Average Price,2015 May,Ale - draught bar (1 pint),Euro,4.367
National Average Price,2015 May,Cider - bar (33cl bottle),Euro,4.74
National Average Price,2015 May,Flavoured alcoholic drink - bar (275ml bottle),Euro,5.289
National Average Price,2015 May,Whiskey - bar (single) per ½ glass,Euro,4.066
National Average Price,2015 May,Brandy - bar (single) per ½ glass,Euro,4.584
National Average Price,2015 May,Vodka - bar (single) per ½ glass,Euro,4.108
National Average Price,2015 May,Wine - bar (187ml bottle),Euro,5.331
National Average Price,2015 May,Diesel per litre,Euro,1.335
National Average Price,2015 May,Petrol - unleaded per litre,Euro,1.443
National Average Price,2015 May,Cinema fee,Euro,9.147
National Average Price,2015 May,Nightclubs fee,Euro,9.232
National Average Price,2015 May,Gent's dry cut fee,Euro,11.848
National Average Price,2015 May,"Gent's wash, cut, and blow dry fee",Euro,17.663
National Average Price,2015 May,"Ladies' wash, cut and blow dry fee",Euro,38.531
National Average Price,2015 June,"White, self raising flour per 2 kg",Euro,2.387
National Average Price,2015 June,"Brown, wholemeal flour per 2 kg",Euro,3.044
National Average Price,2015 June,"Bread, white sliced pan, large (800g)",Euro,1.253
National Average Price,2015 June,"Bread, brown sliced pan, large (800g)",Euro,1.357
National Average Price,2015 June,Spaghetti per 500g,Euro,1.089
National Average Price,2015 June,Sirloin steak per kg,Euro,16.08
National Average Price,2015 June,Striploin steak per kg,Euro,21.655
National Average Price,2015 June,Roast beef - topside or rib per kg,Euro,13.404
National Average Price,2015 June,Sliced / diced beef pieces per kg,Euro,10.49
National Average Price,2015 June,Pork loin chops per kg,Euro,8
National Average Price,2015 June,Pork steak per kg,Euro,9.435
National Average Price,2015 June,Lamb - whole leg / half leg per kg,Euro,12.075
National Average Price,2015 June,Lamb loin chops per kg,Euro,18.1
National Average Price,2015 June,Lamb gigot chops per kg,Euro,13.251
National Average Price,2015 June,Uncooked chicken medium size 1.6kg,Euro,5.429
National Average Price,2015 June,Lamb's liver per kg,Euro,5.867
National Average Price,2015 June,Ham fillet per kg,Euro,5.855
National Average Price,2015 June,Cooked ham per kg,Euro,17.446
National Average Price,2015 June,Best back rashers per kg,Euro,10.281
National Average Price,2015 June,Pork sausages per kg,Euro,5.865
National Average Price,2015 June,Fresh fillet of whiting per kg,Euro,11.002
National Average Price,2015 June,Fresh fillet of cod per kg,Euro,15.634
National Average Price,2015 June,Fresh salmon per kg,Euro,17.581
National Average Price,2015 June,Fresh fillet of plaice per kg,Euro,17.633
National Average Price,2015 June,Fresh hake per kg,Euro,
National Average Price,2015 June,Smoked salmon per kg,Euro,30.105
National Average Price,2015 June,Full fat milk per 2 litre,Euro,1.722
National Average Price,2015 June,Low fat milk per 1 litre,Euro,1.047
National Average Price,2015 June,Irish cheddar per kg,Euro,10.493
National Average Price,2015 June,Large eggs per half dozen,Euro,1.869
National Average Price,2015 June,Medium eggs per half dozen,Euro,1.624
National Average Price,2015 June,Butter per lb,Euro,2.728
National Average Price,2015 June,Grapes per kg,Euro,5.176
National Average Price,2015 June,Bananas per kg,Euro,1.361
National Average Price,2015 June,Tomatoes per kg,Euro,3
National Average Price,2015 June,Onions per kg,Euro,1.098
National Average Price,2015 June,Broccoli per kg,Euro,3.066
National Average Price,2015 June,Carrots per kg,Euro,1.282
National Average Price,2015 June,Mushrooms per kg,Euro,4.404
National Average Price,2015 June,Tomatoes tinned per 400g,Euro,0.915
National Average Price,2015 June,Potatoes 2.5 kg,Euro,2.655
National Average Price,2015 June,Potatoes 7.5 kg,Euro,
National Average Price,2015 June,Potatoes 10 kg,Euro,4.955
National Average Price,2015 June,White granulated sugar per 1 kg,Euro,1.276
National Average Price,2015 June,Jam per lb,Euro,1.481
National Average Price,2015 June,Marmalade per lb,Euro,1.856
National Average Price,2015 June,Tea bags per 80,Euro,2.766
National Average Price,2015 June,Orange juice per litre,Euro,1.575
National Average Price,2015 June,Whiskey - take home (70cl bottle),Euro,25.713
National Average Price,2015 June,Brandy - take home (70cl bottle),Euro,30.335
National Average Price,2015 June,Vodka - take home (70cl bottle),Euro,19.276
National Average Price,2015 June,Cream liqueur - take home (70cl bottle),Euro,15.28
National Average Price,2015 June,Wine - take home (75cl bottle),Euro,10.68
National Average Price,2015 June,Cider - take home (50cl can),Euro,2.318
National Average Price,2015 June,Sherry - take home (75cl bottle),Euro,13.869
National Average Price,2015 June,Lager - take home (50cl can),Euro,1.955
National Average Price,2015 June,Stout - take home (50cl can),Euro,2.202
National Average Price,2015 June,Filtered cigarettes per 20 pk,Euro,9.999
National Average Price,2015 June,Stout - draught bar (1 pint),Euro,4.303
National Average Price,2015 June,Lager - draught bar (1 pint),Euro,4.678
National Average Price,2015 June,Lager - bar (33cl bottle),Euro,4.63
National Average Price,2015 June,Cider - draught bar (1 pint),Euro,4.753
National Average Price,2015 June,Ale - draught bar (1 pint),Euro,4.357
National Average Price,2015 June,Cider - bar (33cl bottle),Euro,4.734
National Average Price,2015 June,Flavoured alcoholic drink - bar (275ml bottle),Euro,5.298
National Average Price,2015 June,Whiskey - bar (single) per ½ glass,Euro,4.067
National Average Price,2015 June,Brandy - bar (single) per ½ glass,Euro,4.582
National Average Price,2015 June,Vodka - bar (single) per ½ glass,Euro,4.11
National Average Price,2015 June,Wine - bar (187ml bottle),Euro,5.333
National Average Price,2015 June,Diesel per litre,Euro,1.337
National Average Price,2015 June,Petrol - unleaded per litre,Euro,1.452
National Average Price,2015 June,Cinema fee,Euro,9.141
National Average Price,2015 June,Nightclubs fee,Euro,9.315
National Average Price,2015 June,Gent's dry cut fee,Euro,11.848
National Average Price,2015 June,"Gent's wash, cut, and blow dry fee",Euro,17.666
National Average Price,2015 June,"Ladies' wash, cut and blow dry fee",Euro,38.531
National Average Price,2015 July,"White, self raising flour per 2 kg",Euro,2.418
National Average Price,2015 July,"Brown, wholemeal flour per 2 kg",Euro,3.039
National Average Price,2015 July,"Bread, white sliced pan, large (800g)",Euro,1.252
National Average Price,2015 July,"Bread, brown sliced pan, large (800g)",Euro,1.364
National Average Price,2015 July,Spaghetti per 500g,Euro,1.067
National Average Price,2015 July,Sirloin steak per kg,Euro,15.824
National Average Price,2015 July,Striploin steak per kg,Euro,21.92
National Average Price,2015 July,Roast beef - topside or rib per kg,Euro,12.993
National Average Price,2015 July,Sliced / diced beef pieces per kg,Euro,10.344
National Average Price,2015 July,Pork loin chops per kg,Euro,8.501
National Average Price,2015 July,Pork steak per kg,Euro,8.777
National Average Price,2015 July,Lamb - whole leg / half leg per kg,Euro,11.082
National Average Price,2015 July,Lamb loin chops per kg,Euro,18.028
National Average Price,2015 July,Lamb gigot chops per kg,Euro,12.928
National Average Price,2015 July,Uncooked chicken medium size 1.6kg,Euro,5.29
National Average Price,2015 July,Lamb's liver per kg,Euro,5.826
National Average Price,2015 July,Ham fillet per kg,Euro,5.792
National Average Price,2015 July,Cooked ham per kg,Euro,16.921
National Average Price,2015 July,Best back rashers per kg,Euro,10.035
National Average Price,2015 July,Pork sausages per kg,Euro,5.913
National Average Price,2015 July,Fresh fillet of whiting per kg,Euro,10.672
National Average Price,2015 July,Fresh fillet of cod per kg,Euro,16.504
National Average Price,2015 July,Fresh salmon per kg,Euro,18.278
National Average Price,2015 July,Fresh fillet of plaice per kg,Euro,18.584
National Average Price,2015 July,Fresh hake per kg,Euro,
National Average Price,2015 July,Smoked salmon per kg,Euro,29.942
National Average Price,2015 July,Full fat milk per 2 litre,Euro,1.715
National Average Price,2015 July,Low fat milk per 1 litre,Euro,1.047
National Average Price,2015 July,Irish cheddar per kg,Euro,10.288
National Average Price,2015 July,Large eggs per half dozen,Euro,1.861
National Average Price,2015 July,Medium eggs per half dozen,Euro,1.616
National Average Price,2015 July,Butter per lb,Euro,2.73
National Average Price,2015 July,Grapes per kg,Euro,5.092
National Average Price,2015 July,Bananas per kg,Euro,1.363
National Average Price,2015 July,Tomatoes per kg,Euro,2.981
National Average Price,2015 July,Onions per kg,Euro,1.113
National Average Price,2015 July,Broccoli per kg,Euro,3.086
National Average Price,2015 July,Carrots per kg,Euro,1.282
National Average Price,2015 July,Mushrooms per kg,Euro,4.362
National Average Price,2015 July,Tomatoes tinned per 400g,Euro,0.894
National Average Price,2015 July,Potatoes 2.5 kg,Euro,2.796
National Average Price,2015 July,Potatoes 7.5 kg,Euro,
National Average Price,2015 July,Potatoes 10 kg,Euro,4.852
National Average Price,2015 July,White granulated sugar per 1 kg,Euro,1.279
National Average Price,2015 July,Jam per lb,Euro,1.474
National Average Price,2015 July,Marmalade per lb,Euro,2.022
National Average Price,2015 July,Tea bags per 80,Euro,2.54
National Average Price,2015 July,Orange juice per litre,Euro,1.569
National Average Price,2015 July,Whiskey - take home (70cl bottle),Euro,25.144
National Average Price,2015 July,Brandy - take home (70cl bottle),Euro,30.453
National Average Price,2015 July,Vodka - take home (70cl bottle),Euro,19.246
National Average Price,2015 July,Cream liqueur - take home (70cl bottle),Euro,16.358
National Average Price,2015 July,Wine - take home (75cl bottle),Euro,10.568
National Average Price,2015 July,Cider - take home (50cl can),Euro,2.323
National Average Price,2015 July,Sherry - take home (75cl bottle),Euro,13.449
National Average Price,2015 July,Lager - take home (50cl can),Euro,1.933
National Average Price,2015 July,Stout - take home (50cl can),Euro,2.215
National Average Price,2015 July,Filtered cigarettes per 20 pk,Euro,9.987
National Average Price,2015 July,Stout - draught bar (1 pint),Euro,4.306
National Average Price,2015 July,Lager - draught bar (1 pint),Euro,4.682
National Average Price,2015 July,Lager - bar (33cl bottle),Euro,4.62
National Average Price,2015 July,Cider - draught bar (1 pint),Euro,4.752
National Average Price,2015 July,Ale - draught bar (1 pint),Euro,4.361
National Average Price,2015 July,Cider - bar (33cl bottle),Euro,4.728
National Average Price,2015 July,Flavoured alcoholic drink - bar (275ml bottle),Euro,5.297
National Average Price,2015 July,Whiskey - bar (single) per ½ glass,Euro,4.073
National Average Price,2015 July,Brandy - bar (single) per ½ glass,Euro,4.58
National Average Price,2015 July,Vodka - bar (single) per ½ glass,Euro,4.115
National Average Price,2015 July,Wine - bar (187ml bottle),Euro,5.322
National Average Price,2015 July,Diesel per litre,Euro,1.318
National Average Price,2015 July,Petrol - unleaded per litre,Euro,1.457
National Average Price,2015 July,Cinema fee,Euro,9.327
National Average Price,2015 July,Nightclubs fee,Euro,9.405
National Average Price,2015 July,Gent's dry cut fee,Euro,11.827
National Average Price,2015 July,"Gent's wash, cut, and blow dry fee",Euro,17.666
National Average Price,2015 July,"Ladies' wash, cut and blow dry fee",Euro,38.507
National Average Price,2015 August,"White, self raising flour per 2 kg",Euro,2.425
National Average Price,2015 August,"Brown, wholemeal flour per 2 kg",Euro,3.047
National Average Price,2015 August,"Bread, white sliced pan, large (800g)",Euro,1.25
National Average Price,2015 August,"Bread, brown sliced pan, large (800g)",Euro,1.365
National Average Price,2015 August,Spaghetti per 500g,Euro,1.092
National Average Price,2015 August,Sirloin steak per kg,Euro,15.115
National Average Price,2015 August,Striploin steak per kg,Euro,22.837
National Average Price,2015 August,Roast beef - topside or rib per kg,Euro,12.901
National Average Price,2015 August,Sliced / diced beef pieces per kg,Euro,10.353
National Average Price,2015 August,Pork loin chops per kg,Euro,7.9
National Average Price,2015 August,Pork steak per kg,Euro,9.221
National Average Price,2015 August,Lamb - whole leg / half leg per kg,Euro,10.778
National Average Price,2015 August,Lamb loin chops per kg,Euro,18.742
National Average Price,2015 August,Lamb gigot chops per kg,Euro,13.103
National Average Price,2015 August,Uncooked chicken medium size 1.6kg,Euro,5.213
National Average Price,2015 August,Lamb's liver per kg,Euro,5.818
National Average Price,2015 August,Ham fillet per kg,Euro,5.895
National Average Price,2015 August,Cooked ham per kg,Euro,17.347
National Average Price,2015 August,Best back rashers per kg,Euro,10.192
National Average Price,2015 August,Pork sausages per kg,Euro,5.947
National Average Price,2015 August,Fresh fillet of whiting per kg,Euro,10.932
National Average Price,2015 August,Fresh fillet of cod per kg,Euro,16.568
National Average Price,2015 August,Fresh salmon per kg,Euro,18.843
National Average Price,2015 August,Fresh fillet of plaice per kg,Euro,18.757
National Average Price,2015 August,Fresh hake per kg,Euro,
National Average Price,2015 August,Smoked salmon per kg,Euro,29.498
National Average Price,2015 August,Full fat milk per 2 litre,Euro,1.716
National Average Price,2015 August,Low fat milk per 1 litre,Euro,1.044
National Average Price,2015 August,Irish cheddar per kg,Euro,10.304
National Average Price,2015 August,Large eggs per half dozen,Euro,1.873
National Average Price,2015 August,Medium eggs per half dozen,Euro,1.563
National Average Price,2015 August,Butter per lb,Euro,2.725
National Average Price,2015 August,Grapes per kg,Euro,4.977
National Average Price,2015 August,Bananas per kg,Euro,1.365
National Average Price,2015 August,Tomatoes per kg,Euro,2.934
National Average Price,2015 August,Onions per kg,Euro,1.102
National Average Price,2015 August,Broccoli per kg,Euro,3.083
National Average Price,2015 August,Carrots per kg,Euro,1.303
National Average Price,2015 August,Mushrooms per kg,Euro,4.385
National Average Price,2015 August,Tomatoes tinned per 400g,Euro,0.926
National Average Price,2015 August,Potatoes 2.5 kg,Euro,2.921
National Average Price,2015 August,Potatoes 7.5 kg,Euro,
National Average Price,2015 August,Potatoes 10 kg,Euro,5.404
National Average Price,2015 August,White granulated sugar per 1 kg,Euro,1.281
National Average Price,2015 August,Jam per lb,Euro,1.391
National Average Price,2015 August,Marmalade per lb,Euro,1.924
National Average Price,2015 August,Tea bags per 80,Euro,2.678
National Average Price,2015 August,Orange juice per litre,Euro,1.566
National Average Price,2015 August,Whiskey - take home (70cl bottle),Euro,25.125
National Average Price,2015 August,Brandy - take home (70cl bottle),Euro,31.07
National Average Price,2015 August,Vodka - take home (70cl bottle),Euro,19.293
National Average Price,2015 August,Cream liqueur - take home (70cl bottle),Euro,16.64
National Average Price,2015 August,Wine - take home (75cl bottle),Euro,10.661
National Average Price,2015 August,Cider - take home (50cl can),Euro,2.265
National Average Price,2015 August,Sherry - take home (75cl bottle),Euro,14.163
National Average Price,2015 August,Lager - take home (50cl can),Euro,1.916
National Average Price,2015 August,Stout - take home (50cl can),Euro,2.22
National Average Price,2015 August,Filtered cigarettes per 20 pk,Euro,9.988
National Average Price,2015 August,Stout - draught bar (1 pint),Euro,4.305
National Average Price,2015 August,Lager - draught bar (1 pint),Euro,4.679
National Average Price,2015 August,Lager - bar (33cl bottle),Euro,4.622
National Average Price,2015 August,Cider - draught bar (1 pint),Euro,4.756
National Average Price,2015 August,Ale - draught bar (1 pint),Euro,4.361
National Average Price,2015 August,Cider - bar (33cl bottle),Euro,4.727
National Average Price,2015 August,Flavoured alcoholic drink - bar (275ml bottle),Euro,5.296
National Average Price,2015 August,Whiskey - bar (single) per ½ glass,Euro,4.071
National Average Price,2015 August,Brandy - bar (single) per ½ glass,Euro,4.576
National Average Price,2015 August,Vodka - bar (single) per ½ glass,Euro,4.12
National Average Price,2015 August,Wine - bar (187ml bottle),Euro,5.315
National Average Price,2015 August,Diesel per litre,Euro,1.276
National Average Price,2015 August,Petrol - unleaded per litre,Euro,1.428
National Average Price,2015 August,Cinema fee,Euro,9.205
National Average Price,2015 August,Nightclubs fee,Euro,9.436
National Average Price,2015 August,Gent's dry cut fee,Euro,11.855
National Average Price,2015 August,"Gent's wash, cut, and blow dry fee",Euro,17.686
National Average Price,2015 August,"Ladies' wash, cut and blow dry fee",Euro,38.534
National Average Price,2015 September,"White, self raising flour per 2 kg",Euro,2.409
National Average Price,2015 September,"Brown, wholemeal flour per 2 kg",Euro,3.072
National Average Price,2015 September,"Bread, white sliced pan, large (800g)",Euro,1.253
National Average Price,2015 September,"Bread, brown sliced pan, large (800g)",Euro,1.345
National Average Price,2015 September,Spaghetti per 500g,Euro,1.083
National Average Price,2015 September,Sirloin steak per kg,Euro,16.192
National Average Price,2015 September,Striploin steak per kg,Euro,22.961
National Average Price,2015 September,Roast beef - topside or rib per kg,Euro,13.033
National Average Price,2015 September,Sliced / diced beef pieces per kg,Euro,10.142
National Average Price,2015 September,Pork loin chops per kg,Euro,8.439
National Average Price,2015 September,Pork steak per kg,Euro,9.573
National Average Price,2015 September,Lamb - whole leg / half leg per kg,Euro,11.57
National Average Price,2015 September,Lamb loin chops per kg,Euro,16.905
National Average Price,2015 September,Lamb gigot chops per kg,Euro,12.996
National Average Price,2015 September,Uncooked chicken medium size 1.6kg,Euro,5.14
National Average Price,2015 September,Lamb's liver per kg,Euro,5.836
National Average Price,2015 September,Ham fillet per kg,Euro,5.842
National Average Price,2015 September,Cooked ham per kg,Euro,16.506
National Average Price,2015 September,Best back rashers per kg,Euro,10.255
National Average Price,2015 September,Pork sausages per kg,Euro,5.95
National Average Price,2015 September,Fresh fillet of whiting per kg,Euro,10.811
National Average Price,2015 September,Fresh fillet of cod per kg,Euro,14.545
National Average Price,2015 September,Fresh salmon per kg,Euro,17.345
National Average Price,2015 September,Fresh fillet of plaice per kg,Euro,19.295
National Average Price,2015 September,Fresh hake per kg,Euro,
National Average Price,2015 September,Smoked salmon per kg,Euro,28.993
National Average Price,2015 September,Full fat milk per 2 litre,Euro,1.718
National Average Price,2015 September,Low fat milk per 1 litre,Euro,1.046
National Average Price,2015 September,Irish cheddar per kg,Euro,10.701
National Average Price,2015 September,Large eggs per half dozen,Euro,1.885
National Average Price,2015 September,Medium eggs per half dozen,Euro,1.608
National Average Price,2015 September,Butter per lb,Euro,2.732
National Average Price,2015 September,Grapes per kg,Euro,5.005
National Average Price,2015 September,Bananas per kg,Euro,1.37
National Average Price,2015 September,Tomatoes per kg,Euro,2.96
National Average Price,2015 September,Onions per kg,Euro,1.098
National Average Price,2015 September,Broccoli per kg,Euro,2.883
National Average Price,2015 September,Carrots per kg,Euro,1.212
National Average Price,2015 September,Mushrooms per kg,Euro,4.356
National Average Price,2015 September,Tomatoes tinned per 400g,Euro,0.874
National Average Price,2015 September,Potatoes 2.5 kg,Euro,3.21
National Average Price,2015 September,Potatoes 7.5 kg,Euro,
National Average Price,2015 September,Potatoes 10 kg,Euro,6.862
National Average Price,2015 September,White granulated sugar per 1 kg,Euro,1.28
National Average Price,2015 September,Jam per lb,Euro,1.409
National Average Price,2015 September,Marmalade per lb,Euro,1.951
National Average Price,2015 September,Tea bags per 80,Euro,2.564
National Average Price,2015 September,Orange juice per litre,Euro,1.555
National Average Price,2015 September,Whiskey - take home (70cl bottle),Euro,26.157
National Average Price,2015 September,Brandy - take home (70cl bottle),Euro,31.112
National Average Price,2015 September,Vodka - take home (70cl bottle),Euro,19.294
National Average Price,2015 September,Cream liqueur - take home (70cl bottle),Euro,17.282
National Average Price,2015 September,Wine - take home (75cl bottle),Euro,10.65
National Average Price,2015 September,Cider - take home (50cl can),Euro,2.26
National Average Price,2015 September,Sherry - take home (75cl bottle),Euro,14.244
National Average Price,2015 September,Lager - take home (50cl can),Euro,1.925
National Average Price,2015 September,Stout - take home (50cl can),Euro,2.218
National Average Price,2015 September,Filtered cigarettes per 20 pk,Euro,9.987
National Average Price,2015 September,Stout - draught bar (1 pint),Euro,4.312
National Average Price,2015 September,Lager - draught bar (1 pint),Euro,4.689
National Average Price,2015 September,Lager - bar (33cl bottle),Euro,4.63
National Average Price,2015 September,Cider - draught bar (1 pint),Euro,4.766
National Average Price,2015 September,Ale - draught bar (1 pint),Euro,4.369
National Average Price,2015 September,Cider - bar (33cl bottle),Euro,4.743
National Average Price,2015 September,Flavoured alcoholic drink - bar (275ml bottle),Euro,5.309
National Average Price,2015 September,Whiskey - bar (single) per ½ glass,Euro,4.081
National Average Price,2015 September,Brandy - bar (single) per ½ glass,Euro,4.586
National Average Price,2015 September,Vodka - bar (single) per ½ glass,Euro,4.127
National Average Price,2015 September,Wine - bar (187ml bottle),Euro,5.326
National Average Price,2015 September,Diesel per litre,Euro,1.219
National Average Price,2015 September,Petrol - unleaded per litre,Euro,1.365
National Average Price,2015 September,Cinema fee,Euro,9.172
National Average Price,2015 September,Nightclubs fee,Euro,9.091
National Average Price,2015 September,Gent's dry cut fee,Euro,11.855
National Average Price,2015 September,"Gent's wash, cut, and blow dry fee",Euro,17.67
National Average Price,2015 September,"Ladies' wash, cut and blow dry fee",Euro,38.507
National Average Price,2015 October,"White, self raising flour per 2 kg",Euro,2.279
National Average Price,2015 October,"Brown, wholemeal flour per 2 kg",Euro,3.023
National Average Price,2015 October,"Bread, white sliced pan, large (800g)",Euro,1.252
National Average Price,2015 October,"Bread, brown sliced pan, large (800g)",Euro,1.348
National Average Price,2015 October,Spaghetti per 500g,Euro,1.076
National Average Price,2015 October,Sirloin steak per kg,Euro,15.913
National Average Price,2015 October,Striploin steak per kg,Euro,23.063
National Average Price,2015 October,Roast beef - topside or rib per kg,Euro,13.101
National Average Price,2015 October,Sliced / diced beef pieces per kg,Euro,10.407
National Average Price,2015 October,Pork loin chops per kg,Euro,8.516
National Average Price,2015 October,Pork steak per kg,Euro,9.548
National Average Price,2015 October,Lamb - whole leg / half leg per kg,Euro,10.98
National Average Price,2015 October,Lamb loin chops per kg,Euro,17.014
National Average Price,2015 October,Lamb gigot chops per kg,Euro,12.11
National Average Price,2015 October,Uncooked chicken medium size 1.6kg,Euro,5.162
National Average Price,2015 October,Lamb's liver per kg,Euro,5.828
National Average Price,2015 October,Ham fillet per kg,Euro,5.862
National Average Price,2015 October,Cooked ham per kg,Euro,17.254
National Average Price,2015 October,Best back rashers per kg,Euro,10.285
National Average Price,2015 October,Pork sausages per kg,Euro,5.92
National Average Price,2015 October,Fresh fillet of whiting per kg,Euro,10.086
National Average Price,2015 October,Fresh fillet of cod per kg,Euro,17.312
National Average Price,2015 October,Fresh salmon per kg,Euro,18.121
National Average Price,2015 October,Fresh fillet of plaice per kg,Euro,18.438
National Average Price,2015 October,Fresh hake per kg,Euro,
National Average Price,2015 October,Smoked salmon per kg,Euro,29.525
National Average Price,2015 October,Full fat milk per 2 litre,Euro,1.718
National Average Price,2015 October,Low fat milk per 1 litre,Euro,1.047
National Average Price,2015 October,Irish cheddar per kg,Euro,10.52
National Average Price,2015 October,Large eggs per half dozen,Euro,1.879
National Average Price,2015 October,Medium eggs per half dozen,Euro,1.617
National Average Price,2015 October,Butter per lb,Euro,2.734
National Average Price,2015 October,Grapes per kg,Euro,4.98
National Average Price,2015 October,Bananas per kg,Euro,1.378
National Average Price,2015 October,Tomatoes per kg,Euro,3.054
National Average Price,2015 October,Onions per kg,Euro,1.067
National Average Price,2015 October,Broccoli per kg,Euro,3.057
National Average Price,2015 October,Carrots per kg,Euro,1.27
National Average Price,2015 October,Mushrooms per kg,Euro,4.417
National Average Price,2015 October,Tomatoes tinned per 400g,Euro,0.919
National Average Price,2015 October,Potatoes 2.5 kg,Euro,3.157
National Average Price,2015 October,Potatoes 7.5 kg,Euro,
National Average Price,2015 October,Potatoes 10 kg,Euro,7.746
National Average Price,2015 October,White granulated sugar per 1 kg,Euro,1.28
National Average Price,2015 October,Jam per lb,Euro,1.411
National Average Price,2015 October,Marmalade per lb,Euro,1.844
National Average Price,2015 October,Tea bags per 80,Euro,2.701
National Average Price,2015 October,Orange juice per litre,Euro,1.538
National Average Price,2015 October,Whiskey - take home (70cl bottle),Euro,25.53
National Average Price,2015 October,Brandy - take home (70cl bottle),Euro,31.155
National Average Price,2015 October,Vodka - take home (70cl bottle),Euro,19.17
National Average Price,2015 October,Cream liqueur - take home (70cl bottle),Euro,17.018
National Average Price,2015 October,Wine - take home (75cl bottle),Euro,10.453
National Average Price,2015 October,Cider - take home (50cl can),Euro,2.253
National Average Price,2015 October,Sherry - take home (75cl bottle),Euro,13.708
National Average Price,2015 October,Lager - take home (50cl can),Euro,1.915
National Average Price,2015 October,Stout - take home (50cl can),Euro,2.22
National Average Price,2015 October,Filtered cigarettes per 20 pk,Euro,10.179
National Average Price,2015 October,Stout - draught bar (1 pint),Euro,4.317
National Average Price,2015 October,Lager - draught bar (1 pint),Euro,4.692
National Average Price,2015 October,Lager - bar (33cl bottle),Euro,4.627
National Average Price,2015 October,Cider - draught bar (1 pint),Euro,4.753
National Average Price,2015 October,Ale - draught bar (1 pint),Euro,4.371
National Average Price,2015 October,Cider - bar (33cl bottle),Euro,4.746
National Average Price,2015 October,Flavoured alcoholic drink - bar (275ml bottle),Euro,5.312
National Average Price,2015 October,Whiskey - bar (single) per ½ glass,Euro,4.087
National Average Price,2015 October,Brandy - bar (single) per ½ glass,Euro,4.59
National Average Price,2015 October,Vodka - bar (single) per ½ glass,Euro,4.131
National Average Price,2015 October,Wine - bar (187ml bottle),Euro,5.334
National Average Price,2015 October,Diesel per litre,Euro,1.194
National Average Price,2015 October,Petrol - unleaded per litre,Euro,1.324
National Average Price,2015 October,Cinema fee,Euro,9.214
National Average Price,2015 October,Nightclubs fee,Euro,9.177
National Average Price,2015 October,Gent's dry cut fee,Euro,11.819
National Average Price,2015 October,"Gent's wash, cut, and blow dry fee",Euro,17.606
National Average Price,2015 October,"Ladies' wash, cut and blow dry fee",Euro,38.217
National Average Price,2015 November,"White, self raising flour per 2 kg",Euro,2.202
National Average Price,2015 November,"Brown, wholemeal flour per 2 kg",Euro,3.026
National Average Price,2015 November,"Bread, white sliced pan, large (800g)",Euro,1.245
National Average Price,2015 November,"Bread, brown sliced pan, large (800g)",Euro,1.337
National Average Price,2015 November,Spaghetti per 500g,Euro,1.078
National Average Price,2015 November,Sirloin steak per kg,Euro,16.019
National Average Price,2015 November,Striploin steak per kg,Euro,21.808
National Average Price,2015 November,Roast beef - topside or rib per kg,Euro,13.03
National Average Price,2015 November,Sliced / diced beef pieces per kg,Euro,9.906
National Average Price,2015 November,Pork loin chops per kg,Euro,8.329
National Average Price,2015 November,Pork steak per kg,Euro,9.609
National Average Price,2015 November,Lamb - whole leg / half leg per kg,Euro,11.876
National Average Price,2015 November,Lamb loin chops per kg,Euro,18.374
National Average Price,2015 November,Lamb gigot chops per kg,Euro,12.492
National Average Price,2015 November,Uncooked chicken medium size 1.6kg,Euro,5.136
National Average Price,2015 November,Lamb's liver per kg,Euro,5.851
National Average Price,2015 November,Ham fillet per kg,Euro,5.783
National Average Price,2015 November,Cooked ham per kg,Euro,16.918
National Average Price,2015 November,Best back rashers per kg,Euro,10.133
National Average Price,2015 November,Pork sausages per kg,Euro,5.847
National Average Price,2015 November,Fresh fillet of whiting per kg,Euro,10.894
National Average Price,2015 November,Fresh fillet of cod per kg,Euro,14.212
National Average Price,2015 November,Fresh salmon per kg,Euro,19.142
National Average Price,2015 November,Fresh fillet of plaice per kg,Euro,18.605
National Average Price,2015 November,Fresh hake per kg,Euro,
National Average Price,2015 November,Smoked salmon per kg,Euro,29.117
National Average Price,2015 November,Full fat milk per 2 litre,Euro,1.716
National Average Price,2015 November,Low fat milk per 1 litre,Euro,1.046
National Average Price,2015 November,Irish cheddar per kg,Euro,10.236
National Average Price,2015 November,Large eggs per half dozen,Euro,1.865
National Average Price,2015 November,Medium eggs per half dozen,Euro,1.625
National Average Price,2015 November,Butter per lb,Euro,2.719
National Average Price,2015 November,Grapes per kg,Euro,5.03
National Average Price,2015 November,Bananas per kg,Euro,1.387
National Average Price,2015 November,Tomatoes per kg,Euro,2.974
National Average Price,2015 November,Onions per kg,Euro,1.128
National Average Price,2015 November,Broccoli per kg,Euro,2.875
National Average Price,2015 November,Carrots per kg,Euro,1.315
National Average Price,2015 November,Mushrooms per kg,Euro,4.308
National Average Price,2015 November,Tomatoes tinned per 400g,Euro,0.935
National Average Price,2015 November,Potatoes 2.5 kg,Euro,3.087
National Average Price,2015 November,Potatoes 7.5 kg,Euro,
National Average Price,2015 November,Potatoes 10 kg,Euro,7.785
National Average Price,2015 November,White granulated sugar per 1 kg,Euro,1.281
National Average Price,2015 November,Jam per lb,Euro,1.412
National Average Price,2015 November,Marmalade per lb,Euro,1.814
National Average Price,2015 November,Tea bags per 80,Euro,2.746
National Average Price,2015 November,Orange juice per litre,Euro,1.565
National Average Price,2015 November,Whiskey - take home (70cl bottle),Euro,23.704
National Average Price,2015 November,Brandy - take home (70cl bottle),Euro,28.712
National Average Price,2015 November,Vodka - take home (70cl bottle),Euro,19.054
National Average Price,2015 November,Cream liqueur - take home (70cl bottle),Euro,14.09
National Average Price,2015 November,Wine - take home (75cl bottle),Euro,10.433
National Average Price,2015 November,Cider - take home (50cl can),Euro,2.244
National Average Price,2015 November,Sherry - take home (75cl bottle),Euro,14.127
National Average Price,2015 November,Lager - take home (50cl can),Euro,1.911
National Average Price,2015 November,Stout - take home (50cl can),Euro,2.22
National Average Price,2015 November,Filtered cigarettes per 20 pk,Euro,10.488
National Average Price,2015 November,Stout - draught bar (1 pint),Euro,4.316
National Average Price,2015 November,Lager - draught bar (1 pint),Euro,4.692
National Average Price,2015 November,Lager - bar (33cl bottle),Euro,4.626
National Average Price,2015 November,Cider - draught bar (1 pint),Euro,4.749
National Average Price,2015 November,Ale - draught bar (1 pint),Euro,4.372
National Average Price,2015 November,Cider - bar (33cl bottle),Euro,4.755
National Average Price,2015 November,Flavoured alcoholic drink - bar (275ml bottle),Euro,5.313
National Average Price,2015 November,Whiskey - bar (single) per ½ glass,Euro,4.097
National Average Price,2015 November,Brandy - bar (single) per ½ glass,Euro,4.594
National Average Price,2015 November,Vodka - bar (single) per ½ glass,Euro,4.135
National Average Price,2015 November,Wine - bar (187ml bottle),Euro,5.334
National Average Price,2015 November,Diesel per litre,Euro,1.198
National Average Price,2015 November,Petrol - unleaded per litre,Euro,1.314
National Average Price,2015 November,Cinema fee,Euro,9.178
National Average Price,2015 November,Nightclubs fee,Euro,9.226
National Average Price,2015 November,Gent's dry cut fee,Euro,11.837
National Average Price,2015 November,"Gent's wash, cut, and blow dry fee",Euro,17.808
National Average Price,2015 November,"Ladies' wash, cut and blow dry fee",Euro,38.259
National Average Price,2015 December,"White, self raising flour per 2 kg",Euro,2.234
National Average Price,2015 December,"Brown, wholemeal flour per 2 kg",Euro,3.036
National Average Price,2015 December,"Bread, white sliced pan, large (800g)",Euro,1.265
National Average Price,2015 December,"Bread, brown sliced pan, large (800g)",Euro,1.329
National Average Price,2015 December,Spaghetti per 500g,Euro,1.084
National Average Price,2015 December,Sirloin steak per kg,Euro,16.327
National Average Price,2015 December,Striploin steak per kg,Euro,22.604
National Average Price,2015 December,Roast beef - topside or rib per kg,Euro,13.057
National Average Price,2015 December,Sliced / diced beef pieces per kg,Euro,10.421
National Average Price,2015 December,Pork loin chops per kg,Euro,7.409
National Average Price,2015 December,Pork steak per kg,Euro,9.333
National Average Price,2015 December,Lamb - whole leg / half leg per kg,Euro,11.231
National Average Price,2015 December,Lamb loin chops per kg,Euro,18.384
National Average Price,2015 December,Lamb gigot chops per kg,Euro,12.587
National Average Price,2015 December,Uncooked chicken medium size 1.6kg,Euro,5.177
National Average Price,2015 December,Lamb's liver per kg,Euro,5.917
National Average Price,2015 December,Ham fillet per kg,Euro,5.761
National Average Price,2015 December,Cooked ham per kg,Euro,16.651
National Average Price,2015 December,Best back rashers per kg,Euro,9.785
National Average Price,2015 December,Pork sausages per kg,Euro,5.961
National Average Price,2015 December,Fresh fillet of whiting per kg,Euro,10.925
National Average Price,2015 December,Fresh fillet of cod per kg,Euro,17.714
National Average Price,2015 December,Fresh salmon per kg,Euro,19.179
National Average Price,2015 December,Fresh fillet of plaice per kg,Euro,18.766
National Average Price,2015 December,Fresh hake per kg,Euro,
National Average Price,2015 December,Smoked salmon per kg,Euro,28.356
National Average Price,2015 December,Full fat milk per 2 litre,Euro,1.72
National Average Price,2015 December,Low fat milk per 1 litre,Euro,1.052
National Average Price,2015 December,Irish cheddar per kg,Euro,10.623
National Average Price,2015 December,Large eggs per half dozen,Euro,1.863
National Average Price,2015 December,Medium eggs per half dozen,Euro,1.623
National Average Price,2015 December,Butter per lb,Euro,2.725
National Average Price,2015 December,Grapes per kg,Euro,4.992
National Average Price,2015 December,Bananas per kg,Euro,1.382
National Average Price,2015 December,Tomatoes per kg,Euro,2.954
National Average Price,2015 December,Onions per kg,Euro,1.113
National Average Price,2015 December,Broccoli per kg,Euro,3.123
National Average Price,2015 December,Carrots per kg,Euro,1.301
National Average Price,2015 December,Mushrooms per kg,Euro,4.289
National Average Price,2015 December,Tomatoes tinned per 400g,Euro,0.891
National Average Price,2015 December,Potatoes 2.5 kg,Euro,3.094
National Average Price,2015 December,Potatoes 7.5 kg,Euro,
National Average Price,2015 December,Potatoes 10 kg,Euro,7.563
National Average Price,2015 December,White granulated sugar per 1 kg,Euro,1.282
National Average Price,2015 December,Jam per lb,Euro,1.415
National Average Price,2015 December,Marmalade per lb,Euro,1.862
National Average Price,2015 December,Tea bags per 80,Euro,2.719
National Average Price,2015 December,Orange juice per litre,Euro,1.559
National Average Price,2015 December,Whiskey - take home (70cl bottle),Euro,22.518
National Average Price,2015 December,Brandy - take home (70cl bottle),Euro,27.532
National Average Price,2015 December,Vodka - take home (70cl bottle),Euro,18.135
National Average Price,2015 December,Cream liqueur - take home (70cl bottle),Euro,13.081
National Average Price,2015 December,Wine - take home (75cl bottle),Euro,9.979
National Average Price,2015 December,Cider - take home (50cl can),Euro,2.246
National Average Price,2015 December,Sherry - take home (75cl bottle),Euro,13.358
National Average Price,2015 December,Lager - take home (50cl can),Euro,1.905
National Average Price,2015 December,Stout - take home (50cl can),Euro,2.216
National Average Price,2015 December,Filtered cigarettes per 20 pk,Euro,10.5
National Average Price,2015 December,Stout - draught bar (1 pint),Euro,4.316
National Average Price,2015 December,Lager - draught bar (1 pint),Euro,4.693
National Average Price,2015 December,Lager - bar (33cl bottle),Euro,4.611
National Average Price,2015 December,Cider - draught bar (1 pint),Euro,4.75
National Average Price,2015 December,Ale - draught bar (1 pint),Euro,4.372
National Average Price,2015 December,Cider - bar (33cl bottle),Euro,4.744
National Average Price,2015 December,Flavoured alcoholic drink - bar (275ml bottle),Euro,5.339
National Average Price,2015 December,Whiskey - bar (single) per ½ glass,Euro,4.101
National Average Price,2015 December,Brandy - bar (single) per ½ glass,Euro,4.599
National Average Price,2015 December,Vodka - bar (single) per ½ glass,Euro,4.138
National Average Price,2015 December,Wine - bar (187ml bottle),Euro,5.323
National Average Price,2015 December,Diesel per litre,Euro,1.187
National Average Price,2015 December,Petrol - unleaded per litre,Euro,1.302
National Average Price,2015 December,Cinema fee,Euro,9.165
National Average Price,2015 December,Nightclubs fee,Euro,9.109
National Average Price,2015 December,Gent's dry cut fee,Euro,11.844
National Average Price,2015 December,"Gent's wash, cut, and blow dry fee",Euro,17.87
National Average Price,2015 December,"Ladies' wash, cut and blow dry fee",Euro,38.25
National Average Price,2016 January,"White, self raising flour per 2 kg",Euro,2.378
National Average Price,2016 January,"Brown, wholemeal flour per 2 kg",Euro,3.033
National Average Price,2016 January,"Bread, white sliced pan, large (800g)",Euro,1.263
National Average Price,2016 January,"Bread, brown sliced pan, large (800g)",Euro,1.352
National Average Price,2016 January,Spaghetti per 500g,Euro,1.104
National Average Price,2016 January,Sirloin steak per kg,Euro,16.277
National Average Price,2016 January,Striploin steak per kg,Euro,23.213
National Average Price,2016 January,Roast beef - topside or rib per kg,Euro,12.293
National Average Price,2016 January,Sliced / diced beef pieces per kg,Euro,9.981
National Average Price,2016 January,Pork loin chops per kg,Euro,7.91
National Average Price,2016 January,Pork steak per kg,Euro,9.46
National Average Price,2016 January,Lamb - whole leg / half leg per kg,Euro,11.217
National Average Price,2016 January,Lamb loin chops per kg,Euro,18.2
National Average Price,2016 January,Lamb gigot chops per kg,Euro,12.708
National Average Price,2016 January,Uncooked chicken medium size 1.6kg,Euro,4.939
National Average Price,2016 January,Lamb's liver per kg,Euro,5.917
National Average Price,2016 January,Ham fillet per kg,Euro,5.918
National Average Price,2016 January,Cooked ham per kg,Euro,16.916
National Average Price,2016 January,Best back rashers per kg,Euro,9.807
National Average Price,2016 January,Pork sausages per kg,Euro,5.902
National Average Price,2016 January,Fresh fillet of whiting per kg,Euro,10.986
National Average Price,2016 January,Fresh fillet of cod per kg,Euro,17.422
National Average Price,2016 January,Fresh salmon per kg,Euro,18.944
National Average Price,2016 January,Fresh fillet of plaice per kg,Euro,19.453
National Average Price,2016 January,Fresh hake per kg,Euro,
National Average Price,2016 January,Smoked salmon per kg,Euro,28.769
National Average Price,2016 January,Full fat milk per 2 litre,Euro,1.714
National Average Price,2016 January,Low fat milk per 1 litre,Euro,1.05
National Average Price,2016 January,Irish cheddar per kg,Euro,10.205
National Average Price,2016 January,Large eggs per half dozen,Euro,1.849
National Average Price,2016 January,Medium eggs per half dozen,Euro,1.616
National Average Price,2016 January,Butter per lb,Euro,2.727
National Average Price,2016 January,Grapes per kg,Euro,5.075
National Average Price,2016 January,Bananas per kg,Euro,1.389
National Average Price,2016 January,Tomatoes per kg,Euro,2.976
National Average Price,2016 January,Onions per kg,Euro,1.109
National Average Price,2016 January,Broccoli per kg,Euro,3.157
National Average Price,2016 January,Carrots per kg,Euro,1.316
National Average Price,2016 January,Mushrooms per kg,Euro,4.202
National Average Price,2016 January,Tomatoes tinned per 400g,Euro,0.906
National Average Price,2016 January,Potatoes 2.5 kg,Euro,3.133
National Average Price,2016 January,Potatoes 7.5 kg,Euro,
National Average Price,2016 January,Potatoes 10 kg,Euro,7.244
National Average Price,2016 January,White granulated sugar per 1 kg,Euro,1.28
National Average Price,2016 January,Jam per lb,Euro,1.383
National Average Price,2016 January,Marmalade per lb,Euro,1.922
National Average Price,2016 January,Tea bags per 80,Euro,2.719
National Average Price,2016 January,Orange juice per litre,Euro,1.555
National Average Price,2016 January,Whiskey - take home (70cl bottle),Euro,26.51
National Average Price,2016 January,Brandy - take home (70cl bottle),Euro,30.4
National Average Price,2016 January,Vodka - take home (70cl bottle),Euro,19.19
National Average Price,2016 January,Cream liqueur - take home (70cl bottle),Euro,15.71
National Average Price,2016 January,Wine - take home (75cl bottle),Euro,10.726
National Average Price,2016 January,Cider - take home (50cl can),Euro,2.247
National Average Price,2016 January,Sherry - take home (75cl bottle),Euro,14.222
National Average Price,2016 January,Lager - take home (50cl can),Euro,1.91
National Average Price,2016 January,Stout - take home (50cl can),Euro,2.235
National Average Price,2016 January,Filtered cigarettes per 20 pk,Euro,10.499
National Average Price,2016 January,Stout - draught bar (1 pint),Euro,4.318
National Average Price,2016 January,Lager - draught bar (1 pint),Euro,4.696
National Average Price,2016 January,Lager - bar (33cl bottle),Euro,4.613
National Average Price,2016 January,Cider - draught bar (1 pint),Euro,4.756
National Average Price,2016 January,Ale - draught bar (1 pint),Euro,4.374
National Average Price,2016 January,Cider - bar (33cl bottle),Euro,4.728
National Average Price,2016 January,Flavoured alcoholic drink - bar (275ml bottle),Euro,5.343
National Average Price,2016 January,Whiskey - bar (single) per ½ glass,Euro,4.105
National Average Price,2016 January,Brandy - bar (single) per ½ glass,Euro,4.612
National Average Price,2016 January,Vodka - bar (single) per ½ glass,Euro,4.142
National Average Price,2016 January,Wine - bar (187ml bottle),Euro,5.336
National Average Price,2016 January,Diesel per litre,Euro,1.123
National Average Price,2016 January,Petrol - unleaded per litre,Euro,1.257
National Average Price,2016 January,Cinema fee,Euro,9.132
National Average Price,2016 January,Nightclubs fee,Euro,9.038
National Average Price,2016 January,Gent's dry cut fee,Euro,11.871
National Average Price,2016 January,"Gent's wash, cut, and blow dry fee",Euro,17.896
National Average Price,2016 January,"Ladies' wash, cut and blow dry fee",Euro,38.154
National Average Price,2016 February,"White, self raising flour per 2 kg",Euro,2.396
National Average Price,2016 February,"Brown, wholemeal flour per 2 kg",Euro,3.04
National Average Price,2016 February,"Bread, white sliced pan, large (800g)",Euro,1.272
National Average Price,2016 February,"Bread, brown sliced pan, large (800g)",Euro,1.344
National Average Price,2016 February,Spaghetti per 500g,Euro,1.108
National Average Price,2016 February,Sirloin steak per kg,Euro,15.934
National Average Price,2016 February,Striploin steak per kg,Euro,22.563
National Average Price,2016 February,Roast beef - topside or rib per kg,Euro,13.058
National Average Price,2016 February,Sliced / diced beef pieces per kg,Euro,10.409
National Average Price,2016 February,Pork loin chops per kg,Euro,8.237
National Average Price,2016 February,Pork steak per kg,Euro,9.446
National Average Price,2016 February,Lamb - whole leg / half leg per kg,Euro,12.009
National Average Price,2016 February,Lamb loin chops per kg,Euro,18.014
National Average Price,2016 February,Lamb gigot chops per kg,Euro,12.793
National Average Price,2016 February,Uncooked chicken medium size 1.6kg,Euro,4.798
National Average Price,2016 February,Lamb's liver per kg,Euro,5.885
National Average Price,2016 February,Ham fillet per kg,Euro,5.823
National Average Price,2016 February,Cooked ham per kg,Euro,16.988
National Average Price,2016 February,Best back rashers per kg,Euro,9.834
National Average Price,2016 February,Pork sausages per kg,Euro,6
National Average Price,2016 February,Fresh fillet of whiting per kg,Euro,10.995
National Average Price,2016 February,Fresh fillet of cod per kg,Euro,13.804
National Average Price,2016 February,Fresh salmon per kg,Euro,16.878
National Average Price,2016 February,Fresh fillet of plaice per kg,Euro,18.791
National Average Price,2016 February,Fresh hake per kg,Euro,
National Average Price,2016 February,Smoked salmon per kg,Euro,28.979
National Average Price,2016 February,Full fat milk per 2 litre,Euro,1.714
National Average Price,2016 February,Low fat milk per 1 litre,Euro,1.055
National Average Price,2016 February,Irish cheddar per kg,Euro,10.466
National Average Price,2016 February,Large eggs per half dozen,Euro,1.784
National Average Price,2016 February,Medium eggs per half dozen,Euro,1.537
National Average Price,2016 February,Butter per lb,Euro,2.72
National Average Price,2016 February,Grapes per kg,Euro,5.077
National Average Price,2016 February,Bananas per kg,Euro,1.382
National Average Price,2016 February,Tomatoes per kg,Euro,2.984
National Average Price,2016 February,Onions per kg,Euro,1.119
National Average Price,2016 February,Broccoli per kg,Euro,3.078
National Average Price,2016 February,Carrots per kg,Euro,1.33
National Average Price,2016 February,Mushrooms per kg,Euro,4.445
National Average Price,2016 February,Tomatoes tinned per 400g,Euro,0.872
National Average Price,2016 February,Potatoes 2.5 kg,Euro,3.109
National Average Price,2016 February,Potatoes 7.5 kg,Euro,
National Average Price,2016 February,Potatoes 10 kg,Euro,7.283
National Average Price,2016 February,White granulated sugar per 1 kg,Euro,1.276
National Average Price,2016 February,Jam per lb,Euro,1.401
National Average Price,2016 February,Marmalade per lb,Euro,1.92
National Average Price,2016 February,Tea bags per 80,Euro,2.776
National Average Price,2016 February,Orange juice per litre,Euro,1.54
National Average Price,2016 February,Whiskey - take home (70cl bottle),Euro,26.35
National Average Price,2016 February,Brandy - take home (70cl bottle),Euro,31.324
National Average Price,2016 February,Vodka - take home (70cl bottle),Euro,19.298
National Average Price,2016 February,Cream liqueur - take home (70cl bottle),Euro,15.962
National Average Price,2016 February,Wine - take home (75cl bottle),Euro,10.8
National Average Price,2016 February,Cider - take home (50cl can),Euro,2.24
National Average Price,2016 February,Sherry - take home (75cl bottle),Euro,14.281
National Average Price,2016 February,Lager - take home (50cl can),Euro,1.905
National Average Price,2016 February,Stout - take home (50cl can),Euro,2.237
National Average Price,2016 February,Filtered cigarettes per 20 pk,Euro,10.511
National Average Price,2016 February,Stout - draught bar (1 pint),Euro,4.32
National Average Price,2016 February,Lager - draught bar (1 pint),Euro,4.698
National Average Price,2016 February,Lager - bar (33cl bottle),Euro,4.615
National Average Price,2016 February,Cider - draught bar (1 pint),Euro,4.755
National Average Price,2016 February,Ale - draught bar (1 pint),Euro,4.378
National Average Price,2016 February,Cider - bar (33cl bottle),Euro,4.733
National Average Price,2016 February,Flavoured alcoholic drink - bar (275ml bottle),Euro,5.311
National Average Price,2016 February,Whiskey - bar (single) per ½ glass,Euro,4.109
National Average Price,2016 February,Brandy - bar (single) per ½ glass,Euro,4.613
National Average Price,2016 February,Vodka - bar (single) per ½ glass,Euro,4.146
National Average Price,2016 February,Wine - bar (187ml bottle),Euro,5.343
National Average Price,2016 February,Diesel per litre,Euro,1.057
National Average Price,2016 February,Petrol - unleaded per litre,Euro,1.218
National Average Price,2016 February,Cinema fee,Euro,9.147
National Average Price,2016 February,Nightclubs fee,Euro,9.215
National Average Price,2016 February,Gent's dry cut fee,Euro,11.892
National Average Price,2016 February,"Gent's wash, cut, and blow dry fee",Euro,17.823
National Average Price,2016 February,"Ladies' wash, cut and blow dry fee",Euro,38.358
National Average Price,2016 March,"White, self raising flour per 2 kg",Euro,2.293
National Average Price,2016 March,"Brown, wholemeal flour per 2 kg",Euro,3.044
National Average Price,2016 March,"Bread, white sliced pan, large (800g)",Euro,1.27
National Average Price,2016 March,"Bread, brown sliced pan, large (800g)",Euro,1.338
National Average Price,2016 March,Spaghetti per 500g,Euro,1.135
National Average Price,2016 March,Sirloin steak per kg,Euro,15.248
National Average Price,2016 March,Striploin steak per kg,Euro,21.705
National Average Price,2016 March,Roast beef - topside or rib per kg,Euro,13.557
National Average Price,2016 March,Sliced / diced beef pieces per kg,Euro,10.559
National Average Price,2016 March,Pork loin chops per kg,Euro,8.377
National Average Price,2016 March,Pork steak per kg,Euro,8.8
National Average Price,2016 March,Lamb - whole leg / half leg per kg,Euro,11.345
National Average Price,2016 March,Lamb loin chops per kg,Euro,17.904
National Average Price,2016 March,Lamb gigot chops per kg,Euro,12.962
National Average Price,2016 March,Uncooked chicken medium size 1.6kg,Euro,4.626
National Average Price,2016 March,Lamb's liver per kg,Euro,5.878
National Average Price,2016 March,Ham fillet per kg,Euro,5.773
National Average Price,2016 March,Cooked ham per kg,Euro,16.841
National Average Price,2016 March,Best back rashers per kg,Euro,9.85
National Average Price,2016 March,Pork sausages per kg,Euro,6.06
National Average Price,2016 March,Fresh fillet of whiting per kg,Euro,10.48
National Average Price,2016 March,Fresh fillet of cod per kg,Euro,15.719
National Average Price,2016 March,Fresh salmon per kg,Euro,19.173
National Average Price,2016 March,Fresh fillet of plaice per kg,Euro,18.69
National Average Price,2016 March,Fresh hake per kg,Euro,
National Average Price,2016 March,Smoked salmon per kg,Euro,29.233
National Average Price,2016 March,Full fat milk per 2 litre,Euro,1.713
National Average Price,2016 March,Low fat milk per 1 litre,Euro,1.051
National Average Price,2016 March,Irish cheddar per kg,Euro,10.936
National Average Price,2016 March,Large eggs per half dozen,Euro,1.779
National Average Price,2016 March,Medium eggs per half dozen,Euro,1.515
National Average Price,2016 March,Butter per lb,Euro,2.698
National Average Price,2016 March,Grapes per kg,Euro,5.111
National Average Price,2016 March,Bananas per kg,Euro,1.385
National Average Price,2016 March,Tomatoes per kg,Euro,2.971
National Average Price,2016 March,Onions per kg,Euro,1.113
National Average Price,2016 March,Broccoli per kg,Euro,3.187
National Average Price,2016 March,Carrots per kg,Euro,1.328
National Average Price,2016 March,Mushrooms per kg,Euro,4.366
National Average Price,2016 March,Tomatoes tinned per 400g,Euro,0.913
National Average Price,2016 March,Potatoes 2.5 kg,Euro,3.114
National Average Price,2016 March,Potatoes 7.5 kg,Euro,
National Average Price,2016 March,Potatoes 10 kg,Euro,7.348
National Average Price,2016 March,White granulated sugar per 1 kg,Euro,1.283
National Average Price,2016 March,Jam per lb,Euro,1.408
National Average Price,2016 March,Marmalade per lb,Euro,1.977
National Average Price,2016 March,Tea bags per 80,Euro,2.817
National Average Price,2016 March,Orange juice per litre,Euro,1.58
National Average Price,2016 March,Whiskey - take home (70cl bottle),Euro,25.935
National Average Price,2016 March,Brandy - take home (70cl bottle),Euro,29.964
National Average Price,2016 March,Vodka - take home (70cl bottle),Euro,19.176
National Average Price,2016 March,Cream liqueur - take home (70cl bottle),Euro,15.003
National Average Price,2016 March,Wine - take home (75cl bottle),Euro,10.504
National Average Price,2016 March,Cider - take home (50cl can),Euro,2.245
National Average Price,2016 March,Sherry - take home (75cl bottle),Euro,14.308
National Average Price,2016 March,Lager - take home (50cl can),Euro,1.901
National Average Price,2016 March,Stout - take home (50cl can),Euro,2.223
National Average Price,2016 March,Filtered cigarettes per 20 pk,Euro,10.507
National Average Price,2016 March,Stout - draught bar (1 pint),Euro,4.321
National Average Price,2016 March,Lager - draught bar (1 pint),Euro,4.7
National Average Price,2016 March,Lager - bar (33cl bottle),Euro,4.613
National Average Price,2016 March,Cider - draught bar (1 pint),Euro,4.762
National Average Price,2016 March,Ale - draught bar (1 pint),Euro,4.377
National Average Price,2016 March,Cider - bar (33cl bottle),Euro,4.735
National Average Price,2016 March,Flavoured alcoholic drink - bar (275ml bottle),Euro,5.292
National Average Price,2016 March,Whiskey - bar (single) per ½ glass,Euro,4.11
National Average Price,2016 March,Brandy - bar (single) per ½ glass,Euro,4.621
National Average Price,2016 March,Vodka - bar (single) per ½ glass,Euro,4.147
National Average Price,2016 March,Wine - bar (187ml bottle),Euro,5.355
National Average Price,2016 March,Diesel per litre,Euro,1.07
National Average Price,2016 March,Petrol - unleaded per litre,Euro,1.21
National Average Price,2016 March,Cinema fee,Euro,9.159
National Average Price,2016 March,Nightclubs fee,Euro,9.109
National Average Price,2016 March,Gent's dry cut fee,Euro,11.915
National Average Price,2016 March,"Gent's wash, cut, and blow dry fee",Euro,17.823
National Average Price,2016 March,"Ladies' wash, cut and blow dry fee",Euro,38.266
National Average Price,2016 April,"White, self raising flour per 2 kg",Euro,2.41
National Average Price,2016 April,"Brown, wholemeal flour per 2 kg",Euro,3.041
National Average Price,2016 April,"Bread, white sliced pan, large (800g)",Euro,1.264
National Average Price,2016 April,"Bread, brown sliced pan, large (800g)",Euro,1.346
National Average Price,2016 April,Spaghetti per 500g,Euro,1.147
National Average Price,2016 April,Sirloin steak per kg,Euro,15.8
National Average Price,2016 April,Striploin steak per kg,Euro,21.298
National Average Price,2016 April,Roast beef - topside or rib per kg,Euro,13.675
National Average Price,2016 April,Sliced / diced beef pieces per kg,Euro,9.837
National Average Price,2016 April,Pork loin chops per kg,Euro,8.357
National Average Price,2016 April,Pork steak per kg,Euro,8.761
National Average Price,2016 April,Lamb - whole leg / half leg per kg,Euro,11.811
National Average Price,2016 April,Lamb loin chops per kg,Euro,16.904
National Average Price,2016 April,Lamb gigot chops per kg,Euro,12.628
National Average Price,2016 April,Uncooked chicken medium size 1.6kg,Euro,4.828
National Average Price,2016 April,Lamb's liver per kg,Euro,5.885
National Average Price,2016 April,Ham fillet per kg,Euro,5.8
National Average Price,2016 April,Cooked ham per kg,Euro,17.604
National Average Price,2016 April,Best back rashers per kg,Euro,10.022
National Average Price,2016 April,Pork sausages per kg,Euro,5.97
National Average Price,2016 April,Fresh fillet of whiting per kg,Euro,11.02
National Average Price,2016 April,Fresh fillet of cod per kg,Euro,15.156
National Average Price,2016 April,Fresh salmon per kg,Euro,19.944
National Average Price,2016 April,Fresh fillet of plaice per kg,Euro,18.41
National Average Price,2016 April,Fresh hake per kg,Euro,
National Average Price,2016 April,Smoked salmon per kg,Euro,28.544
National Average Price,2016 April,Full fat milk per 2 litre,Euro,1.712
National Average Price,2016 April,Low fat milk per 1 litre,Euro,1.052
National Average Price,2016 April,Irish cheddar per kg,Euro,10.453
National Average Price,2016 April,Large eggs per half dozen,Euro,1.785
National Average Price,2016 April,Medium eggs per half dozen,Euro,1.529
National Average Price,2016 April,Butter per lb,Euro,2.7
National Average Price,2016 April,Grapes per kg,Euro,5.07
National Average Price,2016 April,Bananas per kg,Euro,1.393
National Average Price,2016 April,Tomatoes per kg,Euro,2.958
National Average Price,2016 April,Onions per kg,Euro,1.066
National Average Price,2016 April,Broccoli per kg,Euro,3.12
National Average Price,2016 April,Carrots per kg,Euro,1.2
National Average Price,2016 April,Mushrooms per kg,Euro,4.316
National Average Price,2016 April,Tomatoes tinned per 400g,Euro,0.934
National Average Price,2016 April,Potatoes 2.5 kg,Euro,3.082
National Average Price,2016 April,Potatoes 7.5 kg,Euro,
National Average Price,2016 April,Potatoes 10 kg,Euro,7.296
National Average Price,2016 April,White granulated sugar per 1 kg,Euro,1.283
National Average Price,2016 April,Jam per lb,Euro,1.362
National Average Price,2016 April,Marmalade per lb,Euro,1.874
National Average Price,2016 April,Tea bags per 80,Euro,2.795
National Average Price,2016 April,Orange juice per litre,Euro,1.552
National Average Price,2016 April,Whiskey - take home (70cl bottle),Euro,25.943
National Average Price,2016 April,Brandy - take home (70cl bottle),Euro,31.201
National Average Price,2016 April,Vodka - take home (70cl bottle),Euro,19.403
National Average Price,2016 April,Cream liqueur - take home (70cl bottle),Euro,17.086
National Average Price,2016 April,Wine - take home (75cl bottle),Euro,10.586
National Average Price,2016 April,Cider - take home (50cl can),Euro,2.146
National Average Price,2016 April,Sherry - take home (75cl bottle),Euro,14.254
National Average Price,2016 April,Lager - take home (50cl can),Euro,1.884
National Average Price,2016 April,Stout - take home (50cl can),Euro,2.197
National Average Price,2016 April,Filtered cigarettes per 20 pk,Euro,10.633
National Average Price,2016 April,Stout - draught bar (1 pint),Euro,4.325
National Average Price,2016 April,Lager - draught bar (1 pint),Euro,4.707
National Average Price,2016 April,Lager - bar (33cl bottle),Euro,4.627
National Average Price,2016 April,Cider - draught bar (1 pint),Euro,4.779
National Average Price,2016 April,Ale - draught bar (1 pint),Euro,4.381
National Average Price,2016 April,Cider - bar (33cl bottle),Euro,4.751
National Average Price,2016 April,Flavoured alcoholic drink - bar (275ml bottle),Euro,5.297
National Average Price,2016 April,Whiskey - bar (single) per ½ glass,Euro,4.12
National Average Price,2016 April,Brandy - bar (single) per ½ glass,Euro,4.621
National Average Price,2016 April,Vodka - bar (single) per ½ glass,Euro,4.16
National Average Price,2016 April,Wine - bar (187ml bottle),Euro,5.344
National Average Price,2016 April,Diesel per litre,Euro,1.109
National Average Price,2016 April,Petrol - unleaded per litre,Euro,1.262
National Average Price,2016 April,Cinema fee,Euro,9.175
National Average Price,2016 April,Nightclubs fee,Euro,9.343
National Average Price,2016 April,Gent's dry cut fee,Euro,11.964
National Average Price,2016 April,"Gent's wash, cut, and blow dry fee",Euro,17.891
National Average Price,2016 April,"Ladies' wash, cut and blow dry fee",Euro,38.187
National Average Price,2016 May,"White, self raising flour per 2 kg",Euro,2.377
National Average Price,2016 May,"Brown, wholemeal flour per 2 kg",Euro,3.031
National Average Price,2016 May,"Bread, white sliced pan, large (800g)",Euro,1.266
National Average Price,2016 May,"Bread, brown sliced pan, large (800g)",Euro,1.341
National Average Price,2016 May,Spaghetti per 500g,Euro,1.092
National Average Price,2016 May,Sirloin steak per kg,Euro,16.249
National Average Price,2016 May,Striploin steak per kg,Euro,22.674
National Average Price,2016 May,Roast beef - topside or rib per kg,Euro,13.696
National Average Price,2016 May,Sliced / diced beef pieces per kg,Euro,10.42
National Average Price,2016 May,Pork loin chops per kg,Euro,7.752
National Average Price,2016 May,Pork steak per kg,Euro,9.172
National Average Price,2016 May,Lamb - whole leg / half leg per kg,Euro,12.454
National Average Price,2016 May,Lamb loin chops per kg,Euro,17.02
National Average Price,2016 May,Lamb gigot chops per kg,Euro,12.563
National Average Price,2016 May,Uncooked chicken medium size 1.6kg,Euro,4.825
National Average Price,2016 May,Lamb's liver per kg,Euro,5.89
National Average Price,2016 May,Ham fillet per kg,Euro,5.655
National Average Price,2016 May,Cooked ham per kg,Euro,17.433
National Average Price,2016 May,Best back rashers per kg,Euro,9.471
National Average Price,2016 May,Pork sausages per kg,Euro,5.957
National Average Price,2016 May,Fresh fillet of whiting per kg,Euro,10.939
National Average Price,2016 May,Fresh fillet of cod per kg,Euro,14.636
National Average Price,2016 May,Fresh salmon per kg,Euro,19.432
National Average Price,2016 May,Fresh fillet of plaice per kg,Euro,19.312
National Average Price,2016 May,Fresh hake per kg,Euro,
National Average Price,2016 May,Smoked salmon per kg,Euro,29.198
National Average Price,2016 May,Full fat milk per 2 litre,Euro,1.708
National Average Price,2016 May,Low fat milk per 1 litre,Euro,1.049
National Average Price,2016 May,Irish cheddar per kg,Euro,10.046
National Average Price,2016 May,Large eggs per half dozen,Euro,1.775
National Average Price,2016 May,Medium eggs per half dozen,Euro,1.517
National Average Price,2016 May,Butter per lb,Euro,2.689
National Average Price,2016 May,Grapes per kg,Euro,5.111
National Average Price,2016 May,Bananas per kg,Euro,1.396
National Average Price,2016 May,Tomatoes per kg,Euro,2.946
National Average Price,2016 May,Onions per kg,Euro,1.091
National Average Price,2016 May,Broccoli per kg,Euro,3.096
National Average Price,2016 May,Carrots per kg,Euro,1.266
National Average Price,2016 May,Mushrooms per kg,Euro,4.268
National Average Price,2016 May,Tomatoes tinned per 400g,Euro,0.89
National Average Price,2016 May,Potatoes 2.5 kg,Euro,3.057
National Average Price,2016 May,Potatoes 7.5 kg,Euro,
National Average Price,2016 May,Potatoes 10 kg,Euro,7.22
National Average Price,2016 May,White granulated sugar per 1 kg,Euro,1.284
National Average Price,2016 May,Jam per lb,Euro,1.375
National Average Price,2016 May,Marmalade per lb,Euro,1.97
National Average Price,2016 May,Tea bags per 80,Euro,2.699
National Average Price,2016 May,Orange juice per litre,Euro,1.53
National Average Price,2016 May,Whiskey - take home (70cl bottle),Euro,25.801
National Average Price,2016 May,Brandy - take home (70cl bottle),Euro,31.111
National Average Price,2016 May,Vodka - take home (70cl bottle),Euro,19.131
National Average Price,2016 May,Cream liqueur - take home (70cl bottle),Euro,16.94
National Average Price,2016 May,Wine - take home (75cl bottle),Euro,10.182
National Average Price,2016 May,Cider - take home (50cl can),Euro,2.169
National Average Price,2016 May,Sherry - take home (75cl bottle),Euro,14.187
National Average Price,2016 May,Lager - take home (50cl can),Euro,1.896
National Average Price,2016 May,Stout - take home (50cl can),Euro,2.199
National Average Price,2016 May,Filtered cigarettes per 20 pk,Euro,10.652
National Average Price,2016 May,Stout - draught bar (1 pint),Euro,4.323
National Average Price,2016 May,Lager - draught bar (1 pint),Euro,4.703
National Average Price,2016 May,Lager - bar (33cl bottle),Euro,4.63
National Average Price,2016 May,Cider - draught bar (1 pint),Euro,4.779
National Average Price,2016 May,Ale - draught bar (1 pint),Euro,4.379
National Average Price,2016 May,Cider - bar (33cl bottle),Euro,4.754
National Average Price,2016 May,Flavoured alcoholic drink - bar (275ml bottle),Euro,5.319
National Average Price,2016 May,Whiskey - bar (single) per ½ glass,Euro,4.127
National Average Price,2016 May,Brandy - bar (single) per ½ glass,Euro,4.625
National Average Price,2016 May,Vodka - bar (single) per ½ glass,Euro,4.167
National Average Price,2016 May,Wine - bar (187ml bottle),Euro,5.34
National Average Price,2016 May,Diesel per litre,Euro,1.13
National Average Price,2016 May,Petrol - unleaded per litre,Euro,1.291
National Average Price,2016 May,Cinema fee,Euro,9.234
National Average Price,2016 May,Nightclubs fee,Euro,9.439
National Average Price,2016 May,Gent's dry cut fee,Euro,11.977
National Average Price,2016 May,"Gent's wash, cut, and blow dry fee",Euro,17.724
National Average Price,2016 May,"Ladies' wash, cut and blow dry fee",Euro,38.336
National Average Price,2016 June,"White, self raising flour per 2 kg",Euro,2.348
National Average Price,2016 June,"Brown, wholemeal flour per 2 kg",Euro,3.042
National Average Price,2016 June,"Bread, white sliced pan, large (800g)",Euro,1.28
National Average Price,2016 June,"Bread, brown sliced pan, large (800g)",Euro,1.368
National Average Price,2016 June,Spaghetti per 500g,Euro,1.122
National Average Price,2016 June,Sirloin steak per kg,Euro,16.065
National Average Price,2016 June,Striploin steak per kg,Euro,23.029
National Average Price,2016 June,Roast beef - topside or rib per kg,Euro,12.917
National Average Price,2016 June,Sliced / diced beef pieces per kg,Euro,10.438
National Average Price,2016 June,Pork loin chops per kg,Euro,8.595
National Average Price,2016 June,Pork steak per kg,Euro,8.783
National Average Price,2016 June,Lamb - whole leg / half leg per kg,Euro,12.087
National Average Price,2016 June,Lamb loin chops per kg,Euro,18.212
National Average Price,2016 June,Lamb gigot chops per kg,Euro,12.484
National Average Price,2016 June,Uncooked chicken medium size 1.6kg,Euro,4.853
National Average Price,2016 June,Lamb's liver per kg,Euro,5.888
National Average Price,2016 June,Ham fillet per kg,Euro,5.699
National Average Price,2016 June,Cooked ham per kg,Euro,17.893
National Average Price,2016 June,Best back rashers per kg,Euro,9.688
National Average Price,2016 June,Pork sausages per kg,Euro,5.912
National Average Price,2016 June,Fresh fillet of whiting per kg,Euro,10.615
National Average Price,2016 June,Fresh fillet of cod per kg,Euro,15.475
National Average Price,2016 June,Fresh salmon per kg,Euro,19.887
National Average Price,2016 June,Fresh fillet of plaice per kg,Euro,18.657
National Average Price,2016 June,Fresh hake per kg,Euro,
National Average Price,2016 June,Smoked salmon per kg,Euro,29.358
National Average Price,2016 June,Full fat milk per 2 litre,Euro,1.707
National Average Price,2016 June,Low fat milk per 1 litre,Euro,1.05
National Average Price,2016 June,Irish cheddar per kg,Euro,10.405
National Average Price,2016 June,Large eggs per half dozen,Euro,1.773
National Average Price,2016 June,Medium eggs per half dozen,Euro,1.485
National Average Price,2016 June,Butter per lb,Euro,2.647
National Average Price,2016 June,Grapes per kg,Euro,5.145
National Average Price,2016 June,Bananas per kg,Euro,1.393
National Average Price,2016 June,Tomatoes per kg,Euro,2.949
National Average Price,2016 June,Onions per kg,Euro,1.114
National Average Price,2016 June,Broccoli per kg,Euro,3.184
National Average Price,2016 June,Carrots per kg,Euro,1.275
National Average Price,2016 June,Mushrooms per kg,Euro,4.263
National Average Price,2016 June,Tomatoes tinned per 400g,Euro,0.914
National Average Price,2016 June,Potatoes 2.5 kg,Euro,3.092
National Average Price,2016 June,Potatoes 7.5 kg,Euro,
National Average Price,2016 June,Potatoes 10 kg,Euro,7.495
National Average Price,2016 June,White granulated sugar per 1 kg,Euro,1.277
National Average Price,2016 June,Jam per lb,Euro,1.365
National Average Price,2016 June,Marmalade per lb,Euro,1.847
National Average Price,2016 June,Tea bags per 80,Euro,2.722
National Average Price,2016 June,Orange juice per litre,Euro,1.518
National Average Price,2016 June,Whiskey - take home (70cl bottle),Euro,25.544
National Average Price,2016 June,Brandy - take home (70cl bottle),Euro,30.088
National Average Price,2016 June,Vodka - take home (70cl bottle),Euro,19.256
National Average Price,2016 June,Cream liqueur - take home (70cl bottle),Euro,16.154
National Average Price,2016 June,Wine - take home (75cl bottle),Euro,10.47
National Average Price,2016 June,Cider - take home (50cl can),Euro,2.127
National Average Price,2016 June,Sherry - take home (75cl bottle),Euro,14.665
National Average Price,2016 June,Lager - take home (50cl can),Euro,1.905
National Average Price,2016 June,Stout - take home (50cl can),Euro,2.195
National Average Price,2016 June,Filtered cigarettes per 20 pk,Euro,10.717
National Average Price,2016 June,Stout - draught bar (1 pint),Euro,4.331
National Average Price,2016 June,Lager - draught bar (1 pint),Euro,4.712
National Average Price,2016 June,Lager - bar (33cl bottle),Euro,4.636
National Average Price,2016 June,Cider - draught bar (1 pint),Euro,4.794
National Average Price,2016 June,Ale - draught bar (1 pint),Euro,4.388
National Average Price,2016 June,Cider - bar (33cl bottle),Euro,4.768
National Average Price,2016 June,Flavoured alcoholic drink - bar (275ml bottle),Euro,5.313
National Average Price,2016 June,Whiskey - bar (single) per ½ glass,Euro,4.132
National Average Price,2016 June,Brandy - bar (single) per ½ glass,Euro,4.634
National Average Price,2016 June,Vodka - bar (single) per ½ glass,Euro,4.167
National Average Price,2016 June,Wine - bar (187ml bottle),Euro,5.353
National Average Price,2016 June,Diesel per litre,Euro,1.173
National Average Price,2016 June,Petrol - unleaded per litre,Euro,1.329
National Average Price,2016 June,Cinema fee,Euro,9.216
National Average Price,2016 June,Nightclubs fee,Euro,9.477
National Average Price,2016 June,Gent's dry cut fee,Euro,11.984
National Average Price,2016 June,"Gent's wash, cut, and blow dry fee",Euro,17.732
National Average Price,2016 June,"Ladies' wash, cut and blow dry fee",Euro,38.728
National Average Price,2016 July,"White, self raising flour per 2 kg",Euro,2.422
National Average Price,2016 July,"Brown, wholemeal flour per 2 kg",Euro,3.023
National Average Price,2016 July,"Bread, white sliced pan, large (800g)",Euro,1.291
National Average Price,2016 July,"Bread, brown sliced pan, large (800g)",Euro,1.358
National Average Price,2016 July,Spaghetti per 500g,Euro,1.102
National Average Price,2016 July,Sirloin steak per kg,Euro,15.029
National Average Price,2016 July,Striploin steak per kg,Euro,21.12
National Average Price,2016 July,Roast beef - topside or rib per kg,Euro,13.755
National Average Price,2016 July,Sliced / diced beef pieces per kg,Euro,10.637
National Average Price,2016 July,Pork loin chops per kg,Euro,7.642
National Average Price,2016 July,Pork steak per kg,Euro,8.872
National Average Price,2016 July,Lamb - whole leg / half leg per kg,Euro,11.675
National Average Price,2016 July,Lamb loin chops per kg,Euro,18.142
National Average Price,2016 July,Lamb gigot chops per kg,Euro,12.525
National Average Price,2016 July,Uncooked chicken medium size 1.6kg,Euro,4.873
National Average Price,2016 July,Lamb's liver per kg,Euro,5.855
National Average Price,2016 July,Ham fillet per kg,Euro,5.79
National Average Price,2016 July,Cooked ham per kg,Euro,17.597
National Average Price,2016 July,Best back rashers per kg,Euro,9.999
National Average Price,2016 July,Pork sausages per kg,Euro,5.976
National Average Price,2016 July,Fresh fillet of whiting per kg,Euro,11.046
National Average Price,2016 July,Fresh fillet of cod per kg,Euro,14.863
National Average Price,2016 July,Fresh salmon per kg,Euro,20.613
National Average Price,2016 July,Fresh fillet of plaice per kg,Euro,19.386
National Average Price,2016 July,Fresh hake per kg,Euro,
National Average Price,2016 July,Smoked salmon per kg,Euro,29.726
National Average Price,2016 July,Full fat milk per 2 litre,Euro,1.705
National Average Price,2016 July,Low fat milk per 1 litre,Euro,1.052
National Average Price,2016 July,Irish cheddar per kg,Euro,10.399
National Average Price,2016 July,Large eggs per half dozen,Euro,1.772
National Average Price,2016 July,Medium eggs per half dozen,Euro,1.483
National Average Price,2016 July,Butter per lb,Euro,2.661
National Average Price,2016 July,Grapes per kg,Euro,5.132
National Average Price,2016 July,Bananas per kg,Euro,1.399
National Average Price,2016 July,Tomatoes per kg,Euro,2.918
National Average Price,2016 July,Onions per kg,Euro,1.134
National Average Price,2016 July,Broccoli per kg,Euro,3.121
National Average Price,2016 July,Carrots per kg,Euro,1.311
National Average Price,2016 July,Mushrooms per kg,Euro,4.071
National Average Price,2016 July,Tomatoes tinned per 400g,Euro,0.871
National Average Price,2016 July,Potatoes 2.5 kg,Euro,3.299
National Average Price,2016 July,Potatoes 7.5 kg,Euro,
National Average Price,2016 July,Potatoes 10 kg,Euro,7.716
National Average Price,2016 July,White granulated sugar per 1 kg,Euro,1.283
National Average Price,2016 July,Jam per lb,Euro,1.324
National Average Price,2016 July,Marmalade per lb,Euro,1.958
National Average Price,2016 July,Tea bags per 80,Euro,2.773
National Average Price,2016 July,Orange juice per litre,Euro,1.495
National Average Price,2016 July,Whiskey - take home (70cl bottle),Euro,25.753
National Average Price,2016 July,Brandy - take home (70cl bottle),Euro,30.914
National Average Price,2016 July,Vodka - take home (70cl bottle),Euro,19.214
National Average Price,2016 July,Cream liqueur - take home (70cl bottle),Euro,16.21
National Average Price,2016 July,Wine - take home (75cl bottle),Euro,10.359
National Average Price,2016 July,Cider - take home (50cl can),Euro,2.13
National Average Price,2016 July,Sherry - take home (75cl bottle),Euro,14.991
National Average Price,2016 July,Lager - take home (50cl can),Euro,1.9
National Average Price,2016 July,Stout - take home (50cl can),Euro,2.193
National Average Price,2016 July,Filtered cigarettes per 20 pk,Euro,10.734
National Average Price,2016 July,Stout - draught bar (1 pint),Euro,4.333
National Average Price,2016 July,Lager - draught bar (1 pint),Euro,4.712
National Average Price,2016 July,Lager - bar (33cl bottle),Euro,4.636
National Average Price,2016 July,Cider - draught bar (1 pint),Euro,4.796
National Average Price,2016 July,Ale - draught bar (1 pint),Euro,4.394
National Average Price,2016 July,Cider - bar (33cl bottle),Euro,4.765
National Average Price,2016 July,Flavoured alcoholic drink - bar (275ml bottle),Euro,5.321
National Average Price,2016 July,Whiskey - bar (single) per ½ glass,Euro,4.132
National Average Price,2016 July,Brandy - bar (single) per ½ glass,Euro,4.635
National Average Price,2016 July,Vodka - bar (single) per ½ glass,Euro,4.168
National Average Price,2016 July,Wine - bar (187ml bottle),Euro,5.349
National Average Price,2016 July,Diesel per litre,Euro,1.163
National Average Price,2016 July,Petrol - unleaded per litre,Euro,1.313
National Average Price,2016 July,Cinema fee,Euro,9.198
National Average Price,2016 July,Nightclubs fee,Euro,9.477
National Average Price,2016 July,Gent's dry cut fee,Euro,11.969
National Average Price,2016 July,"Gent's wash, cut, and blow dry fee",Euro,17.704
National Average Price,2016 July,"Ladies' wash, cut and blow dry fee",Euro,38.643
National Average Price,2016 August,"White, self raising flour per 2 kg",Euro,2.424
National Average Price,2016 August,"Brown, wholemeal flour per 2 kg",Euro,3.035
National Average Price,2016 August,"Bread, white sliced pan, large (800g)",Euro,1.28
National Average Price,2016 August,"Bread, brown sliced pan, large (800g)",Euro,1.371
National Average Price,2016 August,Spaghetti per 500g,Euro,1.109
National Average Price,2016 August,Sirloin steak per kg,Euro,15.456
National Average Price,2016 August,Striploin steak per kg,Euro,23.219
National Average Price,2016 August,Roast beef - topside or rib per kg,Euro,13.152
National Average Price,2016 August,Sliced / diced beef pieces per kg,Euro,10.598
National Average Price,2016 August,Pork loin chops per kg,Euro,8.055
National Average Price,2016 August,Pork steak per kg,Euro,8.633
National Average Price,2016 August,Lamb - whole leg / half leg per kg,Euro,11.133
National Average Price,2016 August,Lamb loin chops per kg,Euro,17.863
National Average Price,2016 August,Lamb gigot chops per kg,Euro,12.513
National Average Price,2016 August,Uncooked chicken medium size 1.6kg,Euro,4.882
National Average Price,2016 August,Lamb's liver per kg,Euro,5.818
National Average Price,2016 August,Ham fillet per kg,Euro,5.757
National Average Price,2016 August,Cooked ham per kg,Euro,17.539
National Average Price,2016 August,Best back rashers per kg,Euro,9.875
National Average Price,2016 August,Pork sausages per kg,Euro,5.944
National Average Price,2016 August,Fresh fillet of whiting per kg,Euro,10.948
National Average Price,2016 August,Fresh fillet of cod per kg,Euro,17.09
National Average Price,2016 August,Fresh salmon per kg,Euro,20.831
National Average Price,2016 August,Fresh fillet of plaice per kg,Euro,18.472
National Average Price,2016 August,Fresh hake per kg,Euro,
National Average Price,2016 August,Smoked salmon per kg,Euro,29.638
National Average Price,2016 August,Full fat milk per 2 litre,Euro,1.707
National Average Price,2016 August,Low fat milk per 1 litre,Euro,1.057
National Average Price,2016 August,Irish cheddar per kg,Euro,10.095
National Average Price,2016 August,Large eggs per half dozen,Euro,1.773
National Average Price,2016 August,Medium eggs per half dozen,Euro,1.493
National Average Price,2016 August,Butter per lb,Euro,2.655
National Average Price,2016 August,Grapes per kg,Euro,5.107
National Average Price,2016 August,Bananas per kg,Euro,1.405
National Average Price,2016 August,Tomatoes per kg,Euro,2.897
National Average Price,2016 August,Onions per kg,Euro,1.147
National Average Price,2016 August,Broccoli per kg,Euro,3.034
National Average Price,2016 August,Carrots per kg,Euro,1.316
National Average Price,2016 August,Mushrooms per kg,Euro,4.1
National Average Price,2016 August,Tomatoes tinned per 400g,Euro,0.877
National Average Price,2016 August,Potatoes 2.5 kg,Euro,3.342
National Average Price,2016 August,Potatoes 7.5 kg,Euro,
National Average Price,2016 August,Potatoes 10 kg,Euro,7.794
National Average Price,2016 August,White granulated sugar per 1 kg,Euro,1.277
National Average Price,2016 August,Jam per lb,Euro,1.375
National Average Price,2016 August,Marmalade per lb,Euro,1.964
National Average Price,2016 August,Tea bags per 80,Euro,2.736
National Average Price,2016 August,Orange juice per litre,Euro,1.547
National Average Price,2016 August,Whiskey - take home (70cl bottle),Euro,25.828
National Average Price,2016 August,Brandy - take home (70cl bottle),Euro,29.448
National Average Price,2016 August,Vodka - take home (70cl bottle),Euro,19.061
National Average Price,2016 August,Cream liqueur - take home (70cl bottle),Euro,16.398
National Average Price,2016 August,Wine - take home (75cl bottle),Euro,10.445
National Average Price,2016 August,Cider - take home (50cl can),Euro,2.124
National Average Price,2016 August,Sherry - take home (75cl bottle),Euro,14.941
National Average Price,2016 August,Lager - take home (50cl can),Euro,1.897
National Average Price,2016 August,Stout - take home (50cl can),Euro,2.195
National Average Price,2016 August,Filtered cigarettes per 20 pk,Euro,10.746
National Average Price,2016 August,Stout - draught bar (1 pint),Euro,4.335
National Average Price,2016 August,Lager - draught bar (1 pint),Euro,4.72
National Average Price,2016 August,Lager - bar (33cl bottle),Euro,4.637
National Average Price,2016 August,Cider - draught bar (1 pint),Euro,4.799
National Average Price,2016 August,Ale - draught bar (1 pint),Euro,4.397
National Average Price,2016 August,Cider - bar (33cl bottle),Euro,4.772
National Average Price,2016 August,Flavoured alcoholic drink - bar (275ml bottle),Euro,5.312
National Average Price,2016 August,Whiskey - bar (single) per ½ glass,Euro,4.132
National Average Price,2016 August,Brandy - bar (single) per ½ glass,Euro,4.637
National Average Price,2016 August,Vodka - bar (single) per ½ glass,Euro,4.171
National Average Price,2016 August,Wine - bar (187ml bottle),Euro,5.365
National Average Price,2016 August,Diesel per litre,Euro,1.138
National Average Price,2016 August,Petrol - unleaded per litre,Euro,1.275
National Average Price,2016 August,Cinema fee,Euro,9.246
National Average Price,2016 August,Nightclubs fee,Euro,9.47
National Average Price,2016 August,Gent's dry cut fee,Euro,11.927
National Average Price,2016 August,"Gent's wash, cut, and blow dry fee",Euro,17.841
National Average Price,2016 August,"Ladies' wash, cut and blow dry fee",Euro,38.67
National Average Price,2016 September,"White, self raising flour per 2 kg",Euro,2.342
National Average Price,2016 September,"Brown, wholemeal flour per 2 kg",Euro,3.027
National Average Price,2016 September,"Bread, white sliced pan, large (800g)",Euro,1.282
National Average Price,2016 September,"Bread, brown sliced pan, large (800g)",Euro,1.373
National Average Price,2016 September,Spaghetti per 500g,Euro,1.117
National Average Price,2016 September,Sirloin steak per kg,Euro,15.789
National Average Price,2016 September,Striploin steak per kg,Euro,23.153
National Average Price,2016 September,Roast beef - topside or rib per kg,Euro,13.647
National Average Price,2016 September,Sliced / diced beef pieces per kg,Euro,9.985
National Average Price,2016 September,Pork loin chops per kg,Euro,8.582
National Average Price,2016 September,Pork steak per kg,Euro,9.084
National Average Price,2016 September,Lamb - whole leg / half leg per kg,Euro,11.64
National Average Price,2016 September,Lamb loin chops per kg,Euro,16.69
National Average Price,2016 September,Lamb gigot chops per kg,Euro,12.346
National Average Price,2016 September,Uncooked chicken medium size 1.6kg,Euro,4.835
National Average Price,2016 September,Lamb's liver per kg,Euro,5.812
National Average Price,2016 September,Ham fillet per kg,Euro,5.694
National Average Price,2016 September,Cooked ham per kg,Euro,17.344
National Average Price,2016 September,Best back rashers per kg,Euro,9.921
National Average Price,2016 September,Pork sausages per kg,Euro,5.883
National Average Price,2016 September,Fresh fillet of whiting per kg,Euro,10.929
National Average Price,2016 September,Fresh fillet of cod per kg,Euro,17.968
National Average Price,2016 September,Fresh salmon per kg,Euro,20.705
National Average Price,2016 September,Fresh fillet of plaice per kg,Euro,19.62
National Average Price,2016 September,Fresh hake per kg,Euro,
National Average Price,2016 September,Smoked salmon per kg,Euro,29.177
National Average Price,2016 September,Full fat milk per 2 litre,Euro,1.7
National Average Price,2016 September,Low fat milk per 1 litre,Euro,1.053
National Average Price,2016 September,Irish cheddar per kg,Euro,10.102
National Average Price,2016 September,Large eggs per half dozen,Euro,1.753
National Average Price,2016 September,Medium eggs per half dozen,Euro,1.483
National Average Price,2016 September,Butter per lb,Euro,2.654
National Average Price,2016 September,Grapes per kg,Euro,5.088
National Average Price,2016 September,Bananas per kg,Euro,1.41
National Average Price,2016 September,Tomatoes per kg,Euro,2.906
National Average Price,2016 September,Onions per kg,Euro,1.125
National Average Price,2016 September,Broccoli per kg,Euro,3.041
National Average Price,2016 September,Carrots per kg,Euro,1.325
National Average Price,2016 September,Mushrooms per kg,Euro,4.09
National Average Price,2016 September,Tomatoes tinned per 400g,Euro,0.917
National Average Price,2016 September,Potatoes 2.5 kg,Euro,3.22
National Average Price,2016 September,Potatoes 7.5 kg,Euro,
National Average Price,2016 September,Potatoes 10 kg,Euro,7.926
National Average Price,2016 September,White granulated sugar per 1 kg,Euro,1.275
National Average Price,2016 September,Jam per lb,Euro,1.372
National Average Price,2016 September,Marmalade per lb,Euro,2.032
National Average Price,2016 September,Tea bags per 80,Euro,2.708
National Average Price,2016 September,Orange juice per litre,Euro,1.553
National Average Price,2016 September,Whiskey - take home (70cl bottle),Euro,26.476
National Average Price,2016 September,Brandy - take home (70cl bottle),Euro,30.018
National Average Price,2016 September,Vodka - take home (70cl bottle),Euro,19.255
National Average Price,2016 September,Cream liqueur - take home (70cl bottle),Euro,15.363
National Average Price,2016 September,Wine - take home (75cl bottle),Euro,10.196
National Average Price,2016 September,Cider - take home (50cl can),Euro,2.122
National Average Price,2016 September,Sherry - take home (75cl bottle),Euro,15.011
National Average Price,2016 September,Lager - take home (50cl can),Euro,1.899
National Average Price,2016 September,Stout - take home (50cl can),Euro,2.195
National Average Price,2016 September,Filtered cigarettes per 20 pk,Euro,10.747
National Average Price,2016 September,Stout - draught bar (1 pint),Euro,4.336
National Average Price,2016 September,Lager - draught bar (1 pint),Euro,4.72
National Average Price,2016 September,Lager - bar (33cl bottle),Euro,4.639
National Average Price,2016 September,Cider - draught bar (1 pint),Euro,4.798
National Average Price,2016 September,Ale - draught bar (1 pint),Euro,4.396
National Average Price,2016 September,Cider - bar (33cl bottle),Euro,4.775
National Average Price,2016 September,Flavoured alcoholic drink - bar (275ml bottle),Euro,5.319
National Average Price,2016 September,Whiskey - bar (single) per ½ glass,Euro,4.137
National Average Price,2016 September,Brandy - bar (single) per ½ glass,Euro,4.639
National Average Price,2016 September,Vodka - bar (single) per ½ glass,Euro,4.178
National Average Price,2016 September,Wine - bar (187ml bottle),Euro,5.366
National Average Price,2016 September,Diesel per litre,Euro,1.163
National Average Price,2016 September,Petrol - unleaded per litre,Euro,1.282
National Average Price,2016 September,Cinema fee,Euro,9.237
National Average Price,2016 September,Nightclubs fee,Euro,9.571
National Average Price,2016 September,Gent's dry cut fee,Euro,11.954
National Average Price,2016 September,"Gent's wash, cut, and blow dry fee",Euro,17.754
National Average Price,2016 September,"Ladies' wash, cut and blow dry fee",Euro,38.716
National Average Price,2016 October,"White, self raising flour per 2 kg",Euro,2.211
National Average Price,2016 October,"Brown, wholemeal flour per 2 kg",Euro,2.952
National Average Price,2016 October,"Bread, white sliced pan, large (800g)",Euro,1.283
National Average Price,2016 October,"Bread, brown sliced pan, large (800g)",Euro,1.354
National Average Price,2016 October,Spaghetti per 500g,Euro,1.109
National Average Price,2016 October,Sirloin steak per kg,Euro,15.893
National Average Price,2016 October,Striploin steak per kg,Euro,22.998
National Average Price,2016 October,Roast beef - topside or rib per kg,Euro,13.65
National Average Price,2016 October,Sliced / diced beef pieces per kg,Euro,10.058
National Average Price,2016 October,Pork loin chops per kg,Euro,8.212
National Average Price,2016 October,Pork steak per kg,Euro,9.191
National Average Price,2016 October,Lamb - whole leg / half leg per kg,Euro,10.982
National Average Price,2016 October,Lamb loin chops per kg,Euro,16.32
National Average Price,2016 October,Lamb gigot chops per kg,Euro,11.953
National Average Price,2016 October,Uncooked chicken medium size 1.6kg,Euro,4.888
National Average Price,2016 October,Lamb's liver per kg,Euro,5.813
National Average Price,2016 October,Ham fillet per kg,Euro,5.664
National Average Price,2016 October,Cooked ham per kg,Euro,17.943
National Average Price,2016 October,Best back rashers per kg,Euro,10.037
National Average Price,2016 October,Pork sausages per kg,Euro,5.854
National Average Price,2016 October,Fresh fillet of whiting per kg,Euro,10.555
National Average Price,2016 October,Fresh fillet of cod per kg,Euro,16.872
National Average Price,2016 October,Fresh salmon per kg,Euro,20.661
National Average Price,2016 October,Fresh fillet of plaice per kg,Euro,17.114
National Average Price,2016 October,Fresh hake per kg,Euro,
National Average Price,2016 October,Smoked salmon per kg,Euro,28.824
National Average Price,2016 October,Full fat milk per 2 litre,Euro,1.691
National Average Price,2016 October,Low fat milk per 1 litre,Euro,1.052
National Average Price,2016 October,Irish cheddar per kg,Euro,10.057
National Average Price,2016 October,Large eggs per half dozen,Euro,1.743
National Average Price,2016 October,Medium eggs per half dozen,Euro,1.401
National Average Price,2016 October,Butter per lb,Euro,2.653
National Average Price,2016 October,Grapes per kg,Euro,5.007
National Average Price,2016 October,Bananas per kg,Euro,1.411
National Average Price,2016 October,Tomatoes per kg,Euro,2.906
National Average Price,2016 October,Onions per kg,Euro,1.075
National Average Price,2016 October,Broccoli per kg,Euro,3.092
National Average Price,2016 October,Carrots per kg,Euro,1.202
National Average Price,2016 October,Mushrooms per kg,Euro,4.129
National Average Price,2016 October,Tomatoes tinned per 400g,Euro,0.892
National Average Price,2016 October,Potatoes 2.5 kg,Euro,3.164
National Average Price,2016 October,Potatoes 7.5 kg,Euro,
National Average Price,2016 October,Potatoes 10 kg,Euro,7.657
National Average Price,2016 October,White granulated sugar per 1 kg,Euro,1.273
National Average Price,2016 October,Jam per lb,Euro,1.352
National Average Price,2016 October,Marmalade per lb,Euro,1.802
National Average Price,2016 October,Tea bags per 80,Euro,2.743
National Average Price,2016 October,Orange juice per litre,Euro,1.531
National Average Price,2016 October,Whiskey - take home (70cl bottle),Euro,24.579
National Average Price,2016 October,Brandy - take home (70cl bottle),Euro,31.078
National Average Price,2016 October,Vodka - take home (70cl bottle),Euro,19.209
National Average Price,2016 October,Cream liqueur - take home (70cl bottle),Euro,15.618
National Average Price,2016 October,Wine - take home (75cl bottle),Euro,10.157
National Average Price,2016 October,Cider - take home (50cl can),Euro,2.079
National Average Price,2016 October,Sherry - take home (75cl bottle),Euro,14.361
National Average Price,2016 October,Lager - take home (50cl can),Euro,1.92
National Average Price,2016 October,Stout - take home (50cl can),Euro,2.192
National Average Price,2016 October,Filtered cigarettes per 20 pk,Euro,10.981
National Average Price,2016 October,Stout - draught bar (1 pint),Euro,4.337
National Average Price,2016 October,Lager - draught bar (1 pint),Euro,4.722
National Average Price,2016 October,Lager - bar (33cl bottle),Euro,4.643
National Average Price,2016 October,Cider - draught bar (1 pint),Euro,4.795
National Average Price,2016 October,Ale - draught bar (1 pint),Euro,4.395
National Average Price,2016 October,Cider - bar (33cl bottle),Euro,4.776
National Average Price,2016 October,Flavoured alcoholic drink - bar (275ml bottle),Euro,5.322
National Average Price,2016 October,Whiskey - bar (single) per ½ glass,Euro,4.136
National Average Price,2016 October,Brandy - bar (single) per ½ glass,Euro,4.638
National Average Price,2016 October,Vodka - bar (single) per ½ glass,Euro,4.179
National Average Price,2016 October,Wine - bar (187ml bottle),Euro,5.368
National Average Price,2016 October,Diesel per litre,Euro,1.19
National Average Price,2016 October,Petrol - unleaded per litre,Euro,1.299
National Average Price,2016 October,Cinema fee,Euro,9.285
National Average Price,2016 October,Nightclubs fee,Euro,9.113
National Average Price,2016 October,Gent's dry cut fee,Euro,11.951
National Average Price,2016 October,"Gent's wash, cut, and blow dry fee",Euro,17.705
National Average Price,2016 October,"Ladies' wash, cut and blow dry fee",Euro,38.716
National Average Price,2016 November,"White, self raising flour per 2 kg",Euro,2.198
National Average Price,2016 November,"Brown, wholemeal flour per 2 kg",Euro,2.958
National Average Price,2016 November,"Bread, white sliced pan, large (800g)",Euro,1.289
National Average Price,2016 November,"Bread, brown sliced pan, large (800g)",Euro,1.38
National Average Price,2016 November,Spaghetti per 500g,Euro,1.108
National Average Price,2016 November,Sirloin steak per kg,Euro,16.12
National Average Price,2016 November,Striploin steak per kg,Euro,22.662
National Average Price,2016 November,Roast beef - topside or rib per kg,Euro,13.371
National Average Price,2016 November,Sliced / diced beef pieces per kg,Euro,10.512
National Average Price,2016 November,Pork loin chops per kg,Euro,8.031
National Average Price,2016 November,Pork steak per kg,Euro,8.932
National Average Price,2016 November,Lamb - whole leg / half leg per kg,Euro,11.987
National Average Price,2016 November,Lamb loin chops per kg,Euro,18.503
National Average Price,2016 November,Lamb gigot chops per kg,Euro,12.79
National Average Price,2016 November,Uncooked chicken medium size 1.6kg,Euro,4.893
National Average Price,2016 November,Lamb's liver per kg,Euro,5.831
National Average Price,2016 November,Ham fillet per kg,Euro,5.517
National Average Price,2016 November,Cooked ham per kg,Euro,17.573
National Average Price,2016 November,Best back rashers per kg,Euro,9.952
National Average Price,2016 November,Pork sausages per kg,Euro,5.846
National Average Price,2016 November,Fresh fillet of whiting per kg,Euro,10.839
National Average Price,2016 November,Fresh fillet of cod per kg,Euro,15.353
National Average Price,2016 November,Fresh salmon per kg,Euro,20.76
National Average Price,2016 November,Fresh fillet of plaice per kg,Euro,19.697
National Average Price,2016 November,Fresh hake per kg,Euro,
National Average Price,2016 November,Smoked salmon per kg,Euro,28.133
National Average Price,2016 November,Full fat milk per 2 litre,Euro,1.697
National Average Price,2016 November,Low fat milk per 1 litre,Euro,1.05
National Average Price,2016 November,Irish cheddar per kg,Euro,9.836
National Average Price,2016 November,Large eggs per half dozen,Euro,1.741
National Average Price,2016 November,Medium eggs per half dozen,Euro,1.416
National Average Price,2016 November,Butter per lb,Euro,2.655
National Average Price,2016 November,Grapes per kg,Euro,5.019
National Average Price,2016 November,Bananas per kg,Euro,1.403
National Average Price,2016 November,Tomatoes per kg,Euro,2.936
National Average Price,2016 November,Onions per kg,Euro,1.07
National Average Price,2016 November,Broccoli per kg,Euro,2.888
National Average Price,2016 November,Carrots per kg,Euro,1.276
National Average Price,2016 November,Mushrooms per kg,Euro,4.091
National Average Price,2016 November,Tomatoes tinned per 400g,Euro,0.905
National Average Price,2016 November,Potatoes 2.5 kg,Euro,3.135
National Average Price,2016 November,Potatoes 7.5 kg,Euro,
National Average Price,2016 November,Potatoes 10 kg,Euro,7.638
National Average Price,2016 November,White granulated sugar per 1 kg,Euro,1.264
National Average Price,2016 November,Jam per lb,Euro,1.366
National Average Price,2016 November,Marmalade per lb,Euro,1.914
National Average Price,2016 November,Tea bags per 80,Euro,2.716
National Average Price,2016 November,Orange juice per litre,Euro,1.518
National Average Price,2016 November,Whiskey - take home (70cl bottle),Euro,22.518
National Average Price,2016 November,Brandy - take home (70cl bottle),Euro,28.201
National Average Price,2016 November,Vodka - take home (70cl bottle),Euro,19.08
National Average Price,2016 November,Cream liqueur - take home (70cl bottle),Euro,13.845
National Average Price,2016 November,Wine - take home (75cl bottle),Euro,10.304
National Average Price,2016 November,Cider - take home (50cl can),Euro,2.087
National Average Price,2016 November,Sherry - take home (75cl bottle),Euro,14.043
National Average Price,2016 November,Lager - take home (50cl can),Euro,1.904
National Average Price,2016 November,Stout - take home (50cl can),Euro,2.183
National Average Price,2016 November,Filtered cigarettes per 20 pk,Euro,11.243
National Average Price,2016 November,Stout - draught bar (1 pint),Euro,4.341
National Average Price,2016 November,Lager - draught bar (1 pint),Euro,4.726
National Average Price,2016 November,Lager - bar (33cl bottle),Euro,4.645
National Average Price,2016 November,Cider - draught bar (1 pint),Euro,4.795
National Average Price,2016 November,Ale - draught bar (1 pint),Euro,4.4
National Average Price,2016 November,Cider - bar (33cl bottle),Euro,4.782
National Average Price,2016 November,Flavoured alcoholic drink - bar (275ml bottle),Euro,5.328
National Average Price,2016 November,Whiskey - bar (single) per ½ glass,Euro,4.147
National Average Price,2016 November,Brandy - bar (single) per ½ glass,Euro,4.646
National Average Price,2016 November,Vodka - bar (single) per ½ glass,Euro,4.191
National Average Price,2016 November,Wine - bar (187ml bottle),Euro,5.381
National Average Price,2016 November,Diesel per litre,Euro,1.207
National Average Price,2016 November,Petrol - unleaded per litre,Euro,1.306
National Average Price,2016 November,Cinema fee,Euro,9.329
National Average Price,2016 November,Nightclubs fee,Euro,9.056
National Average Price,2016 November,Gent's dry cut fee,Euro,11.898
National Average Price,2016 November,"Gent's wash, cut, and blow dry fee",Euro,17.767
National Average Price,2016 November,"Ladies' wash, cut and blow dry fee",Euro,38.826
National Average Price,2016 December,"White, self raising flour per 2 kg",Euro,2.278
National Average Price,2016 December,"Brown, wholemeal flour per 2 kg",Euro,2.95
National Average Price,2016 December,"Bread, white sliced pan, large (800g)",Euro,1.285
National Average Price,2016 December,"Bread, brown sliced pan, large (800g)",Euro,1.368
National Average Price,2016 December,Spaghetti per 500g,Euro,1.124
National Average Price,2016 December,Sirloin steak per kg,Euro,15.086
National Average Price,2016 December,Striploin steak per kg,Euro,20.793
National Average Price,2016 December,Roast beef - topside or rib per kg,Euro,12.761
National Average Price,2016 December,Sliced / diced beef pieces per kg,Euro,10.583
National Average Price,2016 December,Pork loin chops per kg,Euro,7.556
National Average Price,2016 December,Pork steak per kg,Euro,9.156
National Average Price,2016 December,Lamb - whole leg / half leg per kg,Euro,11.854
National Average Price,2016 December,Lamb loin chops per kg,Euro,18.205
National Average Price,2016 December,Lamb gigot chops per kg,Euro,
National Average Price,2016 December,Uncooked chicken medium size 1.6kg,Euro,4.903
National Average Price,2016 December,Lamb's liver per kg,Euro,5.847
National Average Price,2016 December,Ham fillet per kg,Euro,5.578
National Average Price,2016 December,Cooked ham per kg,Euro,18.38
National Average Price,2016 December,Best back rashers per kg,Euro,9.778
National Average Price,2016 December,Pork sausages per kg,Euro,5.812
National Average Price,2016 December,Fresh fillet of whiting per kg,Euro,
National Average Price,2016 December,Fresh fillet of cod per kg,Euro,17.108
National Average Price,2016 December,Fresh salmon per kg,Euro,20.057
National Average Price,2016 December,Fresh fillet of plaice per kg,Euro,
National Average Price,2016 December,Fresh hake per kg,Euro,
National Average Price,2016 December,Smoked salmon per kg,Euro,27.638
National Average Price,2016 December,Full fat milk per 2 litre,Euro,1.697
National Average Price,2016 December,Low fat milk per 1 litre,Euro,1.049
National Average Price,2016 December,Irish cheddar per kg,Euro,10.369
National Average Price,2016 December,Large eggs per half dozen,Euro,1.758
National Average Price,2016 December,Medium eggs per half dozen,Euro,1.478
National Average Price,2016 December,Butter per lb,Euro,2.654
National Average Price,2016 December,Grapes per kg,Euro,5.112
National Average Price,2016 December,Bananas per kg,Euro,1.406
National Average Price,2016 December,Tomatoes per kg,Euro,2.925
National Average Price,2016 December,Onions per kg,Euro,1.07
National Average Price,2016 December,Broccoli per kg,Euro,3.08
National Average Price,2016 December,Carrots per kg,Euro,1.262
National Average Price,2016 December,Mushrooms per kg,Euro,3.932
National Average Price,2016 December,Tomatoes tinned per 400g,Euro,0.896
National Average Price,2016 December,Potatoes 2.5 kg,Euro,3.137
National Average Price,2016 December,Potatoes 7.5 kg,Euro,
National Average Price,2016 December,Potatoes 10 kg,Euro,
National Average Price,2016 December,White granulated sugar per 1 kg,Euro,1.289
National Average Price,2016 December,Jam per lb,Euro,1.376
National Average Price,2016 December,Marmalade per lb,Euro,1.778
National Average Price,2016 December,Tea bags per 80,Euro,2.809
National Average Price,2016 December,Orange juice per litre,Euro,1.502
National Average Price,2016 December,Whiskey - take home (70cl bottle),Euro,22.139
National Average Price,2016 December,Brandy - take home (70cl bottle),Euro,27.195
National Average Price,2016 December,Vodka - take home (70cl bottle),Euro,17.678
National Average Price,2016 December,Cream liqueur - take home (70cl bottle),Euro,12.005
National Average Price,2016 December,Wine - take home (75cl bottle),Euro,
National Average Price,2016 December,Cider - take home (50cl can),Euro,2.074
National Average Price,2016 December,Sherry - take home (75cl bottle),Euro,
National Average Price,2016 December,Lager - take home (50cl can),Euro,1.931
National Average Price,2016 December,Stout - take home (50cl can),Euro,2.19
National Average Price,2016 December,Filtered cigarettes per 20 pk,Euro,11.242
National Average Price,2016 December,Stout - draught bar (1 pint),Euro,4.359
National Average Price,2016 December,Lager - draught bar (1 pint),Euro,4.744
National Average Price,2016 December,Lager - bar (33cl bottle),Euro,4.656
National Average Price,2016 December,Cider - draught bar (1 pint),Euro,4.816
National Average Price,2016 December,Ale - draught bar (1 pint),Euro,4.418
National Average Price,2016 December,Cider - bar (33cl bottle),Euro,4.807
National Average Price,2016 December,Flavoured alcoholic drink - bar (275ml bottle),Euro,5.403
National Average Price,2016 December,Whiskey - bar (single) per ½ glass,Euro,4.166
National Average Price,2016 December,Brandy - bar (single) per ½ glass,Euro,4.665
National Average Price,2016 December,Vodka - bar (single) per ½ glass,Euro,4.207
National Average Price,2016 December,Wine - bar (187ml bottle),Euro,
National Average Price,2016 December,Diesel per litre,Euro,1.229
National Average Price,2016 December,Petrol - unleaded per litre,Euro,1.325
National Average Price,2016 December,Cinema fee,Euro,9.334
National Average Price,2016 December,Nightclubs fee,Euro,8.718
National Average Price,2016 December,Gent's dry cut fee,Euro,11.944
National Average Price,2016 December,"Gent's wash, cut, and blow dry fee",Euro,
National Average Price,2016 December,"Ladies' wash, cut and blow dry fee",Euro,38.821
National Average Price,2017 January,"White, self raising flour per 2 kg",Euro,2.405
National Average Price,2017 January,"Brown, wholemeal flour per 2 kg",Euro,2.967
National Average Price,2017 January,"Bread, white sliced pan, large (800g)",Euro,1.278
National Average Price,2017 January,"Bread, brown sliced pan, large (800g)",Euro,1.382
National Average Price,2017 January,Spaghetti per 500g,Euro,1.105
National Average Price,2017 January,Sirloin steak per kg,Euro,16.725
National Average Price,2017 January,Striploin steak per kg,Euro,22.971
National Average Price,2017 January,Roast beef - topside or rib per kg,Euro,12.796
National Average Price,2017 January,Sliced / diced beef pieces per kg,Euro,10.588
National Average Price,2017 January,Pork loin chops per kg,Euro,7.985
National Average Price,2017 January,Pork steak per kg,Euro,9.332
National Average Price,2017 January,Lamb - whole leg / half leg per kg,Euro,12.316
National Average Price,2017 January,Lamb loin chops per kg,Euro,17.545
National Average Price,2017 January,Lamb gigot chops per kg,Euro,
National Average Price,2017 January,Uncooked chicken medium size 1.6kg,Euro,4.856
National Average Price,2017 January,Lamb's liver per kg,Euro,5.845
National Average Price,2017 January,Ham fillet per kg,Euro,5.737
National Average Price,2017 January,Cooked ham per kg,Euro,17.84
National Average Price,2017 January,Best back rashers per kg,Euro,9.598
National Average Price,2017 January,Pork sausages per kg,Euro,5.774
National Average Price,2017 January,Fresh fillet of whiting per kg,Euro,
National Average Price,2017 January,Fresh fillet of cod per kg,Euro,17.253
National Average Price,2017 January,Fresh salmon per kg,Euro,20.706
National Average Price,2017 January,Fresh fillet of plaice per kg,Euro,
National Average Price,2017 January,Fresh hake per kg,Euro,16.482
National Average Price,2017 January,Smoked salmon per kg,Euro,27.744
National Average Price,2017 January,Full fat milk per 2 litre,Euro,1.695
National Average Price,2017 January,Low fat milk per 1 litre,Euro,1.051
National Average Price,2017 January,Irish cheddar per kg,Euro,10.203
National Average Price,2017 January,Large eggs per half dozen,Euro,1.757
National Average Price,2017 January,Medium eggs per half dozen,Euro,1.459
National Average Price,2017 January,Butter per lb,Euro,2.658
National Average Price,2017 January,Grapes per kg,Euro,5.101
National Average Price,2017 January,Bananas per kg,Euro,1.411
National Average Price,2017 January,Tomatoes per kg,Euro,2.894
National Average Price,2017 January,Onions per kg,Euro,1.083
National Average Price,2017 January,Broccoli per kg,Euro,2.993
National Average Price,2017 January,Carrots per kg,Euro,1.206
National Average Price,2017 January,Mushrooms per kg,Euro,4.043
National Average Price,2017 January,Tomatoes tinned per 400g,Euro,0.893
National Average Price,2017 January,Potatoes 2.5 kg,Euro,3.147
National Average Price,2017 January,Potatoes 7.5 kg,Euro,5.868
National Average Price,2017 January,Potatoes 10 kg,Euro,
National Average Price,2017 January,White granulated sugar per 1 kg,Euro,1.288
National Average Price,2017 January,Jam per lb,Euro,1.339
National Average Price,2017 January,Marmalade per lb,Euro,1.951
National Average Price,2017 January,Tea bags per 80,Euro,2.788
National Average Price,2017 January,Orange juice per litre,Euro,1.464
National Average Price,2017 January,Whiskey - take home (70cl bottle),Euro,26.622
National Average Price,2017 January,Brandy - take home (70cl bottle),Euro,31.056
National Average Price,2017 January,Vodka - take home (70cl bottle),Euro,19.055
National Average Price,2017 January,Cream liqueur - take home (70cl bottle),Euro,14.98
National Average Price,2017 January,Wine - take home (75cl bottle),Euro,
National Average Price,2017 January,Cider - take home (50cl can),Euro,2.071
National Average Price,2017 January,Sherry - take home (75cl bottle),Euro,
National Average Price,2017 January,Lager - take home (50cl can),Euro,1.901
National Average Price,2017 January,Stout - take home (50cl can),Euro,2.19
National Average Price,2017 January,Filtered cigarettes per 20 pk,Euro,11.241
National Average Price,2017 January,Stout - draught bar (1 pint),Euro,4.365
National Average Price,2017 January,Lager - draught bar (1 pint),Euro,4.744
National Average Price,2017 January,Lager - bar (33cl bottle),Euro,4.667
National Average Price,2017 January,Cider - draught bar (1 pint),Euro,4.821
National Average Price,2017 January,Ale - draught bar (1 pint),Euro,4.42
National Average Price,2017 January,Cider - bar (33cl bottle),Euro,4.81
National Average Price,2017 January,Flavoured alcoholic drink - bar (275ml bottle),Euro,5.389
National Average Price,2017 January,Whiskey - bar (single) per ½ glass,Euro,4.18
National Average Price,2017 January,Brandy - bar (single) per ½ glass,Euro,4.664
National Average Price,2017 January,Vodka - bar (single) per ½ glass,Euro,4.219
National Average Price,2017 January,Wine - bar (187ml bottle),Euro,
National Average Price,2017 January,Diesel per litre,Euro,1.271
National Average Price,2017 January,Petrol - unleaded per litre,Euro,1.366
National Average Price,2017 January,Cinema fee,Euro,9.313
National Average Price,2017 January,Nightclubs fee,Euro,8.804
National Average Price,2017 January,Gent's dry cut fee,Euro,11.958
National Average Price,2017 January,"Gent's wash, cut, and blow dry fee",Euro,
National Average Price,2017 January,"Ladies' wash, cut and blow dry fee",Euro,38.907
National Average Price,2017 February,"White, self raising flour per 2 kg",Euro,2.401
National Average Price,2017 February,"Brown, wholemeal flour per 2 kg",Euro,2.962
National Average Price,2017 February,"Bread, white sliced pan, large (800g)",Euro,1.272
National Average Price,2017 February,"Bread, brown sliced pan, large (800g)",Euro,1.395
National Average Price,2017 February,Spaghetti per 500g,Euro,1.097
National Average Price,2017 February,Sirloin steak per kg,Euro,14.956
National Average Price,2017 February,Striploin steak per kg,Euro,20.483
National Average Price,2017 February,Roast beef - topside or rib per kg,Euro,12.792
National Average Price,2017 February,Sliced / diced beef pieces per kg,Euro,10.574
National Average Price,2017 February,Pork loin chops per kg,Euro,7.853
National Average Price,2017 February,Pork steak per kg,Euro,9.295
National Average Price,2017 February,Lamb - whole leg / half leg per kg,Euro,11.59
National Average Price,2017 February,Lamb loin chops per kg,Euro,17.438
National Average Price,2017 February,Lamb gigot chops per kg,Euro,
National Average Price,2017 February,Uncooked chicken medium size 1.6kg,Euro,4.813
National Average Price,2017 February,Lamb's liver per kg,Euro,5.775
National Average Price,2017 February,Ham fillet per kg,Euro,5.725
National Average Price,2017 February,Cooked ham per kg,Euro,18.115
National Average Price,2017 February,Best back rashers per kg,Euro,9.784
National Average Price,2017 February,Pork sausages per kg,Euro,5.819
National Average Price,2017 February,Fresh fillet of whiting per kg,Euro,
National Average Price,2017 February,Fresh fillet of cod per kg,Euro,15.157
National Average Price,2017 February,Fresh salmon per kg,Euro,19.934
National Average Price,2017 February,Fresh fillet of plaice per kg,Euro,
National Average Price,2017 February,Fresh hake per kg,Euro,13.591
National Average Price,2017 February,Smoked salmon per kg,Euro,28.456
National Average Price,2017 February,Full fat milk per 2 litre,Euro,1.696
National Average Price,2017 February,Low fat milk per 1 litre,Euro,1.047
National Average Price,2017 February,Irish cheddar per kg,Euro,10.056
National Average Price,2017 February,Large eggs per half dozen,Euro,1.752
National Average Price,2017 February,Medium eggs per half dozen,Euro,1.439
National Average Price,2017 February,Butter per lb,Euro,2.65
National Average Price,2017 February,Grapes per kg,Euro,5.132
National Average Price,2017 February,Bananas per kg,Euro,1.414
National Average Price,2017 February,Tomatoes per kg,Euro,3.077
National Average Price,2017 February,Onions per kg,Euro,1.013
National Average Price,2017 February,Broccoli per kg,Euro,3.029
National Average Price,2017 February,Carrots per kg,Euro,1.274
National Average Price,2017 February,Mushrooms per kg,Euro,4.063
National Average Price,2017 February,Tomatoes tinned per 400g,Euro,0.91
National Average Price,2017 February,Potatoes 2.5 kg,Euro,3.089
National Average Price,2017 February,Potatoes 7.5 kg,Euro,5.899
National Average Price,2017 February,Potatoes 10 kg,Euro,
National Average Price,2017 February,White granulated sugar per 1 kg,Euro,1.294
National Average Price,2017 February,Jam per lb,Euro,1.375
National Average Price,2017 February,Marmalade per lb,Euro,1.819
National Average Price,2017 February,Tea bags per 80,Euro,2.737
National Average Price,2017 February,Orange juice per litre,Euro,1.47
National Average Price,2017 February,Whiskey - take home (70cl bottle),Euro,25.584
National Average Price,2017 February,Brandy - take home (70cl bottle),Euro,31.419
National Average Price,2017 February,Vodka - take home (70cl bottle),Euro,19.171
National Average Price,2017 February,Cream liqueur - take home (70cl bottle),Euro,15.044
National Average Price,2017 February,Wine - take home (75cl bottle),Euro,
National Average Price,2017 February,Cider - take home (50cl can),Euro,2.07
National Average Price,2017 February,Sherry - take home (75cl bottle),Euro,
National Average Price,2017 February,Lager - take home (50cl can),Euro,1.899
National Average Price,2017 February,Stout - take home (50cl can),Euro,2.186
National Average Price,2017 February,Filtered cigarettes per 20 pk,Euro,11.238
National Average Price,2017 February,Stout - draught bar (1 pint),Euro,4.366
National Average Price,2017 February,Lager - draught bar (1 pint),Euro,4.751
National Average Price,2017 February,Lager - bar (33cl bottle),Euro,4.662
National Average Price,2017 February,Cider - draught bar (1 pint),Euro,4.826
National Average Price,2017 February,Ale - draught bar (1 pint),Euro,4.42
National Average Price,2017 February,Cider - bar (33cl bottle),Euro,4.817
National Average Price,2017 February,Flavoured alcoholic drink - bar (275ml bottle),Euro,5.39
National Average Price,2017 February,Whiskey - bar (single) per ½ glass,Euro,4.177
National Average Price,2017 February,Brandy - bar (single) per ½ glass,Euro,4.666
National Average Price,2017 February,Vodka - bar (single) per ½ glass,Euro,4.219
National Average Price,2017 February,Wine - bar (187ml bottle),Euro,
National Average Price,2017 February,Diesel per litre,Euro,1.271
National Average Price,2017 February,Petrol - unleaded per litre,Euro,1.376
National Average Price,2017 February,Cinema fee,Euro,9.363
National Average Price,2017 February,Nightclubs fee,Euro,8.85
National Average Price,2017 February,Gent's dry cut fee,Euro,11.911
National Average Price,2017 February,"Gent's wash, cut, and blow dry fee",Euro,
National Average Price,2017 February,"Ladies' wash, cut and blow dry fee",Euro,38.921
National Average Price,2017 March,"White, self raising flour per 2 kg",Euro,2.373
National Average Price,2017 March,"Brown, wholemeal flour per 2 kg",Euro,2.936
National Average Price,2017 March,"Bread, white sliced pan, large (800g)",Euro,1.269
National Average Price,2017 March,"Bread, brown sliced pan, large (800g)",Euro,1.383
National Average Price,2017 March,Spaghetti per 500g,Euro,1.064
National Average Price,2017 March,Sirloin steak per kg,Euro,16.023
National Average Price,2017 March,Striploin steak per kg,Euro,22.424
National Average Price,2017 March,Roast beef - topside or rib per kg,Euro,13.13
National Average Price,2017 March,Sliced / diced beef pieces per kg,Euro,10.51
National Average Price,2017 March,Pork loin chops per kg,Euro,8.194
National Average Price,2017 March,Pork steak per kg,Euro,9.067
National Average Price,2017 March,Lamb - whole leg / half leg per kg,Euro,10.528
National Average Price,2017 March,Lamb loin chops per kg,Euro,17.322
National Average Price,2017 March,Lamb gigot chops per kg,Euro,
National Average Price,2017 March,Uncooked chicken medium size 1.6kg,Euro,4.699
National Average Price,2017 March,Lamb's liver per kg,Euro,5.801
National Average Price,2017 March,Ham fillet per kg,Euro,5.665
National Average Price,2017 March,Cooked ham per kg,Euro,17.591
National Average Price,2017 March,Best back rashers per kg,Euro,9.746
National Average Price,2017 March,Pork sausages per kg,Euro,5.867
National Average Price,2017 March,Fresh fillet of whiting per kg,Euro,
National Average Price,2017 March,Fresh fillet of cod per kg,Euro,14.669
National Average Price,2017 March,Fresh salmon per kg,Euro,19.809
National Average Price,2017 March,Fresh fillet of plaice per kg,Euro,
National Average Price,2017 March,Fresh hake per kg,Euro,13.836
National Average Price,2017 March,Smoked salmon per kg,Euro,28.406
National Average Price,2017 March,Full fat milk per 2 litre,Euro,1.698
National Average Price,2017 March,Low fat milk per 1 litre,Euro,1.048
National Average Price,2017 March,Irish cheddar per kg,Euro,9.859
National Average Price,2017 March,Large eggs per half dozen,Euro,1.765
National Average Price,2017 March,Medium eggs per half dozen,Euro,1.428
National Average Price,2017 March,Butter per lb,Euro,2.813
National Average Price,2017 March,Grapes per kg,Euro,5.112
National Average Price,2017 March,Bananas per kg,Euro,1.407
National Average Price,2017 March,Tomatoes per kg,Euro,3.027
National Average Price,2017 March,Onions per kg,Euro,1.019
National Average Price,2017 March,Broccoli per kg,Euro,3.04
National Average Price,2017 March,Carrots per kg,Euro,1.241
National Average Price,2017 March,Mushrooms per kg,Euro,4.049
National Average Price,2017 March,Tomatoes tinned per 400g,Euro,0.879
National Average Price,2017 March,Potatoes 2.5 kg,Euro,3.083
National Average Price,2017 March,Potatoes 7.5 kg,Euro,5.919
National Average Price,2017 March,Potatoes 10 kg,Euro,
National Average Price,2017 March,White granulated sugar per 1 kg,Euro,1.296
National Average Price,2017 March,Jam per lb,Euro,1.383
National Average Price,2017 March,Marmalade per lb,Euro,1.939
National Average Price,2017 March,Tea bags per 80,Euro,2.715
National Average Price,2017 March,Orange juice per litre,Euro,1.461
National Average Price,2017 March,Whiskey - take home (70cl bottle),Euro,24.206
National Average Price,2017 March,Brandy - take home (70cl bottle),Euro,29.484
National Average Price,2017 March,Vodka - take home (70cl bottle),Euro,19.549
National Average Price,2017 March,Cream liqueur - take home (70cl bottle),Euro,15.824
National Average Price,2017 March,Wine - take home (75cl bottle),Euro,
National Average Price,2017 March,Cider - take home (50cl can),Euro,2.065
National Average Price,2017 March,Sherry - take home (75cl bottle),Euro,
National Average Price,2017 March,Lager - take home (50cl can),Euro,1.914
National Average Price,2017 March,Stout - take home (50cl can),Euro,2.268
National Average Price,2017 March,Filtered cigarettes per 20 pk,Euro,11.275
National Average Price,2017 March,Stout - draught bar (1 pint),Euro,4.37
National Average Price,2017 March,Lager - draught bar (1 pint),Euro,4.754
National Average Price,2017 March,Lager - bar (33cl bottle),Euro,4.665
National Average Price,2017 March,Cider - draught bar (1 pint),Euro,4.827
National Average Price,2017 March,Ale - draught bar (1 pint),Euro,4.424
National Average Price,2017 March,Cider - bar (33cl bottle),Euro,4.821
National Average Price,2017 March,Flavoured alcoholic drink - bar (275ml bottle),Euro,5.392
National Average Price,2017 March,Whiskey - bar (single) per ½ glass,Euro,4.18
National Average Price,2017 March,Brandy - bar (single) per ½ glass,Euro,4.667
National Average Price,2017 March,Vodka - bar (single) per ½ glass,Euro,4.225
National Average Price,2017 March,Wine - bar (187ml bottle),Euro,
National Average Price,2017 March,Diesel per litre,Euro,1.267
National Average Price,2017 March,Petrol - unleaded per litre,Euro,1.374
National Average Price,2017 March,Cinema fee,Euro,9.397
National Average Price,2017 March,Nightclubs fee,Euro,9.119
National Average Price,2017 March,Gent's dry cut fee,Euro,12.06
National Average Price,2017 March,"Gent's wash, cut, and blow dry fee",Euro,
National Average Price,2017 March,"Ladies' wash, cut and blow dry fee",Euro,37.782
National Average Price,2017 April,"White, self raising flour per 2 kg",Euro,2.211
National Average Price,2017 April,"Brown, wholemeal flour per 2 kg",Euro,2.922
National Average Price,2017 April,"Bread, white sliced pan, large (800g)",Euro,1.278
National Average Price,2017 April,"Bread, brown sliced pan, large (800g)",Euro,1.377
National Average Price,2017 April,Spaghetti per 500g,Euro,1.109
National Average Price,2017 April,Sirloin steak per kg,Euro,15.526
National Average Price,2017 April,Striploin steak per kg,Euro,22.386
National Average Price,2017 April,Roast beef - topside or rib per kg,Euro,12.241
National Average Price,2017 April,Sliced / diced beef pieces per kg,Euro,9.852
National Average Price,2017 April,Pork loin chops per kg,Euro,7.964
National Average Price,2017 April,Pork steak per kg,Euro,9.024
National Average Price,2017 April,Lamb - whole leg / half leg per kg,Euro,11.834
National Average Price,2017 April,Lamb loin chops per kg,Euro,17.555
National Average Price,2017 April,Lamb gigot chops per kg,Euro,
National Average Price,2017 April,Uncooked chicken medium size 1.6kg,Euro,4.834
National Average Price,2017 April,Lamb's liver per kg,Euro,5.785
National Average Price,2017 April,Ham fillet per kg,Euro,5.716
National Average Price,2017 April,Cooked ham per kg,Euro,17.769
National Average Price,2017 April,Best back rashers per kg,Euro,9.865
National Average Price,2017 April,Pork sausages per kg,Euro,5.807
National Average Price,2017 April,Fresh fillet of whiting per kg,Euro,
National Average Price,2017 April,Fresh fillet of cod per kg,Euro,13.029
National Average Price,2017 April,Fresh salmon per kg,Euro,20.613
National Average Price,2017 April,Fresh fillet of plaice per kg,Euro,
National Average Price,2017 April,Fresh hake per kg,Euro,12.959
National Average Price,2017 April,Smoked salmon per kg,Euro,29.253
National Average Price,2017 April,Full fat milk per 2 litre,Euro,1.699
National Average Price,2017 April,Low fat milk per 1 litre,Euro,1.044
National Average Price,2017 April,Irish cheddar per kg,Euro,10.089
National Average Price,2017 April,Large eggs per half dozen,Euro,1.737
National Average Price,2017 April,Medium eggs per half dozen,Euro,1.431
National Average Price,2017 April,Butter per lb,Euro,2.848
National Average Price,2017 April,Grapes per kg,Euro,5.046
National Average Price,2017 April,Bananas per kg,Euro,1.405
National Average Price,2017 April,Tomatoes per kg,Euro,3.046
National Average Price,2017 April,Onions per kg,Euro,0.966
National Average Price,2017 April,Broccoli per kg,Euro,3.066
National Average Price,2017 April,Carrots per kg,Euro,1.226
National Average Price,2017 April,Mushrooms per kg,Euro,4.094
National Average Price,2017 April,Tomatoes tinned per 400g,Euro,0.917
National Average Price,2017 April,Potatoes 2.5 kg,Euro,3.131
National Average Price,2017 April,Potatoes 7.5 kg,Euro,5.841
National Average Price,2017 April,Potatoes 10 kg,Euro,
National Average Price,2017 April,White granulated sugar per 1 kg,Euro,1.297
National Average Price,2017 April,Jam per lb,Euro,1.332
National Average Price,2017 April,Marmalade per lb,Euro,1.937
National Average Price,2017 April,Tea bags per 80,Euro,2.845
National Average Price,2017 April,Orange juice per litre,Euro,1.478
National Average Price,2017 April,Whiskey - take home (70cl bottle),Euro,24.107
National Average Price,2017 April,Brandy - take home (70cl bottle),Euro,28.521
National Average Price,2017 April,Vodka - take home (70cl bottle),Euro,19.27
National Average Price,2017 April,Cream liqueur - take home (70cl bottle),Euro,14.278
National Average Price,2017 April,Wine - take home (75cl bottle),Euro,
National Average Price,2017 April,Cider - take home (50cl can),Euro,2.076
National Average Price,2017 April,Sherry - take home (75cl bottle),Euro,
National Average Price,2017 April,Lager - take home (50cl can),Euro,1.977
National Average Price,2017 April,Stout - take home (50cl can),Euro,2.288
National Average Price,2017 April,Filtered cigarettes per 20 pk,Euro,11.304
National Average Price,2017 April,Stout - draught bar (1 pint),Euro,4.381
National Average Price,2017 April,Lager - draught bar (1 pint),Euro,4.767
National Average Price,2017 April,Lager - bar (33cl bottle),Euro,4.682
National Average Price,2017 April,Cider - draught bar (1 pint),Euro,4.839
National Average Price,2017 April,Ale - draught bar (1 pint),Euro,4.437
National Average Price,2017 April,Cider - bar (33cl bottle),Euro,4.839
National Average Price,2017 April,Flavoured alcoholic drink - bar (275ml bottle),Euro,5.386
National Average Price,2017 April,Whiskey - bar (single) per ½ glass,Euro,4.201
National Average Price,2017 April,Brandy - bar (single) per ½ glass,Euro,4.68
National Average Price,2017 April,Vodka - bar (single) per ½ glass,Euro,4.246
National Average Price,2017 April,Wine - bar (187ml bottle),Euro,
National Average Price,2017 April,Diesel per litre,Euro,1.333
National Average Price,2017 April,Petrol - unleaded per litre,Euro,1.45
National Average Price,2017 April,Cinema fee,Euro,9.434
National Average Price,2017 April,Nightclubs fee,Euro,9.087
National Average Price,2017 April,Gent's dry cut fee,Euro,11.991
National Average Price,2017 April,"Gent's wash, cut, and blow dry fee",Euro,
National Average Price,2017 April,"Ladies' wash, cut and blow dry fee",Euro,37.981
National Average Price,2017 May,"White, self raising flour per 2 kg",Euro,2.348
National Average Price,2017 May,"Brown, wholemeal flour per 2 kg",Euro,2.914
National Average Price,2017 May,"Bread, white sliced pan, large (800g)",Euro,1.265
National Average Price,2017 May,"Bread, brown sliced pan, large (800g)",Euro,1.374
National Average Price,2017 May,Spaghetti per 500g,Euro,1.1
National Average Price,2017 May,Sirloin steak per kg,Euro,16.329
National Average Price,2017 May,Striploin steak per kg,Euro,22.526
National Average Price,2017 May,Roast beef - topside or rib per kg,Euro,13.195
National Average Price,2017 May,Sliced / diced beef pieces per kg,Euro,10.637
National Average Price,2017 May,Pork loin chops per kg,Euro,8.121
National Average Price,2017 May,Pork steak per kg,Euro,9.051
National Average Price,2017 May,Lamb - whole leg / half leg per kg,Euro,12.084
National Average Price,2017 May,Lamb loin chops per kg,Euro,17.888
National Average Price,2017 May,Lamb gigot chops per kg,Euro,
National Average Price,2017 May,Uncooked chicken medium size 1.6kg,Euro,4.784
National Average Price,2017 May,Lamb's liver per kg,Euro,5.772
National Average Price,2017 May,Ham fillet per kg,Euro,5.801
National Average Price,2017 May,Cooked ham per kg,Euro,18.026
National Average Price,2017 May,Best back rashers per kg,Euro,9.635
National Average Price,2017 May,Pork sausages per kg,Euro,6.001
National Average Price,2017 May,Fresh fillet of whiting per kg,Euro,
National Average Price,2017 May,Fresh fillet of cod per kg,Euro,16.032
National Average Price,2017 May,Fresh salmon per kg,Euro,21.166
National Average Price,2017 May,Fresh fillet of plaice per kg,Euro,
National Average Price,2017 May,Fresh hake per kg,Euro,16.577
National Average Price,2017 May,Smoked salmon per kg,Euro,29.955
National Average Price,2017 May,Full fat milk per 2 litre,Euro,1.692
National Average Price,2017 May,Low fat milk per 1 litre,Euro,1.042
National Average Price,2017 May,Irish cheddar per kg,Euro,9.992
National Average Price,2017 May,Large eggs per half dozen,Euro,1.754
National Average Price,2017 May,Medium eggs per half dozen,Euro,1.452
National Average Price,2017 May,Butter per lb,Euro,2.852
National Average Price,2017 May,Grapes per kg,Euro,5.092
National Average Price,2017 May,Bananas per kg,Euro,1.413
National Average Price,2017 May,Tomatoes per kg,Euro,3.047
National Average Price,2017 May,Onions per kg,Euro,1.012
National Average Price,2017 May,Broccoli per kg,Euro,3.04
National Average Price,2017 May,Carrots per kg,Euro,1.298
National Average Price,2017 May,Mushrooms per kg,Euro,3.971
National Average Price,2017 May,Tomatoes tinned per 400g,Euro,0.884
National Average Price,2017 May,Potatoes 2.5 kg,Euro,3.114
National Average Price,2017 May,Potatoes 7.5 kg,Euro,5.847
National Average Price,2017 May,Potatoes 10 kg,Euro,
National Average Price,2017 May,White granulated sugar per 1 kg,Euro,1.295
National Average Price,2017 May,Jam per lb,Euro,1.366
National Average Price,2017 May,Marmalade per lb,Euro,1.839
National Average Price,2017 May,Tea bags per 80,Euro,2.763
National Average Price,2017 May,Orange juice per litre,Euro,1.452
National Average Price,2017 May,Whiskey - take home (70cl bottle),Euro,25.393
National Average Price,2017 May,Brandy - take home (70cl bottle),Euro,31.204
National Average Price,2017 May,Vodka - take home (70cl bottle),Euro,19.609
National Average Price,2017 May,Cream liqueur - take home (70cl bottle),Euro,16.915
National Average Price,2017 May,Wine - take home (75cl bottle),Euro,
National Average Price,2017 May,Cider - take home (50cl can),Euro,2.078
National Average Price,2017 May,Sherry - take home (75cl bottle),Euro,
National Average Price,2017 May,Lager - take home (50cl can),Euro,1.986
National Average Price,2017 May,Stout - take home (50cl can),Euro,2.295
National Average Price,2017 May,Filtered cigarettes per 20 pk,Euro,11.343
National Average Price,2017 May,Stout - draught bar (1 pint),Euro,4.387
National Average Price,2017 May,Lager - draught bar (1 pint),Euro,4.775
National Average Price,2017 May,Lager - bar (33cl bottle),Euro,4.692
National Average Price,2017 May,Cider - draught bar (1 pint),Euro,4.849
National Average Price,2017 May,Ale - draught bar (1 pint),Euro,4.448
National Average Price,2017 May,Cider - bar (33cl bottle),Euro,4.861
National Average Price,2017 May,Flavoured alcoholic drink - bar (275ml bottle),Euro,5.399
National Average Price,2017 May,Whiskey - bar (single) per ½ glass,Euro,4.21
National Average Price,2017 May,Brandy - bar (single) per ½ glass,Euro,4.688
National Average Price,2017 May,Vodka - bar (single) per ½ glass,Euro,4.253
National Average Price,2017 May,Wine - bar (187ml bottle),Euro,
National Average Price,2017 May,Diesel per litre,Euro,1.247
National Average Price,2017 May,Petrol - unleaded per litre,Euro,1.36
National Average Price,2017 May,Cinema fee,Euro,9.438
National Average Price,2017 May,Nightclubs fee,Euro,9.175
National Average Price,2017 May,Gent's dry cut fee,Euro,12.058
National Average Price,2017 May,"Gent's wash, cut, and blow dry fee",Euro,
National Average Price,2017 May,"Ladies' wash, cut and blow dry fee",Euro,38.856
National Average Price,2017 June,"White, self raising flour per 2 kg",Euro,2.219
National Average Price,2017 June,"Brown, wholemeal flour per 2 kg",Euro,2.913
National Average Price,2017 June,"Bread, white sliced pan, large (800g)",Euro,1.259
National Average Price,2017 June,"Bread, brown sliced pan, large (800g)",Euro,1.359
National Average Price,2017 June,Spaghetti per 500g,Euro,1.086
National Average Price,2017 June,Sirloin steak per kg,Euro,15.293
National Average Price,2017 June,Striploin steak per kg,Euro,22.724
National Average Price,2017 June,Roast beef - topside or rib per kg,Euro,13.387
National Average Price,2017 June,Sliced / diced beef pieces per kg,Euro,10.625
National Average Price,2017 June,Pork loin chops per kg,Euro,7.756
National Average Price,2017 June,Pork steak per kg,Euro,8.913
National Average Price,2017 June,Lamb - whole leg / half leg per kg,Euro,11.911
National Average Price,2017 June,Lamb loin chops per kg,Euro,18.199
National Average Price,2017 June,Lamb gigot chops per kg,Euro,
National Average Price,2017 June,Uncooked chicken medium size 1.6kg,Euro,4.688
National Average Price,2017 June,Lamb's liver per kg,Euro,5.758
National Average Price,2017 June,Ham fillet per kg,Euro,5.792
National Average Price,2017 June,Cooked ham per kg,Euro,17.885
National Average Price,2017 June,Best back rashers per kg,Euro,9.954
National Average Price,2017 June,Pork sausages per kg,Euro,6.05
National Average Price,2017 June,Fresh fillet of whiting per kg,Euro,
National Average Price,2017 June,Fresh fillet of cod per kg,Euro,17.925
National Average Price,2017 June,Fresh salmon per kg,Euro,20.472
National Average Price,2017 June,Fresh fillet of plaice per kg,Euro,
National Average Price,2017 June,Fresh hake per kg,Euro,14.023
National Average Price,2017 June,Smoked salmon per kg,Euro,29.978
National Average Price,2017 June,Full fat milk per 2 litre,Euro,1.689
National Average Price,2017 June,Low fat milk per 1 litre,Euro,1.04
National Average Price,2017 June,Irish cheddar per kg,Euro,9.695
National Average Price,2017 June,Large eggs per half dozen,Euro,1.74
National Average Price,2017 June,Medium eggs per half dozen,Euro,1.439
National Average Price,2017 June,Butter per lb,Euro,2.856
National Average Price,2017 June,Grapes per kg,Euro,5.014
National Average Price,2017 June,Bananas per kg,Euro,1.404
National Average Price,2017 June,Tomatoes per kg,Euro,3.051
National Average Price,2017 June,Onions per kg,Euro,1.044
National Average Price,2017 June,Broccoli per kg,Euro,2.978
National Average Price,2017 June,Carrots per kg,Euro,1.192
National Average Price,2017 June,Mushrooms per kg,Euro,3.942
National Average Price,2017 June,Tomatoes tinned per 400g,Euro,0.897
National Average Price,2017 June,Potatoes 2.5 kg,Euro,3.109
National Average Price,2017 June,Potatoes 7.5 kg,Euro,5.727
National Average Price,2017 June,Potatoes 10 kg,Euro,
National Average Price,2017 June,White granulated sugar per 1 kg,Euro,1.299
National Average Price,2017 June,Jam per lb,Euro,1.32
National Average Price,2017 June,Marmalade per lb,Euro,1.784
National Average Price,2017 June,Tea bags per 80,Euro,2.716
National Average Price,2017 June,Orange juice per litre,Euro,1.454
National Average Price,2017 June,Whiskey - take home (70cl bottle),Euro,25.099
National Average Price,2017 June,Brandy - take home (70cl bottle),Euro,31.507
National Average Price,2017 June,Vodka - take home (70cl bottle),Euro,19.691
National Average Price,2017 June,Cream liqueur - take home (70cl bottle),Euro,16.036
National Average Price,2017 June,Wine - take home (75cl bottle),Euro,
National Average Price,2017 June,Cider - take home (50cl can),Euro,2.07
National Average Price,2017 June,Sherry - take home (75cl bottle),Euro,
National Average Price,2017 June,Lager - take home (50cl can),Euro,1.991
National Average Price,2017 June,Stout - take home (50cl can),Euro,2.293
National Average Price,2017 June,Filtered cigarettes per 20 pk,Euro,11.366
National Average Price,2017 June,Stout - draught bar (1 pint),Euro,4.439
National Average Price,2017 June,Lager - draught bar (1 pint),Euro,4.829
National Average Price,2017 June,Lager - bar (33cl bottle),Euro,4.735
National Average Price,2017 June,Cider - draught bar (1 pint),Euro,4.904
National Average Price,2017 June,Ale - draught bar (1 pint),Euro,4.498
National Average Price,2017 June,Cider - bar (33cl bottle),Euro,4.896
National Average Price,2017 June,Flavoured alcoholic drink - bar (275ml bottle),Euro,5.433
National Average Price,2017 June,Whiskey - bar (single) per ½ glass,Euro,4.259
National Average Price,2017 June,Brandy - bar (single) per ½ glass,Euro,4.716
National Average Price,2017 June,Vodka - bar (single) per ½ glass,Euro,4.3
National Average Price,2017 June,Wine - bar (187ml bottle),Euro,
National Average Price,2017 June,Diesel per litre,Euro,1.221
National Average Price,2017 June,Petrol - unleaded per litre,Euro,1.342
National Average Price,2017 June,Cinema fee,Euro,9.422
National Average Price,2017 June,Nightclubs fee,Euro,9.05
National Average Price,2017 June,Gent's dry cut fee,Euro,12.04
National Average Price,2017 June,"Gent's wash, cut, and blow dry fee",Euro,
National Average Price,2017 June,"Ladies' wash, cut and blow dry fee",Euro,38.936
National Average Price,2017 July,"White, self raising flour per 2 kg",Euro,2.401
National Average Price,2017 July,"Brown, wholemeal flour per 2 kg",Euro,2.925
National Average Price,2017 July,"Bread, white sliced pan, large (800g)",Euro,1.264
National Average Price,2017 July,"Bread, brown sliced pan, large (800g)",Euro,1.389
National Average Price,2017 July,Spaghetti per 500g,Euro,1.089
National Average Price,2017 July,Sirloin steak per kg,Euro,14.613
National Average Price,2017 July,Striploin steak per kg,Euro,22.799
National Average Price,2017 July,Roast beef - topside or rib per kg,Euro,13.928
National Average Price,2017 July,Sliced / diced beef pieces per kg,Euro,10.685
National Average Price,2017 July,Pork loin chops per kg,Euro,7.758
National Average Price,2017 July,Pork steak per kg,Euro,9.334
National Average Price,2017 July,Lamb - whole leg / half leg per kg,Euro,11.741
National Average Price,2017 July,Lamb loin chops per kg,Euro,17.826
National Average Price,2017 July,Lamb gigot chops per kg,Euro,
National Average Price,2017 July,Uncooked chicken medium size 1.6kg,Euro,4.771
National Average Price,2017 July,Lamb's liver per kg,Euro,5.744
National Average Price,2017 July,Ham fillet per kg,Euro,5.737
National Average Price,2017 July,Cooked ham per kg,Euro,17.922
National Average Price,2017 July,Best back rashers per kg,Euro,9.709
National Average Price,2017 July,Pork sausages per kg,Euro,6.043
National Average Price,2017 July,Fresh fillet of whiting per kg,Euro,
National Average Price,2017 July,Fresh fillet of cod per kg,Euro,14.327
National Average Price,2017 July,Fresh salmon per kg,Euro,20.524
National Average Price,2017 July,Fresh fillet of plaice per kg,Euro,
National Average Price,2017 July,Fresh hake per kg,Euro,14.3
National Average Price,2017 July,Smoked salmon per kg,Euro,30.085
National Average Price,2017 July,Full fat milk per 2 litre,Euro,1.694
National Average Price,2017 July,Low fat milk per 1 litre,Euro,1.045
National Average Price,2017 July,Irish cheddar per kg,Euro,9.979
National Average Price,2017 July,Large eggs per half dozen,Euro,1.749
National Average Price,2017 July,Medium eggs per half dozen,Euro,1.44
National Average Price,2017 July,Butter per lb,Euro,2.891
National Average Price,2017 July,Grapes per kg,Euro,4.95
National Average Price,2017 July,Bananas per kg,Euro,1.406
National Average Price,2017 July,Tomatoes per kg,Euro,3.05
National Average Price,2017 July,Onions per kg,Euro,1.043
National Average Price,2017 July,Broccoli per kg,Euro,2.894
National Average Price,2017 July,Carrots per kg,Euro,1.269
National Average Price,2017 July,Mushrooms per kg,Euro,3.769
National Average Price,2017 July,Tomatoes tinned per 400g,Euro,0.908
National Average Price,2017 July,Potatoes 2.5 kg,Euro,3.271
National Average Price,2017 July,Potatoes 7.5 kg,Euro,5.754
National Average Price,2017 July,Potatoes 10 kg,Euro,
National Average Price,2017 July,White granulated sugar per 1 kg,Euro,1.304
National Average Price,2017 July,Jam per lb,Euro,1.289
National Average Price,2017 July,Marmalade per lb,Euro,1.873
National Average Price,2017 July,Tea bags per 80,Euro,2.697
National Average Price,2017 July,Orange juice per litre,Euro,1.456
National Average Price,2017 July,Whiskey - take home (70cl bottle),Euro,26.056
National Average Price,2017 July,Brandy - take home (70cl bottle),Euro,29.614
National Average Price,2017 July,Vodka - take home (70cl bottle),Euro,19.57
National Average Price,2017 July,Cream liqueur - take home (70cl bottle),Euro,16.153
National Average Price,2017 July,Wine - take home (75cl bottle),Euro,
National Average Price,2017 July,Cider - take home (50cl can),Euro,2.065
National Average Price,2017 July,Sherry - take home (75cl bottle),Euro,
National Average Price,2017 July,Lager - take home (50cl can),Euro,1.997
National Average Price,2017 July,Stout - take home (50cl can),Euro,2.295
National Average Price,2017 July,Filtered cigarettes per 20 pk,Euro,11.364
National Average Price,2017 July,Stout - draught bar (1 pint),Euro,4.463
National Average Price,2017 July,Lager - draught bar (1 pint),Euro,4.852
National Average Price,2017 July,Lager - bar (33cl bottle),Euro,4.756
National Average Price,2017 July,Cider - draught bar (1 pint),Euro,4.927
National Average Price,2017 July,Ale - draught bar (1 pint),Euro,4.518
National Average Price,2017 July,Cider - bar (33cl bottle),Euro,4.918
National Average Price,2017 July,Flavoured alcoholic drink - bar (275ml bottle),Euro,5.443
National Average Price,2017 July,Whiskey - bar (single) per ½ glass,Euro,4.276
National Average Price,2017 July,Brandy - bar (single) per ½ glass,Euro,4.734
National Average Price,2017 July,Vodka - bar (single) per ½ glass,Euro,4.314
National Average Price,2017 July,Wine - bar (187ml bottle),Euro,
National Average Price,2017 July,Diesel per litre,Euro,1.196
National Average Price,2017 July,Petrol - unleaded per litre,Euro,1.32
National Average Price,2017 July,Cinema fee,Euro,9.447
National Average Price,2017 July,Nightclubs fee,Euro,9.152
National Average Price,2017 July,Gent's dry cut fee,Euro,12.032
National Average Price,2017 July,"Gent's wash, cut, and blow dry fee",Euro,
National Average Price,2017 July,"Ladies' wash, cut and blow dry fee",Euro,38.936
National Average Price,2017 August,"White, self raising flour per 2 kg",Euro,2.386
National Average Price,2017 August,"Brown, wholemeal flour per 2 kg",Euro,2.912
National Average Price,2017 August,"Bread, white sliced pan, large (800g)",Euro,1.271
National Average Price,2017 August,"Bread, brown sliced pan, large (800g)",Euro,1.394
National Average Price,2017 August,Spaghetti per 500g,Euro,1.106
National Average Price,2017 August,Sirloin steak per kg,Euro,15.298
National Average Price,2017 August,Striploin steak per kg,Euro,21.711
National Average Price,2017 August,Roast beef - topside or rib per kg,Euro,13.554
National Average Price,2017 August,Sliced / diced beef pieces per kg,Euro,10.757
National Average Price,2017 August,Pork loin chops per kg,Euro,7.701
National Average Price,2017 August,Pork steak per kg,Euro,9.048
National Average Price,2017 August,Lamb - whole leg / half leg per kg,Euro,11.87
National Average Price,2017 August,Lamb loin chops per kg,Euro,17.63
National Average Price,2017 August,Lamb gigot chops per kg,Euro,
National Average Price,2017 August,Uncooked chicken medium size 1.6kg,Euro,4.813
National Average Price,2017 August,Lamb's liver per kg,Euro,5.753
National Average Price,2017 August,Ham fillet per kg,Euro,5.699
National Average Price,2017 August,Cooked ham per kg,Euro,17.814
National Average Price,2017 August,Best back rashers per kg,Euro,9.906
National Average Price,2017 August,Pork sausages per kg,Euro,6.077
National Average Price,2017 August,Fresh fillet of whiting per kg,Euro,
National Average Price,2017 August,Fresh fillet of cod per kg,Euro,16.932
National Average Price,2017 August,Fresh salmon per kg,Euro,19.909
National Average Price,2017 August,Fresh fillet of plaice per kg,Euro,
National Average Price,2017 August,Fresh hake per kg,Euro,13.959
National Average Price,2017 August,Smoked salmon per kg,Euro,29.988
National Average Price,2017 August,Full fat milk per 2 litre,Euro,1.695
National Average Price,2017 August,Low fat milk per 1 litre,Euro,1.049
National Average Price,2017 August,Irish cheddar per kg,Euro,10.284
National Average Price,2017 August,Large eggs per half dozen,Euro,1.756
National Average Price,2017 August,Medium eggs per half dozen,Euro,1.442
National Average Price,2017 August,Butter per lb,Euro,2.95
National Average Price,2017 August,Grapes per kg,Euro,4.94
National Average Price,2017 August,Bananas per kg,Euro,1.411
National Average Price,2017 August,Tomatoes per kg,Euro,3.106
National Average Price,2017 August,Onions per kg,Euro,1.077
National Average Price,2017 August,Broccoli per kg,Euro,2.886
National Average Price,2017 August,Carrots per kg,Euro,1.291
National Average Price,2017 August,Mushrooms per kg,Euro,3.951
National Average Price,2017 August,Tomatoes tinned per 400g,Euro,0.873
National Average Price,2017 August,Potatoes 2.5 kg,Euro,3.371
National Average Price,2017 August,Potatoes 7.5 kg,Euro,5.944
National Average Price,2017 August,Potatoes 10 kg,Euro,
National Average Price,2017 August,White granulated sugar per 1 kg,Euro,1.308
National Average Price,2017 August,Jam per lb,Euro,1.279
National Average Price,2017 August,Marmalade per lb,Euro,1.817
National Average Price,2017 August,Tea bags per 80,Euro,2.691
National Average Price,2017 August,Orange juice per litre,Euro,1.431
National Average Price,2017 August,Whiskey - take home (70cl bottle),Euro,25.344
National Average Price,2017 August,Brandy - take home (70cl bottle),Euro,31.146
National Average Price,2017 August,Vodka - take home (70cl bottle),Euro,19.027
National Average Price,2017 August,Cream liqueur - take home (70cl bottle),Euro,16.429
National Average Price,2017 August,Wine - take home (75cl bottle),Euro,
National Average Price,2017 August,Cider - take home (50cl can),Euro,2.055
National Average Price,2017 August,Sherry - take home (75cl bottle),Euro,
National Average Price,2017 August,Lager - take home (50cl can),Euro,1.986
National Average Price,2017 August,Stout - take home (50cl can),Euro,2.294
National Average Price,2017 August,Filtered cigarettes per 20 pk,Euro,11.365
National Average Price,2017 August,Stout - draught bar (1 pint),Euro,4.479
National Average Price,2017 August,Lager - draught bar (1 pint),Euro,4.863
National Average Price,2017 August,Lager - bar (33cl bottle),Euro,4.782
National Average Price,2017 August,Cider - draught bar (1 pint),Euro,4.943
National Average Price,2017 August,Ale - draught bar (1 pint),Euro,4.536
National Average Price,2017 August,Cider - bar (33cl bottle),Euro,4.923
National Average Price,2017 August,Flavoured alcoholic drink - bar (275ml bottle),Euro,5.455
National Average Price,2017 August,Whiskey - bar (single) per ½ glass,Euro,4.292
National Average Price,2017 August,Brandy - bar (single) per ½ glass,Euro,4.75
National Average Price,2017 August,Vodka - bar (single) per ½ glass,Euro,4.328
National Average Price,2017 August,Wine - bar (187ml bottle),Euro,
National Average Price,2017 August,Diesel per litre,Euro,1.198
National Average Price,2017 August,Petrol - unleaded per litre,Euro,1.32
National Average Price,2017 August,Cinema fee,Euro,9.461
National Average Price,2017 August,Nightclubs fee,Euro,9.156
National Average Price,2017 August,Gent's dry cut fee,Euro,12.059
National Average Price,2017 August,"Gent's wash, cut, and blow dry fee",Euro,
National Average Price,2017 August,"Ladies' wash, cut and blow dry fee",Euro,39.025
National Average Price,2017 September,"White, self raising flour per 2 kg",Euro,2.217
National Average Price,2017 September,"Brown, wholemeal flour per 2 kg",Euro,2.923
National Average Price,2017 September,"Bread, white sliced pan, large (800g)",Euro,1.269
National Average Price,2017 September,"Bread, brown sliced pan, large (800g)",Euro,1.405
National Average Price,2017 September,Spaghetti per 500g,Euro,1.054
National Average Price,2017 September,Sirloin steak per kg,Euro,16.369
National Average Price,2017 September,Striploin steak per kg,Euro,22.931
National Average Price,2017 September,Roast beef - topside or rib per kg,Euro,13.716
National Average Price,2017 September,Sliced / diced beef pieces per kg,Euro,10.429
National Average Price,2017 September,Pork loin chops per kg,Euro,7.548
National Average Price,2017 September,Pork steak per kg,Euro,8.943
National Average Price,2017 September,Lamb - whole leg / half leg per kg,Euro,10.731
National Average Price,2017 September,Lamb loin chops per kg,Euro,18.656
National Average Price,2017 September,Lamb gigot chops per kg,Euro,
National Average Price,2017 September,Uncooked chicken medium size 1.6kg,Euro,4.746
National Average Price,2017 September,Lamb's liver per kg,Euro,5.729
National Average Price,2017 September,Ham fillet per kg,Euro,5.685
National Average Price,2017 September,Cooked ham per kg,Euro,17.751
National Average Price,2017 September,Best back rashers per kg,Euro,10.002
National Average Price,2017 September,Pork sausages per kg,Euro,6.06
National Average Price,2017 September,Fresh fillet of whiting per kg,Euro,
National Average Price,2017 September,Fresh fillet of cod per kg,Euro,16.71
National Average Price,2017 September,Fresh salmon per kg,Euro,21.129
National Average Price,2017 September,Fresh fillet of plaice per kg,Euro,
National Average Price,2017 September,Fresh hake per kg,Euro,13.866
National Average Price,2017 September,Smoked salmon per kg,Euro,30.011
National Average Price,2017 September,Full fat milk per 2 litre,Euro,1.692
National Average Price,2017 September,Low fat milk per 1 litre,Euro,1.047
National Average Price,2017 September,Irish cheddar per kg,Euro,9.564
National Average Price,2017 September,Large eggs per half dozen,Euro,1.747
National Average Price,2017 September,Medium eggs per half dozen,Euro,1.445
National Average Price,2017 September,Butter per lb,Euro,2.916
National Average Price,2017 September,Grapes per kg,Euro,5.008
National Average Price,2017 September,Bananas per kg,Euro,1.412
National Average Price,2017 September,Tomatoes per kg,Euro,3.108
National Average Price,2017 September,Onions per kg,Euro,1.079
National Average Price,2017 September,Broccoli per kg,Euro,2.627
National Average Price,2017 September,Carrots per kg,Euro,1.153
National Average Price,2017 September,Mushrooms per kg,Euro,3.96
National Average Price,2017 September,Tomatoes tinned per 400g,Euro,0.881
National Average Price,2017 September,Potatoes 2.5 kg,Euro,3.278
National Average Price,2017 September,Potatoes 7.5 kg,Euro,5.97
National Average Price,2017 September,Potatoes 10 kg,Euro,
National Average Price,2017 September,White granulated sugar per 1 kg,Euro,1.307
National Average Price,2017 September,Jam per lb,Euro,1.253
National Average Price,2017 September,Marmalade per lb,Euro,1.92
National Average Price,2017 September,Tea bags per 80,Euro,2.67
National Average Price,2017 September,Orange juice per litre,Euro,1.441
National Average Price,2017 September,Whiskey - take home (70cl bottle),Euro,26.027
National Average Price,2017 September,Brandy - take home (70cl bottle),Euro,31.356
National Average Price,2017 September,Vodka - take home (70cl bottle),Euro,19.349
National Average Price,2017 September,Cream liqueur - take home (70cl bottle),Euro,16.961
National Average Price,2017 September,Wine - take home (75cl bottle),Euro,
National Average Price,2017 September,Cider - take home (50cl can),Euro,2.058
National Average Price,2017 September,Sherry - take home (75cl bottle),Euro,
National Average Price,2017 September,Lager - take home (50cl can),Euro,1.991
National Average Price,2017 September,Stout - take home (50cl can),Euro,2.262
National Average Price,2017 September,Filtered cigarettes per 20 pk,Euro,11.361
National Average Price,2017 September,Stout - draught bar (1 pint),Euro,4.478
National Average Price,2017 September,Lager - draught bar (1 pint),Euro,4.861
National Average Price,2017 September,Lager - bar (33cl bottle),Euro,4.781
National Average Price,2017 September,Cider - draught bar (1 pint),Euro,4.95
National Average Price,2017 September,Ale - draught bar (1 pint),Euro,4.537
National Average Price,2017 September,Cider - bar (33cl bottle),Euro,4.925
National Average Price,2017 September,Flavoured alcoholic drink - bar (275ml bottle),Euro,5.462
National Average Price,2017 September,Whiskey - bar (single) per ½ glass,Euro,4.293
National Average Price,2017 September,Brandy - bar (single) per ½ glass,Euro,4.755
National Average Price,2017 September,Vodka - bar (single) per ½ glass,Euro,4.327
National Average Price,2017 September,Wine - bar (187ml bottle),Euro,
National Average Price,2017 September,Diesel per litre,Euro,1.224
National Average Price,2017 September,Petrol - unleaded per litre,Euro,1.352
National Average Price,2017 September,Cinema fee,Euro,9.517
National Average Price,2017 September,Nightclubs fee,Euro,9.143
National Average Price,2017 September,Gent's dry cut fee,Euro,12.098
National Average Price,2017 September,"Gent's wash, cut, and blow dry fee",Euro,
National Average Price,2017 September,"Ladies' wash, cut and blow dry fee",Euro,39.171
National Average Price,2017 October,"White, self raising flour per 2 kg",Euro,2.195
National Average Price,2017 October,"Brown, wholemeal flour per 2 kg",Euro,2.874
National Average Price,2017 October,"Bread, white sliced pan, large (800g)",Euro,1.278
National Average Price,2017 October,"Bread, brown sliced pan, large (800g)",Euro,1.409
National Average Price,2017 October,Spaghetti per 500g,Euro,1.119
National Average Price,2017 October,Sirloin steak per kg,Euro,15.565
National Average Price,2017 October,Striploin steak per kg,Euro,22.696
National Average Price,2017 October,Roast beef - topside or rib per kg,Euro,13.659
National Average Price,2017 October,Sliced / diced beef pieces per kg,Euro,10.844
National Average Price,2017 October,Pork loin chops per kg,Euro,8.089
National Average Price,2017 October,Pork steak per kg,Euro,8.774
National Average Price,2017 October,Lamb - whole leg / half leg per kg,Euro,11.817
National Average Price,2017 October,Lamb loin chops per kg,Euro,16.383
National Average Price,2017 October,Lamb gigot chops per kg,Euro,
National Average Price,2017 October,Uncooked chicken medium size 1.6kg,Euro,4.816
National Average Price,2017 October,Lamb's liver per kg,Euro,5.845
National Average Price,2017 October,Ham fillet per kg,Euro,5.733
National Average Price,2017 October,Cooked ham per kg,Euro,18.605
National Average Price,2017 October,Best back rashers per kg,Euro,10.089
National Average Price,2017 October,Pork sausages per kg,Euro,6.062
National Average Price,2017 October,Fresh fillet of whiting per kg,Euro,
National Average Price,2017 October,Fresh fillet of cod per kg,Euro,17.18
National Average Price,2017 October,Fresh salmon per kg,Euro,19.46
National Average Price,2017 October,Fresh fillet of plaice per kg,Euro,
National Average Price,2017 October,Fresh hake per kg,Euro,13.881
National Average Price,2017 October,Smoked salmon per kg,Euro,29.253
National Average Price,2017 October,Full fat milk per 2 litre,Euro,1.689
National Average Price,2017 October,Low fat milk per 1 litre,Euro,1.048
National Average Price,2017 October,Irish cheddar per kg,Euro,9.828
National Average Price,2017 October,Large eggs per half dozen,Euro,1.725
National Average Price,2017 October,Medium eggs per half dozen,Euro,1.444
National Average Price,2017 October,Butter per lb,Euro,2.967
National Average Price,2017 October,Grapes per kg,Euro,5.009
National Average Price,2017 October,Bananas per kg,Euro,1.411
National Average Price,2017 October,Tomatoes per kg,Euro,3.092
National Average Price,2017 October,Onions per kg,Euro,1.066
National Average Price,2017 October,Broccoli per kg,Euro,2.681
National Average Price,2017 October,Carrots per kg,Euro,1.288
National Average Price,2017 October,Mushrooms per kg,Euro,3.94
National Average Price,2017 October,Tomatoes tinned per 400g,Euro,0.92
National Average Price,2017 October,Potatoes 2.5 kg,Euro,3.201
National Average Price,2017 October,Potatoes 7.5 kg,Euro,5.782
National Average Price,2017 October,Potatoes 10 kg,Euro,
National Average Price,2017 October,White granulated sugar per 1 kg,Euro,1.305
National Average Price,2017 October,Jam per lb,Euro,1.257
National Average Price,2017 October,Marmalade per lb,Euro,1.967
National Average Price,2017 October,Tea bags per 80,Euro,2.787
National Average Price,2017 October,Orange juice per litre,Euro,1.439
National Average Price,2017 October,Whiskey - take home (70cl bottle),Euro,23.813
National Average Price,2017 October,Brandy - take home (70cl bottle),Euro,31.427
National Average Price,2017 October,Vodka - take home (70cl bottle),Euro,19.4
National Average Price,2017 October,Cream liqueur - take home (70cl bottle),Euro,16.38
National Average Price,2017 October,Wine - take home (75cl bottle),Euro,
National Average Price,2017 October,Cider - take home (50cl can),Euro,2.078
National Average Price,2017 October,Sherry - take home (75cl bottle),Euro,
National Average Price,2017 October,Lager - take home (50cl can),Euro,2.012
National Average Price,2017 October,Stout - take home (50cl can),Euro,2.268
National Average Price,2017 October,Filtered cigarettes per 20 pk,Euro,11.611
National Average Price,2017 October,Stout - draught bar (1 pint),Euro,4.488
National Average Price,2017 October,Lager - draught bar (1 pint),Euro,4.872
National Average Price,2017 October,Lager - bar (33cl bottle),Euro,4.799
National Average Price,2017 October,Cider - draught bar (1 pint),Euro,4.949
National Average Price,2017 October,Ale - draught bar (1 pint),Euro,4.54
National Average Price,2017 October,Cider - bar (33cl bottle),Euro,4.936
National Average Price,2017 October,Flavoured alcoholic drink - bar (275ml bottle),Euro,5.487
National Average Price,2017 October,Whiskey - bar (single) per ½ glass,Euro,4.295
National Average Price,2017 October,Brandy - bar (single) per ½ glass,Euro,4.763
National Average Price,2017 October,Vodka - bar (single) per ½ glass,Euro,4.329
National Average Price,2017 October,Wine - bar (187ml bottle),Euro,
National Average Price,2017 October,Diesel per litre,Euro,1.234
National Average Price,2017 October,Petrol - unleaded per litre,Euro,1.35
National Average Price,2017 October,Cinema fee,Euro,9.508
National Average Price,2017 October,Nightclubs fee,Euro,9.171
National Average Price,2017 October,Gent's dry cut fee,Euro,12.399
National Average Price,2017 October,"Gent's wash, cut, and blow dry fee",Euro,
National Average Price,2017 October,"Ladies' wash, cut and blow dry fee",Euro,39.174
National Average Price,2017 November,"White, self raising flour per 2 kg",Euro,2.164
National Average Price,2017 November,"Brown, wholemeal flour per 2 kg",Euro,2.834
National Average Price,2017 November,"Bread, white sliced pan, large (800g)",Euro,1.257
National Average Price,2017 November,"Bread, brown sliced pan, large (800g)",Euro,1.408
National Average Price,2017 November,Spaghetti per 500g,Euro,1.125
National Average Price,2017 November,Sirloin steak per kg,Euro,16.018
National Average Price,2017 November,Striploin steak per kg,Euro,21.069
National Average Price,2017 November,Roast beef - topside or rib per kg,Euro,13.27
National Average Price,2017 November,Sliced / diced beef pieces per kg,Euro,10.873
National Average Price,2017 November,Pork loin chops per kg,Euro,7.747
National Average Price,2017 November,Pork steak per kg,Euro,9.205
National Average Price,2017 November,Lamb - whole leg / half leg per kg,Euro,12.32
National Average Price,2017 November,Lamb loin chops per kg,Euro,17.303
National Average Price,2017 November,Lamb gigot chops per kg,Euro,
National Average Price,2017 November,Uncooked chicken medium size 1.6kg,Euro,4.766
National Average Price,2017 November,Lamb's liver per kg,Euro,5.864
National Average Price,2017 November,Ham fillet per kg,Euro,5.645
National Average Price,2017 November,Cooked ham per kg,Euro,17.778
National Average Price,2017 November,Best back rashers per kg,Euro,9.929
National Average Price,2017 November,Pork sausages per kg,Euro,6.084
National Average Price,2017 November,Fresh fillet of whiting per kg,Euro,
National Average Price,2017 November,Fresh fillet of cod per kg,Euro,15.688
National Average Price,2017 November,Fresh salmon per kg,Euro,20.582
National Average Price,2017 November,Fresh fillet of plaice per kg,Euro,
National Average Price,2017 November,Fresh hake per kg,Euro,15.725
National Average Price,2017 November,Smoked salmon per kg,Euro,29.051
National Average Price,2017 November,Full fat milk per 2 litre,Euro,1.698
National Average Price,2017 November,Low fat milk per 1 litre,Euro,1.034
National Average Price,2017 November,Irish cheddar per kg,Euro,9.349
National Average Price,2017 November,Large eggs per half dozen,Euro,1.739
National Average Price,2017 November,Medium eggs per half dozen,Euro,1.429
National Average Price,2017 November,Butter per lb,Euro,2.921
National Average Price,2017 November,Grapes per kg,Euro,4.997
National Average Price,2017 November,Bananas per kg,Euro,1.412
National Average Price,2017 November,Tomatoes per kg,Euro,3.148
National Average Price,2017 November,Onions per kg,Euro,1.064
National Average Price,2017 November,Broccoli per kg,Euro,2.801
National Average Price,2017 November,Carrots per kg,Euro,1.234
National Average Price,2017 November,Mushrooms per kg,Euro,3.894
National Average Price,2017 November,Tomatoes tinned per 400g,Euro,0.898
National Average Price,2017 November,Potatoes 2.5 kg,Euro,3.157
National Average Price,2017 November,Potatoes 7.5 kg,Euro,5.682
National Average Price,2017 November,Potatoes 10 kg,Euro,
National Average Price,2017 November,White granulated sugar per 1 kg,Euro,1.311
National Average Price,2017 November,Jam per lb,Euro,1.204
National Average Price,2017 November,Marmalade per lb,Euro,1.909
National Average Price,2017 November,Tea bags per 80,Euro,2.731
National Average Price,2017 November,Orange juice per litre,Euro,1.408
National Average Price,2017 November,Whiskey - take home (70cl bottle),Euro,22.629
National Average Price,2017 November,Brandy - take home (70cl bottle),Euro,28.568
National Average Price,2017 November,Vodka - take home (70cl bottle),Euro,18.849
National Average Price,2017 November,Cream liqueur - take home (70cl bottle),Euro,14.172
National Average Price,2017 November,Wine - take home (75cl bottle),Euro,
National Average Price,2017 November,Cider - take home (50cl can),Euro,2.063
National Average Price,2017 November,Sherry - take home (75cl bottle),Euro,
National Average Price,2017 November,Lager - take home (50cl can),Euro,1.973
National Average Price,2017 November,Stout - take home (50cl can),Euro,2.258
National Average Price,2017 November,Filtered cigarettes per 20 pk,Euro,11.851
National Average Price,2017 November,Stout - draught bar (1 pint),Euro,4.483
National Average Price,2017 November,Lager - draught bar (1 pint),Euro,4.872
National Average Price,2017 November,Lager - bar (33cl bottle),Euro,4.792
National Average Price,2017 November,Cider - draught bar (1 pint),Euro,4.945
National Average Price,2017 November,Ale - draught bar (1 pint),Euro,4.534
National Average Price,2017 November,Cider - bar (33cl bottle),Euro,4.941
National Average Price,2017 November,Flavoured alcoholic drink - bar (275ml bottle),Euro,5.467
National Average Price,2017 November,Whiskey - bar (single) per ½ glass,Euro,4.296
National Average Price,2017 November,Brandy - bar (single) per ½ glass,Euro,4.76
National Average Price,2017 November,Vodka - bar (single) per ½ glass,Euro,4.33
National Average Price,2017 November,Wine - bar (187ml bottle),Euro,
National Average Price,2017 November,Diesel per litre,Euro,1.267
National Average Price,2017 November,Petrol - unleaded per litre,Euro,1.379
National Average Price,2017 November,Cinema fee,Euro,9.691
National Average Price,2017 November,Nightclubs fee,Euro,9.078
National Average Price,2017 November,Gent's dry cut fee,Euro,12.338
National Average Price,2017 November,"Gent's wash, cut, and blow dry fee",Euro,
National Average Price,2017 November,"Ladies' wash, cut and blow dry fee",Euro,39.223
National Average Price,2017 December,"White, self raising flour per 2 kg",Euro,2.21
National Average Price,2017 December,"Brown, wholemeal flour per 2 kg",Euro,2.836
National Average Price,2017 December,"Bread, white sliced pan, large (800g)",Euro,1.268
National Average Price,2017 December,"Bread, brown sliced pan, large (800g)",Euro,1.409
National Average Price,2017 December,Spaghetti per 500g,Euro,1.069
National Average Price,2017 December,Sirloin steak per kg,Euro,15.117
National Average Price,2017 December,Striploin steak per kg,Euro,20.44
National Average Price,2017 December,Roast beef - topside or rib per kg,Euro,13.405
National Average Price,2017 December,Sliced / diced beef pieces per kg,Euro,10.799
National Average Price,2017 December,Pork loin chops per kg,Euro,7.78
National Average Price,2017 December,Pork steak per kg,Euro,9.238
National Average Price,2017 December,Lamb - whole leg / half leg per kg,Euro,11.576
National Average Price,2017 December,Lamb loin chops per kg,Euro,18.018
National Average Price,2017 December,Lamb gigot chops per kg,Euro,
National Average Price,2017 December,Uncooked chicken medium size 1.6kg,Euro,4.809
National Average Price,2017 December,Lamb's liver per kg,Euro,5.899
National Average Price,2017 December,Ham fillet per kg,Euro,5.564
National Average Price,2017 December,Cooked ham per kg,Euro,18.146
National Average Price,2017 December,Best back rashers per kg,Euro,9.643
National Average Price,2017 December,Pork sausages per kg,Euro,5.991
National Average Price,2017 December,Fresh fillet of whiting per kg,Euro,
National Average Price,2017 December,Fresh fillet of cod per kg,Euro,17.078
National Average Price,2017 December,Fresh salmon per kg,Euro,20.613
National Average Price,2017 December,Fresh fillet of plaice per kg,Euro,
National Average Price,2017 December,Fresh hake per kg,Euro,14.904
National Average Price,2017 December,Smoked salmon per kg,Euro,29.43
National Average Price,2017 December,Full fat milk per 2 litre,Euro,1.7
National Average Price,2017 December,Low fat milk per 1 litre,Euro,1.042
National Average Price,2017 December,Irish cheddar per kg,Euro,9.685
National Average Price,2017 December,Large eggs per half dozen,Euro,1.745
National Average Price,2017 December,Medium eggs per half dozen,Euro,1.447
National Average Price,2017 December,Butter per lb,Euro,3.014
National Average Price,2017 December,Grapes per kg,Euro,5.03
National Average Price,2017 December,Bananas per kg,Euro,1.411
National Average Price,2017 December,Tomatoes per kg,Euro,3.143
National Average Price,2017 December,Onions per kg,Euro,1.071
National Average Price,2017 December,Broccoli per kg,Euro,2.738
National Average Price,2017 December,Carrots per kg,Euro,1.208
National Average Price,2017 December,Mushrooms per kg,Euro,3.839
National Average Price,2017 December,Tomatoes tinned per 400g,Euro,0.874
National Average Price,2017 December,Potatoes 2.5 kg,Euro,3.23
National Average Price,2017 December,Potatoes 7.5 kg,Euro,5.479
National Average Price,2017 December,Potatoes 10 kg,Euro,
National Average Price,2017 December,White granulated sugar per 1 kg,Euro,1.305
National Average Price,2017 December,Jam per lb,Euro,1.109
National Average Price,2017 December,Marmalade per lb,Euro,1.908
National Average Price,2017 December,Tea bags per 80,Euro,2.798
National Average Price,2017 December,Orange juice per litre,Euro,1.406
National Average Price,2017 December,Whiskey - take home (70cl bottle),Euro,22.066
National Average Price,2017 December,Brandy - take home (70cl bottle),Euro,27.907
National Average Price,2017 December,Vodka - take home (70cl bottle),Euro,18.26
National Average Price,2017 December,Cream liqueur - take home (70cl bottle),Euro,12.341
National Average Price,2017 December,Wine - take home (75cl bottle),Euro,
National Average Price,2017 December,Cider - take home (50cl can),Euro,2.071
National Average Price,2017 December,Sherry - take home (75cl bottle),Euro,
National Average Price,2017 December,Lager - take home (50cl can),Euro,1.989
National Average Price,2017 December,Stout - take home (50cl can),Euro,2.26
National Average Price,2017 December,Filtered cigarettes per 20 pk,Euro,11.857
National Average Price,2017 December,Stout - draught bar (1 pint),Euro,4.489
National Average Price,2017 December,Lager - draught bar (1 pint),Euro,4.879
National Average Price,2017 December,Lager - bar (33cl bottle),Euro,4.798
National Average Price,2017 December,Cider - draught bar (1 pint),Euro,4.954
National Average Price,2017 December,Ale - draught bar (1 pint),Euro,4.539
National Average Price,2017 December,Cider - bar (33cl bottle),Euro,4.943
National Average Price,2017 December,Flavoured alcoholic drink - bar (275ml bottle),Euro,5.466
National Average Price,2017 December,Whiskey - bar (single) per ½ glass,Euro,4.308
National Average Price,2017 December,Brandy - bar (single) per ½ glass,Euro,4.762
National Average Price,2017 December,Vodka - bar (single) per ½ glass,Euro,4.342
National Average Price,2017 December,Wine - bar (187ml bottle),Euro,
National Average Price,2017 December,Diesel per litre,Euro,1.27
National Average Price,2017 December,Petrol - unleaded per litre,Euro,1.378
National Average Price,2017 December,Cinema fee,Euro,9.672
National Average Price,2017 December,Nightclubs fee,Euro,9.144
National Average Price,2017 December,Gent's dry cut fee,Euro,12.436
National Average Price,2017 December,"Gent's wash, cut, and blow dry fee",Euro,
National Average Price,2017 December,"Ladies' wash, cut and blow dry fee",Euro,39.299
National Average Price,2018 January,"White, self raising flour per 2 kg",Euro,2.338
National Average Price,2018 January,"Brown, wholemeal flour per 2 kg",Euro,2.84
National Average Price,2018 January,"Bread, white sliced pan, large (800g)",Euro,1.268
National Average Price,2018 January,"Bread, brown sliced pan, large (800g)",Euro,1.416
National Average Price,2018 January,Spaghetti per 500g,Euro,1.1
National Average Price,2018 January,Sirloin steak per kg,Euro,16.127
National Average Price,2018 January,Striploin steak per kg,Euro,20.429
National Average Price,2018 January,Roast beef - topside or rib per kg,Euro,13.598
National Average Price,2018 January,Sliced / diced beef pieces per kg,Euro,10.851
National Average Price,2018 January,Pork loin chops per kg,Euro,8.254
National Average Price,2018 January,Pork steak per kg,Euro,9.299
National Average Price,2018 January,Lamb - whole leg / half leg per kg,Euro,11.861
National Average Price,2018 January,Lamb loin chops per kg,Euro,16.657
National Average Price,2018 January,Lamb gigot chops per kg,Euro,
National Average Price,2018 January,Uncooked chicken medium size 1.6kg,Euro,4.739
National Average Price,2018 January,Lamb's liver per kg,Euro,5.912
National Average Price,2018 January,Ham fillet per kg,Euro,5.647
National Average Price,2018 January,Cooked ham per kg,Euro,17.841
National Average Price,2018 January,Best back rashers per kg,Euro,9.764
National Average Price,2018 January,Pork sausages per kg,Euro,6.073
National Average Price,2018 January,Fresh fillet of whiting per kg,Euro,
National Average Price,2018 January,Fresh fillet of cod per kg,Euro,17.551
National Average Price,2018 January,Fresh salmon per kg,Euro,21.181
National Average Price,2018 January,Fresh fillet of plaice per kg,Euro,
National Average Price,2018 January,Fresh hake per kg,Euro,16.419
National Average Price,2018 January,Smoked salmon per kg,Euro,30.619
National Average Price,2018 January,Full fat milk per 2 litre,Euro,1.7
National Average Price,2018 January,Low fat milk per 1 litre,Euro,1.038
National Average Price,2018 January,Irish cheddar per kg,Euro,9.611
National Average Price,2018 January,Large eggs per half dozen,Euro,1.728
National Average Price,2018 January,Medium eggs per half dozen,Euro,1.438
National Average Price,2018 January,Butter per lb,Euro,3.005
National Average Price,2018 January,Grapes per kg,Euro,4.997
National Average Price,2018 January,Bananas per kg,Euro,1.405
National Average Price,2018 January,Tomatoes per kg,Euro,3.097
National Average Price,2018 January,Onions per kg,Euro,1.058
National Average Price,2018 January,Broccoli per kg,Euro,2.667
National Average Price,2018 January,Carrots per kg,Euro,1.166
National Average Price,2018 January,Mushrooms per kg,Euro,3.955
National Average Price,2018 January,Tomatoes tinned per 400g,Euro,0.835
National Average Price,2018 January,Potatoes 2.5 kg,Euro,3.208
National Average Price,2018 January,Potatoes 7.5 kg,Euro,5.518
National Average Price,2018 January,Potatoes 10 kg,Euro,
National Average Price,2018 January,White granulated sugar per 1 kg,Euro,1.304
National Average Price,2018 January,Jam per lb,Euro,1.062
National Average Price,2018 January,Marmalade per lb,Euro,2.014
National Average Price,2018 January,Tea bags per 80,Euro,2.633
National Average Price,2018 January,Orange juice per litre,Euro,1.379
National Average Price,2018 January,Whiskey - take home (70cl bottle),Euro,26.304
National Average Price,2018 January,Brandy - take home (70cl bottle),Euro,31.241
National Average Price,2018 January,Vodka - take home (70cl bottle),Euro,19.053
National Average Price,2018 January,Cream liqueur - take home (70cl bottle),Euro,15.192
National Average Price,2018 January,Wine - take home (75cl bottle),Euro,
National Average Price,2018 January,Cider - take home (50cl can),Euro,2.071
National Average Price,2018 January,Sherry - take home (75cl bottle),Euro,
National Average Price,2018 January,Lager - take home (50cl can),Euro,1.993
National Average Price,2018 January,Stout - take home (50cl can),Euro,2.256
National Average Price,2018 January,Filtered cigarettes per 20 pk,Euro,11.866
National Average Price,2018 January,Stout - draught bar (1 pint),Euro,4.488
National Average Price,2018 January,Lager - draught bar (1 pint),Euro,4.882
National Average Price,2018 January,Lager - bar (33cl bottle),Euro,4.797
National Average Price,2018 January,Cider - draught bar (1 pint),Euro,4.956
National Average Price,2018 January,Ale - draught bar (1 pint),Euro,4.538
National Average Price,2018 January,Cider - bar (33cl bottle),Euro,4.946
National Average Price,2018 January,Flavoured alcoholic drink - bar (275ml bottle),Euro,5.466
National Average Price,2018 January,Whiskey - bar (single) per ½ glass,Euro,4.309
National Average Price,2018 January,Brandy - bar (single) per ½ glass,Euro,4.761
National Average Price,2018 January,Vodka - bar (single) per ½ glass,Euro,4.343
National Average Price,2018 January,Wine - bar (187ml bottle),Euro,
National Average Price,2018 January,Diesel per litre,Euro,1.273
National Average Price,2018 January,Petrol - unleaded per litre,Euro,1.377
National Average Price,2018 January,Cinema fee,Euro,9.645
National Average Price,2018 January,Nightclubs fee,Euro,9.065
National Average Price,2018 January,Gent's dry cut fee,Euro,12.566
National Average Price,2018 January,"Gent's wash, cut, and blow dry fee",Euro,
National Average Price,2018 January,"Ladies' wash, cut and blow dry fee",Euro,39.389
National Average Price,2018 February,"White, self raising flour per 2 kg",Euro,2.323
National Average Price,2018 February,"Brown, wholemeal flour per 2 kg",Euro,2.825
National Average Price,2018 February,"Bread, white sliced pan, large (800g)",Euro,1.282
National Average Price,2018 February,"Bread, brown sliced pan, large (800g)",Euro,1.403
National Average Price,2018 February,Spaghetti per 500g,Euro,1.038
National Average Price,2018 February,Sirloin steak per kg,Euro,15.971
National Average Price,2018 February,Striploin steak per kg,Euro,19.978
National Average Price,2018 February,Roast beef - topside or rib per kg,Euro,13.286
National Average Price,2018 February,Sliced / diced beef pieces per kg,Euro,10.001
National Average Price,2018 February,Pork loin chops per kg,Euro,7.648
National Average Price,2018 February,Pork steak per kg,Euro,8.827
National Average Price,2018 February,Lamb - whole leg / half leg per kg,Euro,11.441
National Average Price,2018 February,Lamb loin chops per kg,Euro,16.797
National Average Price,2018 February,Lamb gigot chops per kg,Euro,
National Average Price,2018 February,Uncooked chicken medium size 1.6kg,Euro,4.665
National Average Price,2018 February,Lamb's liver per kg,Euro,5.879
National Average Price,2018 February,Ham fillet per kg,Euro,5.512
National Average Price,2018 February,Cooked ham per kg,Euro,18.248
National Average Price,2018 February,Best back rashers per kg,Euro,9.71
National Average Price,2018 February,Pork sausages per kg,Euro,5.991
National Average Price,2018 February,Fresh fillet of whiting per kg,Euro,
National Average Price,2018 February,Fresh fillet of cod per kg,Euro,14.839
National Average Price,2018 February,Fresh salmon per kg,Euro,19.092
National Average Price,2018 February,Fresh fillet of plaice per kg,Euro,
National Average Price,2018 February,Fresh hake per kg,Euro,12.361
National Average Price,2018 February,Smoked salmon per kg,Euro,30.396
National Average Price,2018 February,Full fat milk per 2 litre,Euro,1.708
National Average Price,2018 February,Low fat milk per 1 litre,Euro,1.043
National Average Price,2018 February,Irish cheddar per kg,Euro,10.092
National Average Price,2018 February,Large eggs per half dozen,Euro,1.73
National Average Price,2018 February,Medium eggs per half dozen,Euro,1.431
National Average Price,2018 February,Butter per lb,Euro,2.988
National Average Price,2018 February,Grapes per kg,Euro,4.974
National Average Price,2018 February,Bananas per kg,Euro,1.406
National Average Price,2018 February,Tomatoes per kg,Euro,3.108
National Average Price,2018 February,Onions per kg,Euro,1.104
National Average Price,2018 February,Broccoli per kg,Euro,2.633
National Average Price,2018 February,Carrots per kg,Euro,1.254
National Average Price,2018 February,Mushrooms per kg,Euro,3.704
National Average Price,2018 February,Tomatoes tinned per 400g,Euro,0.808
National Average Price,2018 February,Potatoes 2.5 kg,Euro,3.107
National Average Price,2018 February,Potatoes 7.5 kg,Euro,5.382
National Average Price,2018 February,Potatoes 10 kg,Euro,
National Average Price,2018 February,White granulated sugar per 1 kg,Euro,1.295
National Average Price,2018 February,Jam per lb,Euro,1.059
National Average Price,2018 February,Marmalade per lb,Euro,1.905
National Average Price,2018 February,Tea bags per 80,Euro,2.703
National Average Price,2018 February,Orange juice per litre,Euro,1.393
National Average Price,2018 February,Whiskey - take home (70cl bottle),Euro,25.843
National Average Price,2018 February,Brandy - take home (70cl bottle),Euro,29.307
National Average Price,2018 February,Vodka - take home (70cl bottle),Euro,18.9
National Average Price,2018 February,Cream liqueur - take home (70cl bottle),Euro,14.213
National Average Price,2018 February,Wine - take home (75cl bottle),Euro,
National Average Price,2018 February,Cider - take home (50cl can),Euro,2.068
National Average Price,2018 February,Sherry - take home (75cl bottle),Euro,
National Average Price,2018 February,Lager - take home (50cl can),Euro,1.993
National Average Price,2018 February,Stout - take home (50cl can),Euro,2.251
National Average Price,2018 February,Filtered cigarettes per 20 pk,Euro,11.86
National Average Price,2018 February,Stout - draught bar (1 pint),Euro,4.491
National Average Price,2018 February,Lager - draught bar (1 pint),Euro,4.884
National Average Price,2018 February,Lager - bar (33cl bottle),Euro,4.797
National Average Price,2018 February,Cider - draught bar (1 pint),Euro,4.956
National Average Price,2018 February,Ale - draught bar (1 pint),Euro,4.542
National Average Price,2018 February,Cider - bar (33cl bottle),Euro,4.95
National Average Price,2018 February,Flavoured alcoholic drink - bar (275ml bottle),Euro,5.464
National Average Price,2018 February,Whiskey - bar (single) per ½ glass,Euro,4.319
National Average Price,2018 February,Brandy - bar (single) per ½ glass,Euro,4.766
National Average Price,2018 February,Vodka - bar (single) per ½ glass,Euro,4.354
National Average Price,2018 February,Wine - bar (187ml bottle),Euro,
National Average Price,2018 February,Diesel per litre,Euro,1.271
National Average Price,2018 February,Petrol - unleaded per litre,Euro,1.376
National Average Price,2018 February,Cinema fee,Euro,9.643
National Average Price,2018 February,Nightclubs fee,Euro,9.154
National Average Price,2018 February,Gent's dry cut fee,Euro,12.562
National Average Price,2018 February,"Gent's wash, cut, and blow dry fee",Euro,
National Average Price,2018 February,"Ladies' wash, cut and blow dry fee",Euro,39.564
National Average Price,2018 March,"White, self raising flour per 2 kg",Euro,2.264
National Average Price,2018 March,"Brown, wholemeal flour per 2 kg",Euro,2.833
National Average Price,2018 March,"Bread, white sliced pan, large (800g)",Euro,1.3
National Average Price,2018 March,"Bread, brown sliced pan, large (800g)",Euro,1.396
National Average Price,2018 March,Spaghetti per 500g,Euro,1.09
National Average Price,2018 March,Sirloin steak per kg,Euro,14.32
National Average Price,2018 March,Striploin steak per kg,Euro,21.35
National Average Price,2018 March,Roast beef - topside or rib per kg,Euro,13.249
National Average Price,2018 March,Sliced / diced beef pieces per kg,Euro,10.618
National Average Price,2018 March,Pork loin chops per kg,Euro,7.559
National Average Price,2018 March,Pork steak per kg,Euro,9.026
National Average Price,2018 March,Lamb - whole leg / half leg per kg,Euro,11.391
National Average Price,2018 March,Lamb loin chops per kg,Euro,17.522
National Average Price,2018 March,Lamb gigot chops per kg,Euro,
National Average Price,2018 March,Uncooked chicken medium size 1.6kg,Euro,4.569
National Average Price,2018 March,Lamb's liver per kg,Euro,5.918
National Average Price,2018 March,Ham fillet per kg,Euro,5.453
National Average Price,2018 March,Cooked ham per kg,Euro,18.087
National Average Price,2018 March,Best back rashers per kg,Euro,9.752
National Average Price,2018 March,Pork sausages per kg,Euro,5.93
National Average Price,2018 March,Fresh fillet of whiting per kg,Euro,
National Average Price,2018 March,Fresh fillet of cod per kg,Euro,15.171
National Average Price,2018 March,Fresh salmon per kg,Euro,20.716
National Average Price,2018 March,Fresh fillet of plaice per kg,Euro,
National Average Price,2018 March,Fresh hake per kg,Euro,13.148
National Average Price,2018 March,Smoked salmon per kg,Euro,31.261
National Average Price,2018 March,Full fat milk per 2 litre,Euro,1.706
National Average Price,2018 March,Low fat milk per 1 litre,Euro,1.047
National Average Price,2018 March,Irish cheddar per kg,Euro,9.932
National Average Price,2018 March,Large eggs per half dozen,Euro,1.712
National Average Price,2018 March,Medium eggs per half dozen,Euro,1.416
National Average Price,2018 March,Butter per lb,Euro,3.01
National Average Price,2018 March,Grapes per kg,Euro,4.951
National Average Price,2018 March,Bananas per kg,Euro,1.405
National Average Price,2018 March,Tomatoes per kg,Euro,3.077
National Average Price,2018 March,Onions per kg,Euro,1.076
National Average Price,2018 March,Broccoli per kg,Euro,2.773
National Average Price,2018 March,Carrots per kg,Euro,1.267
National Average Price,2018 March,Mushrooms per kg,Euro,3.856
National Average Price,2018 March,Tomatoes tinned per 400g,Euro,0.868
National Average Price,2018 March,Potatoes 2.5 kg,Euro,3.138
National Average Price,2018 March,Potatoes 7.5 kg,Euro,5.354
National Average Price,2018 March,Potatoes 10 kg,Euro,
National Average Price,2018 March,White granulated sugar per 1 kg,Euro,1.304
National Average Price,2018 March,Jam per lb,Euro,1.057
National Average Price,2018 March,Marmalade per lb,Euro,1.991
National Average Price,2018 March,Tea bags per 80,Euro,2.758
National Average Price,2018 March,Orange juice per litre,Euro,1.381
National Average Price,2018 March,Whiskey - take home (70cl bottle),Euro,23.789
National Average Price,2018 March,Brandy - take home (70cl bottle),Euro,29.922
National Average Price,2018 March,Vodka - take home (70cl bottle),Euro,19.059
National Average Price,2018 March,Cream liqueur - take home (70cl bottle),Euro,14.652
National Average Price,2018 March,Wine - take home (75cl bottle),Euro,
National Average Price,2018 March,Cider - take home (50cl can),Euro,2.066
National Average Price,2018 March,Sherry - take home (75cl bottle),Euro,
National Average Price,2018 March,Lager - take home (50cl can),Euro,1.988
National Average Price,2018 March,Stout - take home (50cl can),Euro,2.255
National Average Price,2018 March,Filtered cigarettes per 20 pk,Euro,11.942
National Average Price,2018 March,Stout - draught bar (1 pint),Euro,4.492
National Average Price,2018 March,Lager - draught bar (1 pint),Euro,4.88
National Average Price,2018 March,Lager - bar (33cl bottle),Euro,4.798
National Average Price,2018 March,Cider - draught bar (1 pint),Euro,4.96
National Average Price,2018 March,Ale - draught bar (1 pint),Euro,4.543
National Average Price,2018 March,Cider - bar (33cl bottle),Euro,4.95
National Average Price,2018 March,Flavoured alcoholic drink - bar (275ml bottle),Euro,5.469
National Average Price,2018 March,Whiskey - bar (single) per ½ glass,Euro,4.321
National Average Price,2018 March,Brandy - bar (single) per ½ glass,Euro,4.767
National Average Price,2018 March,Vodka - bar (single) per ½ glass,Euro,4.355
National Average Price,2018 March,Wine - bar (187ml bottle),Euro,
National Average Price,2018 March,Diesel per litre,Euro,1.261
National Average Price,2018 March,Petrol - unleaded per litre,Euro,1.364
National Average Price,2018 March,Cinema fee,Euro,9.669
National Average Price,2018 March,Nightclubs fee,Euro,9.164
National Average Price,2018 March,Gent's dry cut fee,Euro,12.454
National Average Price,2018 March,"Gent's wash, cut, and blow dry fee",Euro,
National Average Price,2018 March,"Ladies' wash, cut and blow dry fee",Euro,39.621
National Average Price,2018 April,"White, self raising flour per 2 kg",Euro,2.29
National Average Price,2018 April,"Brown, wholemeal flour per 2 kg",Euro,2.824
National Average Price,2018 April,"Bread, white sliced pan, large (800g)",Euro,1.303
National Average Price,2018 April,"Bread, brown sliced pan, large (800g)",Euro,1.386
National Average Price,2018 April,Spaghetti per 500g,Euro,1.102
National Average Price,2018 April,Sirloin steak per kg,Euro,14.97
National Average Price,2018 April,Striploin steak per kg,Euro,20.837
National Average Price,2018 April,Roast beef - topside or rib per kg,Euro,13.782
National Average Price,2018 April,Sliced / diced beef pieces per kg,Euro,9.998
National Average Price,2018 April,Pork loin chops per kg,Euro,7.635
National Average Price,2018 April,Pork steak per kg,Euro,8.96
National Average Price,2018 April,Lamb - whole leg / half leg per kg,Euro,12.111
National Average Price,2018 April,Lamb loin chops per kg,Euro,17.381
National Average Price,2018 April,Lamb gigot chops per kg,Euro,
National Average Price,2018 April,Uncooked chicken medium size 1.6kg,Euro,4.665
National Average Price,2018 April,Lamb's liver per kg,Euro,5.881
National Average Price,2018 April,Ham fillet per kg,Euro,5.541
National Average Price,2018 April,Cooked ham per kg,Euro,18.254
National Average Price,2018 April,Best back rashers per kg,Euro,9.467
National Average Price,2018 April,Pork sausages per kg,Euro,5.839
National Average Price,2018 April,Fresh fillet of whiting per kg,Euro,
National Average Price,2018 April,Fresh fillet of cod per kg,Euro,17.293
National Average Price,2018 April,Fresh salmon per kg,Euro,21.535
National Average Price,2018 April,Fresh fillet of plaice per kg,Euro,
National Average Price,2018 April,Fresh hake per kg,Euro,14.149
National Average Price,2018 April,Smoked salmon per kg,Euro,32.212
National Average Price,2018 April,Full fat milk per 2 litre,Euro,1.707
National Average Price,2018 April,Low fat milk per 1 litre,Euro,1.043
National Average Price,2018 April,Irish cheddar per kg,Euro,10.034
National Average Price,2018 April,Large eggs per half dozen,Euro,1.725
National Average Price,2018 April,Medium eggs per half dozen,Euro,1.446
National Average Price,2018 April,Butter per lb,Euro,3.003
National Average Price,2018 April,Grapes per kg,Euro,4.844
National Average Price,2018 April,Bananas per kg,Euro,1.4
National Average Price,2018 April,Tomatoes per kg,Euro,3.022
National Average Price,2018 April,Onions per kg,Euro,1.023
National Average Price,2018 April,Broccoli per kg,Euro,2.804
National Average Price,2018 April,Carrots per kg,Euro,1.261
National Average Price,2018 April,Mushrooms per kg,Euro,3.6
National Average Price,2018 April,Tomatoes tinned per 400g,Euro,0.867
National Average Price,2018 April,Potatoes 2.5 kg,Euro,3.124
National Average Price,2018 April,Potatoes 7.5 kg,Euro,5.317
National Average Price,2018 April,Potatoes 10 kg,Euro,
National Average Price,2018 April,White granulated sugar per 1 kg,Euro,1.306
National Average Price,2018 April,Jam per lb,Euro,1.044
National Average Price,2018 April,Marmalade per lb,Euro,2.044
National Average Price,2018 April,Tea bags per 80,Euro,2.566
National Average Price,2018 April,Orange juice per litre,Euro,1.394
National Average Price,2018 April,Whiskey - take home (70cl bottle),Euro,24.78
National Average Price,2018 April,Brandy - take home (70cl bottle),Euro,28.903
National Average Price,2018 April,Vodka - take home (70cl bottle),Euro,19.14
National Average Price,2018 April,Cream liqueur - take home (70cl bottle),Euro,15.686
National Average Price,2018 April,Wine - take home (75cl bottle),Euro,
National Average Price,2018 April,Cider - take home (50cl can),Euro,2.065
National Average Price,2018 April,Sherry - take home (75cl bottle),Euro,
National Average Price,2018 April,Lager - take home (50cl can),Euro,1.981
National Average Price,2018 April,Stout - take home (50cl can),Euro,2.249
National Average Price,2018 April,Filtered cigarettes per 20 pk,Euro,11.98
National Average Price,2018 April,Stout - draught bar (1 pint),Euro,4.5
National Average Price,2018 April,Lager - draught bar (1 pint),Euro,4.888
National Average Price,2018 April,Lager - bar (33cl bottle),Euro,4.808
National Average Price,2018 April,Cider - draught bar (1 pint),Euro,4.969
National Average Price,2018 April,Ale - draught bar (1 pint),Euro,4.55
National Average Price,2018 April,Cider - bar (33cl bottle),Euro,4.964
National Average Price,2018 April,Flavoured alcoholic drink - bar (275ml bottle),Euro,5.46
National Average Price,2018 April,Whiskey - bar (single) per ½ glass,Euro,4.341
National Average Price,2018 April,Brandy - bar (single) per ½ glass,Euro,4.775
National Average Price,2018 April,Vodka - bar (single) per ½ glass,Euro,4.366
National Average Price,2018 April,Wine - bar (187ml bottle),Euro,
National Average Price,2018 April,Diesel per litre,Euro,1.271
National Average Price,2018 April,Petrol - unleaded per litre,Euro,1.379
National Average Price,2018 April,Cinema fee,Euro,9.707
National Average Price,2018 April,Nightclubs fee,Euro,9.199
National Average Price,2018 April,Gent's dry cut fee,Euro,12.494
National Average Price,2018 April,"Gent's wash, cut, and blow dry fee",Euro,
National Average Price,2018 April,"Ladies' wash, cut and blow dry fee",Euro,39.73
National Average Price,2018 May,"White, self raising flour per 2 kg",Euro,2.269
National Average Price,2018 May,"Brown, wholemeal flour per 2 kg",Euro,2.822
National Average Price,2018 May,"Bread, white sliced pan, large (800g)",Euro,1.295
National Average Price,2018 May,"Bread, brown sliced pan, large (800g)",Euro,1.406
National Average Price,2018 May,Spaghetti per 500g,Euro,1.115
National Average Price,2018 May,Sirloin steak per kg,Euro,15
National Average Price,2018 May,Striploin steak per kg,Euro,21.396
National Average Price,2018 May,Roast beef - topside or rib per kg,Euro,13.669
National Average Price,2018 May,Sliced / diced beef pieces per kg,Euro,10.373
National Average Price,2018 May,Pork loin chops per kg,Euro,8.209
National Average Price,2018 May,Pork steak per kg,Euro,8.448
National Average Price,2018 May,Lamb - whole leg / half leg per kg,Euro,12.475
National Average Price,2018 May,Lamb loin chops per kg,Euro,18.552
National Average Price,2018 May,Lamb gigot chops per kg,Euro,
National Average Price,2018 May,Uncooked chicken medium size 1.6kg,Euro,4.594
National Average Price,2018 May,Lamb's liver per kg,Euro,5.812
National Average Price,2018 May,Ham fillet per kg,Euro,5.552
National Average Price,2018 May,Cooked ham per kg,Euro,17.435
National Average Price,2018 May,Best back rashers per kg,Euro,9.739
National Average Price,2018 May,Pork sausages per kg,Euro,6.046
National Average Price,2018 May,Fresh fillet of whiting per kg,Euro,
National Average Price,2018 May,Fresh fillet of cod per kg,Euro,16.061
National Average Price,2018 May,Fresh salmon per kg,Euro,21.371
National Average Price,2018 May,Fresh fillet of plaice per kg,Euro,
National Average Price,2018 May,Fresh hake per kg,Euro,13.468
National Average Price,2018 May,Smoked salmon per kg,Euro,32.148
National Average Price,2018 May,Full fat milk per 2 litre,Euro,1.704
National Average Price,2018 May,Low fat milk per 1 litre,Euro,1.044
National Average Price,2018 May,Irish cheddar per kg,Euro,9.846
National Average Price,2018 May,Large eggs per half dozen,Euro,1.728
National Average Price,2018 May,Medium eggs per half dozen,Euro,1.439
National Average Price,2018 May,Butter per lb,Euro,2.997
National Average Price,2018 May,Grapes per kg,Euro,4.856
National Average Price,2018 May,Bananas per kg,Euro,1.399
National Average Price,2018 May,Tomatoes per kg,Euro,3.052
National Average Price,2018 May,Onions per kg,Euro,1.042
National Average Price,2018 May,Broccoli per kg,Euro,2.787
National Average Price,2018 May,Carrots per kg,Euro,1.31
National Average Price,2018 May,Mushrooms per kg,Euro,3.81
National Average Price,2018 May,Tomatoes tinned per 400g,Euro,0.875
National Average Price,2018 May,Potatoes 2.5 kg,Euro,3.192
National Average Price,2018 May,Potatoes 7.5 kg,Euro,5.303
National Average Price,2018 May,Potatoes 10 kg,Euro,
National Average Price,2018 May,White granulated sugar per 1 kg,Euro,1.304
National Average Price,2018 May,Jam per lb,Euro,1.147
National Average Price,2018 May,Marmalade per lb,Euro,2.134
National Average Price,2018 May,Tea bags per 80,Euro,2.693
National Average Price,2018 May,Orange juice per litre,Euro,1.382
National Average Price,2018 May,Whiskey - take home (70cl bottle),Euro,25.087
National Average Price,2018 May,Brandy - take home (70cl bottle),Euro,30.925
National Average Price,2018 May,Vodka - take home (70cl bottle),Euro,19.09
National Average Price,2018 May,Cream liqueur - take home (70cl bottle),Euro,16.078
National Average Price,2018 May,Wine - take home (75cl bottle),Euro,
National Average Price,2018 May,Cider - take home (50cl can),Euro,2.07
National Average Price,2018 May,Sherry - take home (75cl bottle),Euro,
National Average Price,2018 May,Lager - take home (50cl can),Euro,1.985
National Average Price,2018 May,Stout - take home (50cl can),Euro,2.241
National Average Price,2018 May,Filtered cigarettes per 20 pk,Euro,12.008
National Average Price,2018 May,Stout - draught bar (1 pint),Euro,4.506
National Average Price,2018 May,Lager - draught bar (1 pint),Euro,4.893
National Average Price,2018 May,Lager - bar (33cl bottle),Euro,4.813
National Average Price,2018 May,Cider - draught bar (1 pint),Euro,4.993
National Average Price,2018 May,Ale - draught bar (1 pint),Euro,4.555
National Average Price,2018 May,Cider - bar (33cl bottle),Euro,4.989
National Average Price,2018 May,Flavoured alcoholic drink - bar (275ml bottle),Euro,5.475
National Average Price,2018 May,Whiskey - bar (single) per ½ glass,Euro,4.347
National Average Price,2018 May,Brandy - bar (single) per ½ glass,Euro,4.779
National Average Price,2018 May,Vodka - bar (single) per ½ glass,Euro,4.373
National Average Price,2018 May,Wine - bar (187ml bottle),Euro,
National Average Price,2018 May,Diesel per litre,Euro,1.311
National Average Price,2018 May,Petrol - unleaded per litre,Euro,1.413
National Average Price,2018 May,Cinema fee,Euro,9.685
National Average Price,2018 May,Nightclubs fee,Euro,9.228
National Average Price,2018 May,Gent's dry cut fee,Euro,12.531
National Average Price,2018 May,"Gent's wash, cut, and blow dry fee",Euro,
National Average Price,2018 May,"Ladies' wash, cut and blow dry fee",Euro,39.721
National Average Price,2018 June,"White, self raising flour per 2 kg",Euro,2.334
National Average Price,2018 June,"Brown, wholemeal flour per 2 kg",Euro,2.803
National Average Price,2018 June,"Bread, white sliced pan, large (800g)",Euro,1.282
National Average Price,2018 June,"Bread, brown sliced pan, large (800g)",Euro,1.389
National Average Price,2018 June,Spaghetti per 500g,Euro,1.067
National Average Price,2018 June,Sirloin steak per kg,Euro,14.455
National Average Price,2018 June,Striploin steak per kg,Euro,20.089
National Average Price,2018 June,Roast beef - topside or rib per kg,Euro,13.817
National Average Price,2018 June,Sliced / diced beef pieces per kg,Euro,10.39
National Average Price,2018 June,Pork loin chops per kg,Euro,7.51
National Average Price,2018 June,Pork steak per kg,Euro,8.751
National Average Price,2018 June,Lamb - whole leg / half leg per kg,Euro,11.575
National Average Price,2018 June,Lamb loin chops per kg,Euro,17.346
National Average Price,2018 June,Lamb gigot chops per kg,Euro,
National Average Price,2018 June,Uncooked chicken medium size 1.6kg,Euro,4.666
National Average Price,2018 June,Lamb's liver per kg,Euro,5.752
National Average Price,2018 June,Ham fillet per kg,Euro,5.47
National Average Price,2018 June,Cooked ham per kg,Euro,18.119
National Average Price,2018 June,Best back rashers per kg,Euro,9.535
National Average Price,2018 June,Pork sausages per kg,Euro,5.908
National Average Price,2018 June,Fresh fillet of whiting per kg,Euro,
National Average Price,2018 June,Fresh fillet of cod per kg,Euro,16.275
National Average Price,2018 June,Fresh salmon per kg,Euro,20.98
National Average Price,2018 June,Fresh fillet of plaice per kg,Euro,
National Average Price,2018 June,Fresh hake per kg,Euro,13.696
National Average Price,2018 June,Smoked salmon per kg,Euro,32.177
National Average Price,2018 June,Full fat milk per 2 litre,Euro,1.701
National Average Price,2018 June,Low fat milk per 1 litre,Euro,1.033
National Average Price,2018 June,Irish cheddar per kg,Euro,9.832
National Average Price,2018 June,Large eggs per half dozen,Euro,1.72
National Average Price,2018 June,Medium eggs per half dozen,Euro,1.427
National Average Price,2018 June,Butter per lb,Euro,2.988
National Average Price,2018 June,Grapes per kg,Euro,4.863
National Average Price,2018 June,Bananas per kg,Euro,1.404
National Average Price,2018 June,Tomatoes per kg,Euro,3.092
National Average Price,2018 June,Onions per kg,Euro,1.038
National Average Price,2018 June,Broccoli per kg,Euro,2.826
National Average Price,2018 June,Carrots per kg,Euro,1.297
National Average Price,2018 June,Mushrooms per kg,Euro,3.497
National Average Price,2018 June,Tomatoes tinned per 400g,Euro,0.873
National Average Price,2018 June,Potatoes 2.5 kg,Euro,3.165
National Average Price,2018 June,Potatoes 7.5 kg,Euro,5.278
National Average Price,2018 June,Potatoes 10 kg,Euro,
National Average Price,2018 June,White granulated sugar per 1 kg,Euro,1.304
National Average Price,2018 June,Jam per lb,Euro,1.156
National Average Price,2018 June,Marmalade per lb,Euro,1.982
National Average Price,2018 June,Tea bags per 80,Euro,2.599
National Average Price,2018 June,Orange juice per litre,Euro,1.399
National Average Price,2018 June,Whiskey - take home (70cl bottle),Euro,24.66
National Average Price,2018 June,Brandy - take home (70cl bottle),Euro,30.324
National Average Price,2018 June,Vodka - take home (70cl bottle),Euro,18.96
National Average Price,2018 June,Cream liqueur - take home (70cl bottle),Euro,15.712
National Average Price,2018 June,Wine - take home (75cl bottle),Euro,
National Average Price,2018 June,Cider - take home (50cl can),Euro,2.075
National Average Price,2018 June,Sherry - take home (75cl bottle),Euro,
National Average Price,2018 June,Lager - take home (50cl can),Euro,1.968
National Average Price,2018 June,Stout - take home (50cl can),Euro,2.235
National Average Price,2018 June,Filtered cigarettes per 20 pk,Euro,12.043
National Average Price,2018 June,Stout - draught bar (1 pint),Euro,4.504
National Average Price,2018 June,Lager - draught bar (1 pint),Euro,4.893
National Average Price,2018 June,Lager - bar (33cl bottle),Euro,4.817
National Average Price,2018 June,Cider - draught bar (1 pint),Euro,4.984
National Average Price,2018 June,Ale - draught bar (1 pint),Euro,4.554
National Average Price,2018 June,Cider - bar (33cl bottle),Euro,4.986
National Average Price,2018 June,Flavoured alcoholic drink - bar (275ml bottle),Euro,5.474
National Average Price,2018 June,Whiskey - bar (single) per ½ glass,Euro,4.36
National Average Price,2018 June,Brandy - bar (single) per ½ glass,Euro,4.782
National Average Price,2018 June,Vodka - bar (single) per ½ glass,Euro,4.378
National Average Price,2018 June,Wine - bar (187ml bottle),Euro,
National Average Price,2018 June,Diesel per litre,Euro,1.37
National Average Price,2018 June,Petrol - unleaded per litre,Euro,1.47
National Average Price,2018 June,Cinema fee,Euro,9.681
National Average Price,2018 June,Nightclubs fee,Euro,9.228
National Average Price,2018 June,Gent's dry cut fee,Euro,12.655
National Average Price,2018 June,"Gent's wash, cut, and blow dry fee",Euro,
National Average Price,2018 June,"Ladies' wash, cut and blow dry fee",Euro,39.751
National Average Price,2018 July,"White, self raising flour per 2 kg",Euro,2.329
National Average Price,2018 July,"Brown, wholemeal flour per 2 kg",Euro,2.802
National Average Price,2018 July,"Bread, white sliced pan, large (800g)",Euro,1.283
National Average Price,2018 July,"Bread, brown sliced pan, large (800g)",Euro,1.384
National Average Price,2018 July,Spaghetti per 500g,Euro,1.077
National Average Price,2018 July,Sirloin steak per kg,Euro,13.885
National Average Price,2018 July,Striploin steak per kg,Euro,21.153
National Average Price,2018 July,Roast beef - topside or rib per kg,Euro,13.682
National Average Price,2018 July,Sliced / diced beef pieces per kg,Euro,10.257
National Average Price,2018 July,Pork loin chops per kg,Euro,8.242
National Average Price,2018 July,Pork steak per kg,Euro,8.462
National Average Price,2018 July,Lamb - whole leg / half leg per kg,Euro,11.084
National Average Price,2018 July,Lamb loin chops per kg,Euro,17.546
National Average Price,2018 July,Lamb gigot chops per kg,Euro,
National Average Price,2018 July,Uncooked chicken medium size 1.6kg,Euro,4.705
National Average Price,2018 July,Lamb's liver per kg,Euro,5.825
National Average Price,2018 July,Ham fillet per kg,Euro,5.499
National Average Price,2018 July,Cooked ham per kg,Euro,18.101
National Average Price,2018 July,Best back rashers per kg,Euro,9.412
National Average Price,2018 July,Pork sausages per kg,Euro,5.896
National Average Price,2018 July,Fresh fillet of whiting per kg,Euro,
National Average Price,2018 July,Fresh fillet of cod per kg,Euro,16.27
National Average Price,2018 July,Fresh salmon per kg,Euro,20.652
National Average Price,2018 July,Fresh fillet of plaice per kg,Euro,
National Average Price,2018 July,Fresh hake per kg,Euro,14.026
National Average Price,2018 July,Smoked salmon per kg,Euro,31.274
National Average Price,2018 July,Full fat milk per 2 litre,Euro,1.7
National Average Price,2018 July,Low fat milk per 1 litre,Euro,1.037
National Average Price,2018 July,Irish cheddar per kg,Euro,9.726
National Average Price,2018 July,Large eggs per half dozen,Euro,1.725
National Average Price,2018 July,Medium eggs per half dozen,Euro,1.435
National Average Price,2018 July,Butter per lb,Euro,3.126
National Average Price,2018 July,Grapes per kg,Euro,4.861
National Average Price,2018 July,Bananas per kg,Euro,1.404
National Average Price,2018 July,Tomatoes per kg,Euro,3.124
National Average Price,2018 July,Onions per kg,Euro,1.058
National Average Price,2018 July,Broccoli per kg,Euro,2.777
National Average Price,2018 July,Carrots per kg,Euro,1.318
National Average Price,2018 July,Mushrooms per kg,Euro,3.904
National Average Price,2018 July,Tomatoes tinned per 400g,Euro,0.852
National Average Price,2018 July,Potatoes 2.5 kg,Euro,3.144
National Average Price,2018 July,Potatoes 7.5 kg,Euro,5.358
National Average Price,2018 July,Potatoes 10 kg,Euro,
National Average Price,2018 July,White granulated sugar per 1 kg,Euro,1.309
National Average Price,2018 July,Jam per lb,Euro,1.161
National Average Price,2018 July,Marmalade per lb,Euro,2.073
National Average Price,2018 July,Tea bags per 80,Euro,2.835
National Average Price,2018 July,Orange juice per litre,Euro,1.395
National Average Price,2018 July,Whiskey - take home (70cl bottle),Euro,25.418
National Average Price,2018 July,Brandy - take home (70cl bottle),Euro,30.917
National Average Price,2018 July,Vodka - take home (70cl bottle),Euro,18.96
National Average Price,2018 July,Cream liqueur - take home (70cl bottle),Euro,16.446
National Average Price,2018 July,Wine - take home (75cl bottle),Euro,
National Average Price,2018 July,Cider - take home (50cl can),Euro,2.064
National Average Price,2018 July,Sherry - take home (75cl bottle),Euro,
National Average Price,2018 July,Lager - take home (50cl can),Euro,1.973
National Average Price,2018 July,Stout - take home (50cl can),Euro,2.243
National Average Price,2018 July,Filtered cigarettes per 20 pk,Euro,12.047
National Average Price,2018 July,Stout - draught bar (1 pint),Euro,4.539
National Average Price,2018 July,Lager - draught bar (1 pint),Euro,4.935
National Average Price,2018 July,Lager - bar (33cl bottle),Euro,4.835
National Average Price,2018 July,Cider - draught bar (1 pint),Euro,5.026
National Average Price,2018 July,Ale - draught bar (1 pint),Euro,4.592
National Average Price,2018 July,Cider - bar (33cl bottle),Euro,5.005
National Average Price,2018 July,Flavoured alcoholic drink - bar (275ml bottle),Euro,5.513
National Average Price,2018 July,Whiskey - bar (single) per ½ glass,Euro,4.393
National Average Price,2018 July,Brandy - bar (single) per ½ glass,Euro,4.801
National Average Price,2018 July,Vodka - bar (single) per ½ glass,Euro,4.407
National Average Price,2018 July,Wine - bar (187ml bottle),Euro,
National Average Price,2018 July,Diesel per litre,Euro,1.364
National Average Price,2018 July,Petrol - unleaded per litre,Euro,1.465
National Average Price,2018 July,Cinema fee,Euro,9.693
National Average Price,2018 July,Nightclubs fee,Euro,9.179
National Average Price,2018 July,Gent's dry cut fee,Euro,12.848
National Average Price,2018 July,"Gent's wash, cut, and blow dry fee",Euro,
National Average Price,2018 July,"Ladies' wash, cut and blow dry fee",Euro,39.918
National Average Price,2018 August,"White, self raising flour per 2 kg",Euro,2.336
National Average Price,2018 August,"Brown, wholemeal flour per 2 kg",Euro,2.842
National Average Price,2018 August,"Bread, white sliced pan, large (800g)",Euro,1.29
National Average Price,2018 August,"Bread, brown sliced pan, large (800g)",Euro,1.389
National Average Price,2018 August,Spaghetti per 500g,Euro,0.997
National Average Price,2018 August,Sirloin steak per kg,Euro,15.253
National Average Price,2018 August,Striploin steak per kg,Euro,21.047
National Average Price,2018 August,Roast beef - topside or rib per kg,Euro,13.61
National Average Price,2018 August,Sliced / diced beef pieces per kg,Euro,10.4
National Average Price,2018 August,Pork loin chops per kg,Euro,7.515
National Average Price,2018 August,Pork steak per kg,Euro,8.776
National Average Price,2018 August,Lamb - whole leg / half leg per kg,Euro,11.079
National Average Price,2018 August,Lamb loin chops per kg,Euro,16.981
National Average Price,2018 August,Lamb gigot chops per kg,Euro,
National Average Price,2018 August,Uncooked chicken medium size 1.6kg,Euro,4.76
National Average Price,2018 August,Lamb's liver per kg,Euro,5.792
National Average Price,2018 August,Ham fillet per kg,Euro,5.517
National Average Price,2018 August,Cooked ham per kg,Euro,18.236
National Average Price,2018 August,Best back rashers per kg,Euro,9.451
National Average Price,2018 August,Pork sausages per kg,Euro,6.005
National Average Price,2018 August,Fresh fillet of whiting per kg,Euro,
National Average Price,2018 August,Fresh fillet of cod per kg,Euro,16.707
National Average Price,2018 August,Fresh salmon per kg,Euro,18.814
National Average Price,2018 August,Fresh fillet of plaice per kg,Euro,
National Average Price,2018 August,Fresh hake per kg,Euro,14.809
National Average Price,2018 August,Smoked salmon per kg,Euro,31.576
National Average Price,2018 August,Full fat milk per 2 litre,Euro,1.699
National Average Price,2018 August,Low fat milk per 1 litre,Euro,1.035
National Average Price,2018 August,Irish cheddar per kg,Euro,9.894
National Average Price,2018 August,Large eggs per half dozen,Euro,1.708
National Average Price,2018 August,Medium eggs per half dozen,Euro,1.432
National Average Price,2018 August,Butter per lb,Euro,3.04
National Average Price,2018 August,Grapes per kg,Euro,4.865
National Average Price,2018 August,Bananas per kg,Euro,1.403
National Average Price,2018 August,Tomatoes per kg,Euro,3.191
National Average Price,2018 August,Onions per kg,Euro,1.068
National Average Price,2018 August,Broccoli per kg,Euro,2.732
National Average Price,2018 August,Carrots per kg,Euro,1.325
National Average Price,2018 August,Mushrooms per kg,Euro,3.684
National Average Price,2018 August,Tomatoes tinned per 400g,Euro,0.767
National Average Price,2018 August,Potatoes 2.5 kg,Euro,3.328
National Average Price,2018 August,Potatoes 7.5 kg,Euro,5.58
National Average Price,2018 August,Potatoes 10 kg,Euro,
National Average Price,2018 August,White granulated sugar per 1 kg,Euro,1.305
National Average Price,2018 August,Jam per lb,Euro,1.178
National Average Price,2018 August,Marmalade per lb,Euro,1.972
National Average Price,2018 August,Tea bags per 80,Euro,2.776
National Average Price,2018 August,Orange juice per litre,Euro,1.38
National Average Price,2018 August,Whiskey - take home (70cl bottle),Euro,25.212
National Average Price,2018 August,Brandy - take home (70cl bottle),Euro,31.014
National Average Price,2018 August,Vodka - take home (70cl bottle),Euro,18.91
National Average Price,2018 August,Cream liqueur - take home (70cl bottle),Euro,17.113
National Average Price,2018 August,Wine - take home (75cl bottle),Euro,
National Average Price,2018 August,Cider - take home (50cl can),Euro,2.072
National Average Price,2018 August,Sherry - take home (75cl bottle),Euro,
National Average Price,2018 August,Lager - take home (50cl can),Euro,1.982
National Average Price,2018 August,Stout - take home (50cl can),Euro,2.243
National Average Price,2018 August,Filtered cigarettes per 20 pk,Euro,12.059
National Average Price,2018 August,Stout - draught bar (1 pint),Euro,4.589
National Average Price,2018 August,Lager - draught bar (1 pint),Euro,4.977
National Average Price,2018 August,Lager - bar (33cl bottle),Euro,4.864
National Average Price,2018 August,Cider - draught bar (1 pint),Euro,5.083
National Average Price,2018 August,Ale - draught bar (1 pint),Euro,4.636
National Average Price,2018 August,Cider - bar (33cl bottle),Euro,5.045
National Average Price,2018 August,Flavoured alcoholic drink - bar (275ml bottle),Euro,5.554
National Average Price,2018 August,Whiskey - bar (single) per ½ glass,Euro,4.42
National Average Price,2018 August,Brandy - bar (single) per ½ glass,Euro,4.839
National Average Price,2018 August,Vodka - bar (single) per ½ glass,Euro,4.444
National Average Price,2018 August,Wine - bar (187ml bottle),Euro,
National Average Price,2018 August,Diesel per litre,Euro,1.359
National Average Price,2018 August,Petrol - unleaded per litre,Euro,1.465
National Average Price,2018 August,Cinema fee,Euro,9.954
National Average Price,2018 August,Nightclubs fee,Euro,9.091
National Average Price,2018 August,Gent's dry cut fee,Euro,12.748
National Average Price,2018 August,"Gent's wash, cut, and blow dry fee",Euro,
National Average Price,2018 August,"Ladies' wash, cut and blow dry fee",Euro,40.019
National Average Price,2018 September,"White, self raising flour per 2 kg",Euro,2.259
National Average Price,2018 September,"Brown, wholemeal flour per 2 kg",Euro,2.764
National Average Price,2018 September,"Bread, white sliced pan, large (800g)",Euro,1.285
National Average Price,2018 September,"Bread, brown sliced pan, large (800g)",Euro,1.413
National Average Price,2018 September,Spaghetti per 500g,Euro,1.085
National Average Price,2018 September,Sirloin steak per kg,Euro,15.693
National Average Price,2018 September,Striploin steak per kg,Euro,19.94
National Average Price,2018 September,Roast beef - topside or rib per kg,Euro,13.728
National Average Price,2018 September,Sliced / diced beef pieces per kg,Euro,9.512
National Average Price,2018 September,Pork loin chops per kg,Euro,7.549
National Average Price,2018 September,Pork steak per kg,Euro,8.819
National Average Price,2018 September,Lamb - whole leg / half leg per kg,Euro,11.45
National Average Price,2018 September,Lamb loin chops per kg,Euro,17.005
National Average Price,2018 September,Lamb gigot chops per kg,Euro,
National Average Price,2018 September,Uncooked chicken medium size 1.6kg,Euro,4.688
National Average Price,2018 September,Lamb's liver per kg,Euro,5.8
National Average Price,2018 September,Ham fillet per kg,Euro,5.476
National Average Price,2018 September,Cooked ham per kg,Euro,17.806
National Average Price,2018 September,Best back rashers per kg,Euro,9.187
National Average Price,2018 September,Pork sausages per kg,Euro,5.942
National Average Price,2018 September,Fresh fillet of whiting per kg,Euro,
National Average Price,2018 September,Fresh fillet of cod per kg,Euro,16.819
National Average Price,2018 September,Fresh salmon per kg,Euro,21.284
National Average Price,2018 September,Fresh fillet of plaice per kg,Euro,
National Average Price,2018 September,Fresh hake per kg,Euro,13.934
National Average Price,2018 September,Smoked salmon per kg,Euro,31.924
National Average Price,2018 September,Full fat milk per 2 litre,Euro,1.7
National Average Price,2018 September,Low fat milk per 1 litre,Euro,1.037
National Average Price,2018 September,Irish cheddar per kg,Euro,9.543
National Average Price,2018 September,Large eggs per half dozen,Euro,1.718
National Average Price,2018 September,Medium eggs per half dozen,Euro,1.421
National Average Price,2018 September,Butter per lb,Euro,3.019
National Average Price,2018 September,Grapes per kg,Euro,4.865
National Average Price,2018 September,Bananas per kg,Euro,1.404
National Average Price,2018 September,Tomatoes per kg,Euro,3.097
National Average Price,2018 September,Onions per kg,Euro,1.075
National Average Price,2018 September,Broccoli per kg,Euro,2.628
National Average Price,2018 September,Carrots per kg,Euro,1.16
National Average Price,2018 September,Mushrooms per kg,Euro,3.894
National Average Price,2018 September,Tomatoes tinned per 400g,Euro,0.858
National Average Price,2018 September,Potatoes 2.5 kg,Euro,3.509
National Average Price,2018 September,Potatoes 7.5 kg,Euro,5.909
National Average Price,2018 September,Potatoes 10 kg,Euro,
National Average Price,2018 September,White granulated sugar per 1 kg,Euro,1.288
National Average Price,2018 September,Jam per lb,Euro,1.163
National Average Price,2018 September,Marmalade per lb,Euro,1.964
National Average Price,2018 September,Tea bags per 80,Euro,2.918
National Average Price,2018 September,Orange juice per litre,Euro,1.396
National Average Price,2018 September,Whiskey - take home (70cl bottle),Euro,25.674
National Average Price,2018 September,Brandy - take home (70cl bottle),Euro,31.31
National Average Price,2018 September,Vodka - take home (70cl bottle),Euro,19.109
National Average Price,2018 September,Cream liqueur - take home (70cl bottle),Euro,17.411
National Average Price,2018 September,Wine - take home (75cl bottle),Euro,
National Average Price,2018 September,Cider - take home (50cl can),Euro,2.084
National Average Price,2018 September,Sherry - take home (75cl bottle),Euro,
National Average Price,2018 September,Lager - take home (50cl can),Euro,1.986
National Average Price,2018 September,Stout - take home (50cl can),Euro,2.25
National Average Price,2018 September,Filtered cigarettes per 20 pk,Euro,12.057
National Average Price,2018 September,Stout - draught bar (1 pint),Euro,4.612
National Average Price,2018 September,Lager - draught bar (1 pint),Euro,4.992
National Average Price,2018 September,Lager - bar (33cl bottle),Euro,4.885
National Average Price,2018 September,Cider - draught bar (1 pint),Euro,5.104
National Average Price,2018 September,Ale - draught bar (1 pint),Euro,4.661
National Average Price,2018 September,Cider - bar (33cl bottle),Euro,5.043
National Average Price,2018 September,Flavoured alcoholic drink - bar (275ml bottle),Euro,5.566
National Average Price,2018 September,Whiskey - bar (single) per ½ glass,Euro,4.44
National Average Price,2018 September,Brandy - bar (single) per ½ glass,Euro,4.842
National Average Price,2018 September,Vodka - bar (single) per ½ glass,Euro,4.46
National Average Price,2018 September,Wine - bar (187ml bottle),Euro,
National Average Price,2018 September,Diesel per litre,Euro,1.367
National Average Price,2018 September,Petrol - unleaded per litre,Euro,1.472
National Average Price,2018 September,Cinema fee,Euro,9.956
National Average Price,2018 September,Nightclubs fee,Euro,9.204
National Average Price,2018 September,Gent's dry cut fee,Euro,12.672
National Average Price,2018 September,"Gent's wash, cut, and blow dry fee",Euro,
National Average Price,2018 September,"Ladies' wash, cut and blow dry fee",Euro,40.199
National Average Price,2018 October,"White, self raising flour per 2 kg",Euro,2.149
National Average Price,2018 October,"Brown, wholemeal flour per 2 kg",Euro,2.749
National Average Price,2018 October,"Bread, white sliced pan, large (800g)",Euro,1.286
National Average Price,2018 October,"Bread, brown sliced pan, large (800g)",Euro,1.378
National Average Price,2018 October,Spaghetti per 500g,Euro,1.084
National Average Price,2018 October,Sirloin steak per kg,Euro,14.444
National Average Price,2018 October,Striploin steak per kg,Euro,21.428
National Average Price,2018 October,Roast beef - topside or rib per kg,Euro,13.439
National Average Price,2018 October,Sliced / diced beef pieces per kg,Euro,10.337
National Average Price,2018 October,Pork loin chops per kg,Euro,7.726
National Average Price,2018 October,Pork steak per kg,Euro,8.583
National Average Price,2018 October,Lamb - whole leg / half leg per kg,Euro,11.115
National Average Price,2018 October,Lamb loin chops per kg,Euro,17.178
National Average Price,2018 October,Lamb gigot chops per kg,Euro,
National Average Price,2018 October,Uncooked chicken medium size 1.6kg,Euro,4.625
National Average Price,2018 October,Lamb's liver per kg,Euro,5.857
National Average Price,2018 October,Ham fillet per kg,Euro,5.473
National Average Price,2018 October,Cooked ham per kg,Euro,18.27
National Average Price,2018 October,Best back rashers per kg,Euro,9.331
National Average Price,2018 October,Pork sausages per kg,Euro,6.007
National Average Price,2018 October,Fresh fillet of whiting per kg,Euro,
National Average Price,2018 October,Fresh fillet of cod per kg,Euro,14.661
National Average Price,2018 October,Fresh salmon per kg,Euro,19.922
National Average Price,2018 October,Fresh fillet of plaice per kg,Euro,
National Average Price,2018 October,Fresh hake per kg,Euro,15.01
National Average Price,2018 October,Smoked salmon per kg,Euro,31.931
National Average Price,2018 October,Full fat milk per 2 litre,Euro,1.692
National Average Price,2018 October,Low fat milk per 1 litre,Euro,1.029
National Average Price,2018 October,Irish cheddar per kg,Euro,9.77
National Average Price,2018 October,Large eggs per half dozen,Euro,1.697
National Average Price,2018 October,Medium eggs per half dozen,Euro,1.431
National Average Price,2018 October,Butter per lb,Euro,3.043
National Average Price,2018 October,Grapes per kg,Euro,4.788
National Average Price,2018 October,Bananas per kg,Euro,1.401
National Average Price,2018 October,Tomatoes per kg,Euro,3.148
National Average Price,2018 October,Onions per kg,Euro,1.091
National Average Price,2018 October,Broccoli per kg,Euro,2.826
National Average Price,2018 October,Carrots per kg,Euro,1.314
National Average Price,2018 October,Mushrooms per kg,Euro,3.795
National Average Price,2018 October,Tomatoes tinned per 400g,Euro,0.834
National Average Price,2018 October,Potatoes 2.5 kg,Euro,3.628
National Average Price,2018 October,Potatoes 7.5 kg,Euro,7.411
National Average Price,2018 October,Potatoes 10 kg,Euro,
National Average Price,2018 October,White granulated sugar per 1 kg,Euro,1.236
National Average Price,2018 October,Jam per lb,Euro,1.181
National Average Price,2018 October,Marmalade per lb,Euro,1.965
National Average Price,2018 October,Tea bags per 80,Euro,2.797
National Average Price,2018 October,Orange juice per litre,Euro,1.359
National Average Price,2018 October,Whiskey - take home (70cl bottle),Euro,23.793
National Average Price,2018 October,Brandy - take home (70cl bottle),Euro,31.524
National Average Price,2018 October,Vodka - take home (70cl bottle),Euro,19.27
National Average Price,2018 October,Cream liqueur - take home (70cl bottle),Euro,16.425
National Average Price,2018 October,Wine - take home (75cl bottle),Euro,
National Average Price,2018 October,Cider - take home (50cl can),Euro,2.082
National Average Price,2018 October,Sherry - take home (75cl bottle),Euro,
National Average Price,2018 October,Lager - take home (50cl can),Euro,1.989
National Average Price,2018 October,Stout - take home (50cl can),Euro,2.284
National Average Price,2018 October,Filtered cigarettes per 20 pk,Euro,12.271
National Average Price,2018 October,Stout - draught bar (1 pint),Euro,4.618
National Average Price,2018 October,Lager - draught bar (1 pint),Euro,5.005
National Average Price,2018 October,Lager - bar (33cl bottle),Euro,4.9
National Average Price,2018 October,Cider - draught bar (1 pint),Euro,5.117
National Average Price,2018 October,Ale - draught bar (1 pint),Euro,4.666
National Average Price,2018 October,Cider - bar (33cl bottle),Euro,5.063
National Average Price,2018 October,Flavoured alcoholic drink - bar (275ml bottle),Euro,5.582
National Average Price,2018 October,Whiskey - bar (single) per ½ glass,Euro,4.455
National Average Price,2018 October,Brandy - bar (single) per ½ glass,Euro,4.847
National Average Price,2018 October,Vodka - bar (single) per ½ glass,Euro,4.475
National Average Price,2018 October,Wine - bar (187ml bottle),Euro,
National Average Price,2018 October,Diesel per litre,Euro,1.406
National Average Price,2018 October,Petrol - unleaded per litre,Euro,1.492
National Average Price,2018 October,Cinema fee,Euro,10.031
National Average Price,2018 October,Nightclubs fee,Euro,9.335
National Average Price,2018 October,Gent's dry cut fee,Euro,12.735
National Average Price,2018 October,"Gent's wash, cut, and blow dry fee",Euro,
National Average Price,2018 October,"Ladies' wash, cut and blow dry fee",Euro,40.356
National Average Price,2018 November,"White, self raising flour per 2 kg",Euro,2.019
National Average Price,2018 November,"Brown, wholemeal flour per 2 kg",Euro,2.796
National Average Price,2018 November,"Bread, white sliced pan, large (800g)",Euro,1.29
National Average Price,2018 November,"Bread, brown sliced pan, large (800g)",Euro,1.391
National Average Price,2018 November,Spaghetti per 500g,Euro,1.026
National Average Price,2018 November,Sirloin steak per kg,Euro,15.337
National Average Price,2018 November,Striploin steak per kg,Euro,20.175
National Average Price,2018 November,Roast beef - topside or rib per kg,Euro,12.88
National Average Price,2018 November,Sliced / diced beef pieces per kg,Euro,10.445
National Average Price,2018 November,Pork loin chops per kg,Euro,7.613
National Average Price,2018 November,Pork steak per kg,Euro,8.756
National Average Price,2018 November,Lamb - whole leg / half leg per kg,Euro,10.292
National Average Price,2018 November,Lamb loin chops per kg,Euro,17.996
National Average Price,2018 November,Lamb gigot chops per kg,Euro,
National Average Price,2018 November,Uncooked chicken medium size 1.6kg,Euro,4.641
National Average Price,2018 November,Lamb's liver per kg,Euro,5.891
National Average Price,2018 November,Ham fillet per kg,Euro,5.633
National Average Price,2018 November,Cooked ham per kg,Euro,18.095
National Average Price,2018 November,Best back rashers per kg,Euro,9.474
National Average Price,2018 November,Pork sausages per kg,Euro,5.889
National Average Price,2018 November,Fresh fillet of whiting per kg,Euro,
National Average Price,2018 November,Fresh fillet of cod per kg,Euro,15.509
National Average Price,2018 November,Fresh salmon per kg,Euro,20.926
National Average Price,2018 November,Fresh fillet of plaice per kg,Euro,
National Average Price,2018 November,Fresh hake per kg,Euro,14.857
National Average Price,2018 November,Smoked salmon per kg,Euro,31.748
National Average Price,2018 November,Full fat milk per 2 litre,Euro,1.685
National Average Price,2018 November,Low fat milk per 1 litre,Euro,1.03
National Average Price,2018 November,Irish cheddar per kg,Euro,9.934
National Average Price,2018 November,Large eggs per half dozen,Euro,1.724
National Average Price,2018 November,Medium eggs per half dozen,Euro,1.424
National Average Price,2018 November,Butter per lb,Euro,3.064
National Average Price,2018 November,Grapes per kg,Euro,4.675
National Average Price,2018 November,Bananas per kg,Euro,1.406
National Average Price,2018 November,Tomatoes per kg,Euro,3.133
National Average Price,2018 November,Onions per kg,Euro,1.126
National Average Price,2018 November,Broccoli per kg,Euro,2.541
National Average Price,2018 November,Carrots per kg,Euro,1.184
National Average Price,2018 November,Mushrooms per kg,Euro,3.352
National Average Price,2018 November,Tomatoes tinned per 400g,Euro,0.827
National Average Price,2018 November,Potatoes 2.5 kg,Euro,3.598
National Average Price,2018 November,Potatoes 7.5 kg,Euro,7.639
National Average Price,2018 November,Potatoes 10 kg,Euro,
National Average Price,2018 November,White granulated sugar per 1 kg,Euro,1.216
National Average Price,2018 November,Jam per lb,Euro,1.167
National Average Price,2018 November,Marmalade per lb,Euro,1.854
National Average Price,2018 November,Tea bags per 80,Euro,2.863
National Average Price,2018 November,Orange juice per litre,Euro,1.379
National Average Price,2018 November,Whiskey - take home (70cl bottle),Euro,22.869
National Average Price,2018 November,Brandy - take home (70cl bottle),Euro,28.245
National Average Price,2018 November,Vodka - take home (70cl bottle),Euro,19.115
National Average Price,2018 November,Cream liqueur - take home (70cl bottle),Euro,13.699
National Average Price,2018 November,Wine - take home (75cl bottle),Euro,
National Average Price,2018 November,Cider - take home (50cl can),Euro,2.088
National Average Price,2018 November,Sherry - take home (75cl bottle),Euro,
National Average Price,2018 November,Lager - take home (50cl can),Euro,1.994
National Average Price,2018 November,Stout - take home (50cl can),Euro,2.311
National Average Price,2018 November,Filtered cigarettes per 20 pk,Euro,12.572
National Average Price,2018 November,Stout - draught bar (1 pint),Euro,4.623
National Average Price,2018 November,Lager - draught bar (1 pint),Euro,5.004
National Average Price,2018 November,Lager - bar (33cl bottle),Euro,4.899
National Average Price,2018 November,Cider - draught bar (1 pint),Euro,5.118
National Average Price,2018 November,Ale - draught bar (1 pint),Euro,4.673
National Average Price,2018 November,Cider - bar (33cl bottle),Euro,5.062
National Average Price,2018 November,Flavoured alcoholic drink - bar (275ml bottle),Euro,5.584
National Average Price,2018 November,Whiskey - bar (single) per ½ glass,Euro,4.451
National Average Price,2018 November,Brandy - bar (single) per ½ glass,Euro,4.858
National Average Price,2018 November,Vodka - bar (single) per ½ glass,Euro,4.47
National Average Price,2018 November,Wine - bar (187ml bottle),Euro,
National Average Price,2018 November,Diesel per litre,Euro,1.406
National Average Price,2018 November,Petrol - unleaded per litre,Euro,1.483
National Average Price,2018 November,Cinema fee,Euro,10.055
National Average Price,2018 November,Nightclubs fee,Euro,9.335
National Average Price,2018 November,Gent's dry cut fee,Euro,12.925
National Average Price,2018 November,"Gent's wash, cut, and blow dry fee",Euro,
National Average Price,2018 November,"Ladies' wash, cut and blow dry fee",Euro,40.602
National Average Price,2018 December,"White, self raising flour per 2 kg",Euro,2.077
National Average Price,2018 December,"Brown, wholemeal flour per 2 kg",Euro,2.816
National Average Price,2018 December,"Bread, white sliced pan, large (800g)",Euro,1.295
National Average Price,2018 December,"Bread, brown sliced pan, large (800g)",Euro,1.398
National Average Price,2018 December,Spaghetti per 500g,Euro,1.031
National Average Price,2018 December,Sirloin steak per kg,Euro,14.766
National Average Price,2018 December,Striploin steak per kg,Euro,21.243
National Average Price,2018 December,Roast beef - topside or rib per kg,Euro,13.23
National Average Price,2018 December,Sliced / diced beef pieces per kg,Euro,10.367
National Average Price,2018 December,Pork loin chops per kg,Euro,7.514
National Average Price,2018 December,Pork steak per kg,Euro,8.877
National Average Price,2018 December,Lamb - whole leg / half leg per kg,Euro,11.328
National Average Price,2018 December,Lamb loin chops per kg,Euro,17.3
National Average Price,2018 December,Lamb gigot chops per kg,Euro,
National Average Price,2018 December,Uncooked chicken medium size 1.6kg,Euro,4.713
National Average Price,2018 December,Lamb's liver per kg,Euro,5.914
National Average Price,2018 December,Ham fillet per kg,Euro,5.449
National Average Price,2018 December,Cooked ham per kg,Euro,18.102
National Average Price,2018 December,Best back rashers per kg,Euro,9.198
National Average Price,2018 December,Pork sausages per kg,Euro,5.876
National Average Price,2018 December,Fresh fillet of whiting per kg,Euro,
National Average Price,2018 December,Fresh fillet of cod per kg,Euro,16.064
National Average Price,2018 December,Fresh salmon per kg,Euro,20.723
National Average Price,2018 December,Fresh fillet of plaice per kg,Euro,
National Average Price,2018 December,Fresh hake per kg,Euro,14.524
National Average Price,2018 December,Smoked salmon per kg,Euro,30.573
National Average Price,2018 December,Full fat milk per 2 litre,Euro,1.683
National Average Price,2018 December,Low fat milk per 1 litre,Euro,1.03
National Average Price,2018 December,Irish cheddar per kg,Euro,9.737
National Average Price,2018 December,Large eggs per half dozen,Euro,1.735
National Average Price,2018 December,Medium eggs per half dozen,Euro,1.428
National Average Price,2018 December,Butter per lb,Euro,3.052
National Average Price,2018 December,Grapes per kg,Euro,4.83
National Average Price,2018 December,Bananas per kg,Euro,1.396
National Average Price,2018 December,Tomatoes per kg,Euro,3.167
National Average Price,2018 December,Onions per kg,Euro,1.126
National Average Price,2018 December,Broccoli per kg,Euro,2.679
National Average Price,2018 December,Carrots per kg,Euro,1.224
National Average Price,2018 December,Mushrooms per kg,Euro,3.776
National Average Price,2018 December,Tomatoes tinned per 400g,Euro,0.852
National Average Price,2018 December,Potatoes 2.5 kg,Euro,3.557
National Average Price,2018 December,Potatoes 7.5 kg,Euro,7.688
National Average Price,2018 December,Potatoes 10 kg,Euro,
National Average Price,2018 December,White granulated sugar per 1 kg,Euro,1.213
National Average Price,2018 December,Jam per lb,Euro,1.13
National Average Price,2018 December,Marmalade per lb,Euro,1.911
National Average Price,2018 December,Tea bags per 80,Euro,2.799
National Average Price,2018 December,Orange juice per litre,Euro,1.366
National Average Price,2018 December,Whiskey - take home (70cl bottle),Euro,21.578
National Average Price,2018 December,Brandy - take home (70cl bottle),Euro,26.237
National Average Price,2018 December,Vodka - take home (70cl bottle),Euro,18.178
National Average Price,2018 December,Cream liqueur - take home (70cl bottle),Euro,12.362
National Average Price,2018 December,Wine - take home (75cl bottle),Euro,
National Average Price,2018 December,Cider - take home (50cl can),Euro,2.09
National Average Price,2018 December,Sherry - take home (75cl bottle),Euro,
National Average Price,2018 December,Lager - take home (50cl can),Euro,1.996
National Average Price,2018 December,Stout - take home (50cl can),Euro,2.309
National Average Price,2018 December,Filtered cigarettes per 20 pk,Euro,12.577
National Average Price,2018 December,Stout - draught bar (1 pint),Euro,4.626
National Average Price,2018 December,Lager - draught bar (1 pint),Euro,5.005
National Average Price,2018 December,Lager - bar (33cl bottle),Euro,4.9
National Average Price,2018 December,Cider - draught bar (1 pint),Euro,5.118
National Average Price,2018 December,Ale - draught bar (1 pint),Euro,4.676
National Average Price,2018 December,Cider - bar (33cl bottle),Euro,5.064
National Average Price,2018 December,Flavoured alcoholic drink - bar (275ml bottle),Euro,5.568
National Average Price,2018 December,Whiskey - bar (single) per ½ glass,Euro,4.454
National Average Price,2018 December,Brandy - bar (single) per ½ glass,Euro,4.853
National Average Price,2018 December,Vodka - bar (single) per ½ glass,Euro,4.475
National Average Price,2018 December,Wine - bar (187ml bottle),Euro,
National Average Price,2018 December,Diesel per litre,Euro,1.365
National Average Price,2018 December,Petrol - unleaded per litre,Euro,1.427
National Average Price,2018 December,Cinema fee,Euro,10.111
National Average Price,2018 December,Nightclubs fee,Euro,9.13
National Average Price,2018 December,Gent's dry cut fee,Euro,12.963
National Average Price,2018 December,"Gent's wash, cut, and blow dry fee",Euro,
National Average Price,2018 December,"Ladies' wash, cut and blow dry fee",Euro,40.873
National Average Price,2019 January,"White, self raising flour per 2 kg",Euro,2.194
National Average Price,2019 January,"Brown, wholemeal flour per 2 kg",Euro,2.832
National Average Price,2019 January,"Bread, white sliced pan, large (800g)",Euro,1.278
National Average Price,2019 January,"Bread, brown sliced pan, large (800g)",Euro,1.419
National Average Price,2019 January,Spaghetti per 500g,Euro,1.082
National Average Price,2019 January,Sirloin steak per kg,Euro,15.516
National Average Price,2019 January,Striploin steak per kg,Euro,20.552
National Average Price,2019 January,Roast beef - topside or rib per kg,Euro,13.524
National Average Price,2019 January,Sliced / diced beef pieces per kg,Euro,10.023
National Average Price,2019 January,Pork loin chops per kg,Euro,7.49
National Average Price,2019 January,Pork steak per kg,Euro,8.866
National Average Price,2019 January,Lamb - whole leg / half leg per kg,Euro,11.419
National Average Price,2019 January,Lamb loin chops per kg,Euro,16.837
National Average Price,2019 January,Lamb gigot chops per kg,Euro,
National Average Price,2019 January,Uncooked chicken medium size 1.6kg,Euro,4.693
National Average Price,2019 January,Lamb's liver per kg,Euro,5.876
National Average Price,2019 January,Ham fillet per kg,Euro,5.406
National Average Price,2019 January,Cooked ham per kg,Euro,17.472
National Average Price,2019 January,Best back rashers per kg,Euro,9.351
National Average Price,2019 January,Pork sausages per kg,Euro,5.94
National Average Price,2019 January,Fresh fillet of whiting per kg,Euro,
National Average Price,2019 January,Fresh fillet of cod per kg,Euro,17.281
National Average Price,2019 January,Fresh salmon per kg,Euro,20.81
National Average Price,2019 January,Fresh fillet of plaice per kg,Euro,
National Average Price,2019 January,Fresh hake per kg,Euro,15.965
National Average Price,2019 January,Smoked salmon per kg,Euro,31.234
National Average Price,2019 January,Full fat milk per 2 litre,Euro,1.678
National Average Price,2019 January,Low fat milk per 1 litre,Euro,1.035
National Average Price,2019 January,Irish cheddar per kg,Euro,9.854
National Average Price,2019 January,Large eggs per half dozen,Euro,1.747
National Average Price,2019 January,Medium eggs per half dozen,Euro,1.426
National Average Price,2019 January,Butter per lb,Euro,3.074
National Average Price,2019 January,Grapes per kg,Euro,4.822
National Average Price,2019 January,Bananas per kg,Euro,1.388
National Average Price,2019 January,Tomatoes per kg,Euro,3.117
National Average Price,2019 January,Onions per kg,Euro,1.138
National Average Price,2019 January,Broccoli per kg,Euro,2.699
National Average Price,2019 January,Carrots per kg,Euro,1.163
National Average Price,2019 January,Mushrooms per kg,Euro,3.62
National Average Price,2019 January,Tomatoes tinned per 400g,Euro,0.817
National Average Price,2019 January,Potatoes 2.5 kg,Euro,3.547
National Average Price,2019 January,Potatoes 7.5 kg,Euro,7.688
National Average Price,2019 January,Potatoes 10 kg,Euro,
National Average Price,2019 January,White granulated sugar per 1 kg,Euro,1.216
National Average Price,2019 January,Jam per lb,Euro,1.131
National Average Price,2019 January,Marmalade per lb,Euro,1.911
National Average Price,2019 January,Tea bags per 80,Euro,2.807
National Average Price,2019 January,Orange juice per litre,Euro,1.359
National Average Price,2019 January,Whiskey - take home (70cl bottle),Euro,24.675
National Average Price,2019 January,Brandy - take home (70cl bottle),Euro,31.534
National Average Price,2019 January,Vodka - take home (70cl bottle),Euro,19.053
National Average Price,2019 January,Cream liqueur - take home (70cl bottle),Euro,16.187
National Average Price,2019 January,Wine - take home (75cl bottle),Euro,
National Average Price,2019 January,Cider - take home (50cl can),Euro,2.085
National Average Price,2019 January,Sherry - take home (75cl bottle),Euro,
National Average Price,2019 January,Lager - take home (50cl can),Euro,2.001
National Average Price,2019 January,Stout - take home (50cl can),Euro,2.312
National Average Price,2019 January,Filtered cigarettes per 20 pk,Euro,12.566
National Average Price,2019 January,Stout - draught bar (1 pint),Euro,4.629
National Average Price,2019 January,Lager - draught bar (1 pint),Euro,5.012
National Average Price,2019 January,Lager - bar (33cl bottle),Euro,4.91
National Average Price,2019 January,Cider - draught bar (1 pint),Euro,5.124
National Average Price,2019 January,Ale - draught bar (1 pint),Euro,4.682
National Average Price,2019 January,Cider - bar (33cl bottle),Euro,5.07
National Average Price,2019 January,Flavoured alcoholic drink - bar (275ml bottle),Euro,5.581
National Average Price,2019 January,Whiskey - bar (single) per ½ glass,Euro,4.463
National Average Price,2019 January,Brandy - bar (single) per ½ glass,Euro,4.86
National Average Price,2019 January,Vodka - bar (single) per ½ glass,Euro,4.483
National Average Price,2019 January,Wine - bar (187ml bottle),Euro,
National Average Price,2019 January,Diesel per litre,Euro,1.286
National Average Price,2019 January,Petrol - unleaded per litre,Euro,1.339
National Average Price,2019 January,Cinema fee,Euro,10.295
National Average Price,2019 January,Nightclubs fee,Euro,9.163
National Average Price,2019 January,Gent's dry cut fee,Euro,13.258
National Average Price,2019 January,"Gent's wash, cut, and blow dry fee",Euro,
National Average Price,2019 January,"Ladies' wash, cut and blow dry fee",Euro,42.304
National Average Price,2019 February,"White, self raising flour per 2 kg",Euro,2.216
National Average Price,2019 February,"Brown, wholemeal flour per 2 kg",Euro,2.801
National Average Price,2019 February,"Bread, white sliced pan, large (800g)",Euro,1.3
National Average Price,2019 February,"Bread, brown sliced pan, large (800g)",Euro,1.419
National Average Price,2019 February,Spaghetti per 500g,Euro,1.027
National Average Price,2019 February,Sirloin steak per kg,Euro,14.223
National Average Price,2019 February,Striploin steak per kg,Euro,19.348
National Average Price,2019 February,Roast beef - topside or rib per kg,Euro,13.965
National Average Price,2019 February,Sliced / diced beef pieces per kg,Euro,9.872
National Average Price,2019 February,Pork loin chops per kg,Euro,7.103
National Average Price,2019 February,Pork steak per kg,Euro,8.842
National Average Price,2019 February,Lamb - whole leg / half leg per kg,Euro,10.765
National Average Price,2019 February,Lamb loin chops per kg,Euro,17.37
National Average Price,2019 February,Lamb gigot chops per kg,Euro,
National Average Price,2019 February,Uncooked chicken medium size 1.6kg,Euro,4.868
National Average Price,2019 February,Lamb's liver per kg,Euro,5.903
National Average Price,2019 February,Ham fillet per kg,Euro,5.474
National Average Price,2019 February,Cooked ham per kg,Euro,17.983
National Average Price,2019 February,Best back rashers per kg,Euro,9.554
National Average Price,2019 February,Pork sausages per kg,Euro,6.034
National Average Price,2019 February,Fresh fillet of whiting per kg,Euro,
National Average Price,2019 February,Fresh fillet of cod per kg,Euro,16.788
National Average Price,2019 February,Fresh salmon per kg,Euro,20.037
National Average Price,2019 February,Fresh fillet of plaice per kg,Euro,
National Average Price,2019 February,Fresh hake per kg,Euro,15.843
National Average Price,2019 February,Smoked salmon per kg,Euro,32.265
National Average Price,2019 February,Full fat milk per 2 litre,Euro,1.681
National Average Price,2019 February,Low fat milk per 1 litre,Euro,1.037
National Average Price,2019 February,Irish cheddar per kg,Euro,10.05
National Average Price,2019 February,Large eggs per half dozen,Euro,1.75
National Average Price,2019 February,Medium eggs per half dozen,Euro,1.422
National Average Price,2019 February,Butter per lb,Euro,3.063
National Average Price,2019 February,Grapes per kg,Euro,4.84
National Average Price,2019 February,Bananas per kg,Euro,1.402
National Average Price,2019 February,Tomatoes per kg,Euro,3.138
National Average Price,2019 February,Onions per kg,Euro,1.141
National Average Price,2019 February,Broccoli per kg,Euro,2.749
National Average Price,2019 February,Carrots per kg,Euro,1.226
National Average Price,2019 February,Mushrooms per kg,Euro,3.652
National Average Price,2019 February,Tomatoes tinned per 400g,Euro,0.833
National Average Price,2019 February,Potatoes 2.5 kg,Euro,3.625
National Average Price,2019 February,Potatoes 7.5 kg,Euro,7.709
National Average Price,2019 February,Potatoes 10 kg,Euro,
National Average Price,2019 February,White granulated sugar per 1 kg,Euro,1.221
National Average Price,2019 February,Jam per lb,Euro,1.1
National Average Price,2019 February,Marmalade per lb,Euro,1.828
National Average Price,2019 February,Tea bags per 80,Euro,2.742
National Average Price,2019 February,Orange juice per litre,Euro,1.373
National Average Price,2019 February,Whiskey - take home (70cl bottle),Euro,24.682
National Average Price,2019 February,Brandy - take home (70cl bottle),Euro,32.017
National Average Price,2019 February,Vodka - take home (70cl bottle),Euro,19.215
National Average Price,2019 February,Cream liqueur - take home (70cl bottle),Euro,14.577
National Average Price,2019 February,Wine - take home (75cl bottle),Euro,
National Average Price,2019 February,Cider - take home (50cl can),Euro,2.084
National Average Price,2019 February,Sherry - take home (75cl bottle),Euro,
National Average Price,2019 February,Lager - take home (50cl can),Euro,2
National Average Price,2019 February,Stout - take home (50cl can),Euro,2.325
National Average Price,2019 February,Filtered cigarettes per 20 pk,Euro,12.566
National Average Price,2019 February,Stout - draught bar (1 pint),Euro,4.637
National Average Price,2019 February,Lager - draught bar (1 pint),Euro,5.018
National Average Price,2019 February,Lager - bar (33cl bottle),Euro,4.914
National Average Price,2019 February,Cider - draught bar (1 pint),Euro,5.136
National Average Price,2019 February,Ale - draught bar (1 pint),Euro,4.689
National Average Price,2019 February,Cider - bar (33cl bottle),Euro,5.073
National Average Price,2019 February,Flavoured alcoholic drink - bar (275ml bottle),Euro,5.592
National Average Price,2019 February,Whiskey - bar (single) per ½ glass,Euro,4.474
National Average Price,2019 February,Brandy - bar (single) per ½ glass,Euro,4.868
National Average Price,2019 February,Vodka - bar (single) per ½ glass,Euro,4.493
National Average Price,2019 February,Wine - bar (187ml bottle),Euro,
National Average Price,2019 February,Diesel per litre,Euro,1.298
National Average Price,2019 February,Petrol - unleaded per litre,Euro,1.341
National Average Price,2019 February,Cinema fee,Euro,10.386
National Average Price,2019 February,Nightclubs fee,Euro,9.012
National Average Price,2019 February,Gent's dry cut fee,Euro,13.474
National Average Price,2019 February,"Gent's wash, cut, and blow dry fee",Euro,
National Average Price,2019 February,"Ladies' wash, cut and blow dry fee",Euro,42.521
National Average Price,2019 March,"White, self raising flour per 2 kg",Euro,2.191
National Average Price,2019 March,"Brown, wholemeal flour per 2 kg",Euro,2.793
National Average Price,2019 March,"Bread, white sliced pan, large (800g)",Euro,1.296
National Average Price,2019 March,"Bread, brown sliced pan, large (800g)",Euro,1.44
National Average Price,2019 March,Spaghetti per 500g,Euro,1.052
National Average Price,2019 March,Sirloin steak per kg,Euro,14.928
National Average Price,2019 March,Striploin steak per kg,Euro,19.786
National Average Price,2019 March,Roast beef - topside or rib per kg,Euro,14.075
National Average Price,2019 March,Sliced / diced beef pieces per kg,Euro,10.308
National Average Price,2019 March,Pork loin chops per kg,Euro,7.341
National Average Price,2019 March,Pork steak per kg,Euro,8.866
National Average Price,2019 March,Lamb - whole leg / half leg per kg,Euro,10.926
National Average Price,2019 March,Lamb loin chops per kg,Euro,17.089
National Average Price,2019 March,Lamb gigot chops per kg,Euro,
National Average Price,2019 March,Uncooked chicken medium size 1.6kg,Euro,4.681
National Average Price,2019 March,Lamb's liver per kg,Euro,5.913
National Average Price,2019 March,Ham fillet per kg,Euro,5.434
National Average Price,2019 March,Cooked ham per kg,Euro,17.82
National Average Price,2019 March,Best back rashers per kg,Euro,9.278
National Average Price,2019 March,Pork sausages per kg,Euro,5.938
National Average Price,2019 March,Fresh fillet of whiting per kg,Euro,
National Average Price,2019 March,Fresh fillet of cod per kg,Euro,16.485
National Average Price,2019 March,Fresh salmon per kg,Euro,21.041
National Average Price,2019 March,Fresh fillet of plaice per kg,Euro,
National Average Price,2019 March,Fresh hake per kg,Euro,14.015
National Average Price,2019 March,Smoked salmon per kg,Euro,32.62
National Average Price,2019 March,Full fat milk per 2 litre,Euro,1.679
National Average Price,2019 March,Low fat milk per 1 litre,Euro,1.034
National Average Price,2019 March,Irish cheddar per kg,Euro,9.969
National Average Price,2019 March,Large eggs per half dozen,Euro,1.758
National Average Price,2019 March,Medium eggs per half dozen,Euro,1.415
National Average Price,2019 March,Butter per lb,Euro,3.045
National Average Price,2019 March,Grapes per kg,Euro,4.851
National Average Price,2019 March,Bananas per kg,Euro,1.401
National Average Price,2019 March,Tomatoes per kg,Euro,3.119
National Average Price,2019 March,Onions per kg,Euro,1.131
National Average Price,2019 March,Broccoli per kg,Euro,2.651
National Average Price,2019 March,Carrots per kg,Euro,1.214
National Average Price,2019 March,Mushrooms per kg,Euro,3.739
National Average Price,2019 March,Tomatoes tinned per 400g,Euro,0.855
National Average Price,2019 March,Potatoes 2.5 kg,Euro,3.597
National Average Price,2019 March,Potatoes 7.5 kg,Euro,7.642
National Average Price,2019 March,Potatoes 10 kg,Euro,
National Average Price,2019 March,White granulated sugar per 1 kg,Euro,1.214
National Average Price,2019 March,Jam per lb,Euro,1.154
National Average Price,2019 March,Marmalade per lb,Euro,1.857
National Average Price,2019 March,Tea bags per 80,Euro,2.823
National Average Price,2019 March,Orange juice per litre,Euro,1.373
National Average Price,2019 March,Whiskey - take home (70cl bottle),Euro,22.584
National Average Price,2019 March,Brandy - take home (70cl bottle),Euro,29.965
National Average Price,2019 March,Vodka - take home (70cl bottle),Euro,19.127
National Average Price,2019 March,Cream liqueur - take home (70cl bottle),Euro,13.646
National Average Price,2019 March,Wine - take home (75cl bottle),Euro,
National Average Price,2019 March,Cider - take home (50cl can),Euro,2.082
National Average Price,2019 March,Sherry - take home (75cl bottle),Euro,
National Average Price,2019 March,Lager - take home (50cl can),Euro,2.001
National Average Price,2019 March,Stout - take home (50cl can),Euro,2.31
National Average Price,2019 March,Filtered cigarettes per 20 pk,Euro,12.714
National Average Price,2019 March,Stout - draught bar (1 pint),Euro,4.639
National Average Price,2019 March,Lager - draught bar (1 pint),Euro,5.031
National Average Price,2019 March,Lager - bar (33cl bottle),Euro,4.924
National Average Price,2019 March,Cider - draught bar (1 pint),Euro,5.142
National Average Price,2019 March,Ale - draught bar (1 pint),Euro,4.71
National Average Price,2019 March,Cider - bar (33cl bottle),Euro,5.095
National Average Price,2019 March,Flavoured alcoholic drink - bar (275ml bottle),Euro,5.605
National Average Price,2019 March,Whiskey - bar (single) per ½ glass,Euro,4.491
National Average Price,2019 March,Brandy - bar (single) per ½ glass,Euro,4.885
National Average Price,2019 March,Vodka - bar (single) per ½ glass,Euro,4.526
National Average Price,2019 March,Wine - bar (187ml bottle),Euro,
National Average Price,2019 March,Diesel per litre,Euro,1.329
National Average Price,2019 March,Petrol - unleaded per litre,Euro,1.365
National Average Price,2019 March,Cinema fee,Euro,10.33
National Average Price,2019 March,Nightclubs fee,Euro,9.283
National Average Price,2019 March,Gent's dry cut fee,Euro,13.473
National Average Price,2019 March,"Gent's wash, cut, and blow dry fee",Euro,
National Average Price,2019 March,"Ladies' wash, cut and blow dry fee",Euro,43.086
National Average Price,2019 April,"White, self raising flour per 2 kg",Euro,2.065
National Average Price,2019 April,"Brown, wholemeal flour per 2 kg",Euro,2.802
National Average Price,2019 April,"Bread, white sliced pan, large (800g)",Euro,1.299
National Average Price,2019 April,"Bread, brown sliced pan, large (800g)",Euro,1.46
National Average Price,2019 April,Spaghetti per 500g,Euro,1.064
National Average Price,2019 April,Sirloin steak per kg,Euro,15.001
National Average Price,2019 April,Striploin steak per kg,Euro,20.024
National Average Price,2019 April,Roast beef - topside or rib per kg,Euro,14.351
National Average Price,2019 April,Sliced / diced beef pieces per kg,Euro,10.014
National Average Price,2019 April,Pork loin chops per kg,Euro,7.925
National Average Price,2019 April,Pork steak per kg,Euro,8.394
National Average Price,2019 April,Lamb - whole leg / half leg per kg,Euro,11.702
National Average Price,2019 April,Lamb loin chops per kg,Euro,17.016
National Average Price,2019 April,Lamb gigot chops per kg,Euro,
National Average Price,2019 April,Uncooked chicken medium size 1.6kg,Euro,4.617
National Average Price,2019 April,Lamb's liver per kg,Euro,5.895
National Average Price,2019 April,Ham fillet per kg,Euro,5.494
National Average Price,2019 April,Cooked ham per kg,Euro,18.115
National Average Price,2019 April,Best back rashers per kg,Euro,9.351
National Average Price,2019 April,Pork sausages per kg,Euro,5.839
National Average Price,2019 April,Fresh fillet of whiting per kg,Euro,
National Average Price,2019 April,Fresh fillet of cod per kg,Euro,15.353
National Average Price,2019 April,Fresh salmon per kg,Euro,21.558
National Average Price,2019 April,Fresh fillet of plaice per kg,Euro,
National Average Price,2019 April,Fresh hake per kg,Euro,14.096
National Average Price,2019 April,Smoked salmon per kg,Euro,32.591
National Average Price,2019 April,Full fat milk per 2 litre,Euro,1.685
National Average Price,2019 April,Low fat milk per 1 litre,Euro,1.032
National Average Price,2019 April,Irish cheddar per kg,Euro,9.802
National Average Price,2019 April,Large eggs per half dozen,Euro,1.755
National Average Price,2019 April,Medium eggs per half dozen,Euro,1.416
National Average Price,2019 April,Butter per lb,Euro,3.047
National Average Price,2019 April,Grapes per kg,Euro,4.838
National Average Price,2019 April,Bananas per kg,Euro,1.407
National Average Price,2019 April,Tomatoes per kg,Euro,3.133
National Average Price,2019 April,Onions per kg,Euro,1.155
National Average Price,2019 April,Broccoli per kg,Euro,2.687
National Average Price,2019 April,Carrots per kg,Euro,1.217
National Average Price,2019 April,Mushrooms per kg,Euro,3.291
National Average Price,2019 April,Tomatoes tinned per 400g,Euro,0.843
National Average Price,2019 April,Potatoes 2.5 kg,Euro,3.614
National Average Price,2019 April,Potatoes 7.5 kg,Euro,7.761
National Average Price,2019 April,Potatoes 10 kg,Euro,
National Average Price,2019 April,White granulated sugar per 1 kg,Euro,1.213
National Average Price,2019 April,Jam per lb,Euro,1.105
National Average Price,2019 April,Marmalade per lb,Euro,1.912
National Average Price,2019 April,Tea bags per 80,Euro,2.806
National Average Price,2019 April,Orange juice per litre,Euro,1.373
National Average Price,2019 April,Whiskey - take home (70cl bottle),Euro,23.533
National Average Price,2019 April,Brandy - take home (70cl bottle),Euro,28.877
National Average Price,2019 April,Vodka - take home (70cl bottle),Euro,19.02
National Average Price,2019 April,Cream liqueur - take home (70cl bottle),Euro,14.492
National Average Price,2019 April,Wine - take home (75cl bottle),Euro,
National Average Price,2019 April,Cider - take home (50cl can),Euro,2.087
National Average Price,2019 April,Sherry - take home (75cl bottle),Euro,
National Average Price,2019 April,Lager - take home (50cl can),Euro,2.005
National Average Price,2019 April,Stout - take home (50cl can),Euro,2.31
National Average Price,2019 April,Filtered cigarettes per 20 pk,Euro,12.743
National Average Price,2019 April,Stout - draught bar (1 pint),Euro,4.641
National Average Price,2019 April,Lager - draught bar (1 pint),Euro,5.03
National Average Price,2019 April,Lager - bar (33cl bottle),Euro,4.931
National Average Price,2019 April,Cider - draught bar (1 pint),Euro,5.144
National Average Price,2019 April,Ale - draught bar (1 pint),Euro,4.709
National Average Price,2019 April,Cider - bar (33cl bottle),Euro,5.106
National Average Price,2019 April,Flavoured alcoholic drink - bar (275ml bottle),Euro,5.61
National Average Price,2019 April,Whiskey - bar (single) per ½ glass,Euro,4.483
National Average Price,2019 April,Brandy - bar (single) per ½ glass,Euro,4.882
National Average Price,2019 April,Vodka - bar (single) per ½ glass,Euro,4.517
National Average Price,2019 April,Wine - bar (187ml bottle),Euro,
National Average Price,2019 April,Diesel per litre,Euro,1.354
National Average Price,2019 April,Petrol - unleaded per litre,Euro,1.416
National Average Price,2019 April,Cinema fee,Euro,10.313
National Average Price,2019 April,Nightclubs fee,Euro,9.012
National Average Price,2019 April,Gent's dry cut fee,Euro,13.545
National Average Price,2019 April,"Gent's wash, cut, and blow dry fee",Euro,
National Average Price,2019 April,"Ladies' wash, cut and blow dry fee",Euro,42.76
National Average Price,2019 May,"White, self raising flour per 2 kg",Euro,2.182
National Average Price,2019 May,"Brown, wholemeal flour per 2 kg",Euro,2.799
National Average Price,2019 May,"Bread, white sliced pan, large (800g)",Euro,1.303
National Average Price,2019 May,"Bread, brown sliced pan, large (800g)",Euro,1.475
National Average Price,2019 May,Spaghetti per 500g,Euro,1.007
National Average Price,2019 May,Sirloin steak per kg,Euro,15.603
National Average Price,2019 May,Striploin steak per kg,Euro,20.902
National Average Price,2019 May,Roast beef - topside or rib per kg,Euro,14.416
National Average Price,2019 May,Sliced / diced beef pieces per kg,Euro,10.549
National Average Price,2019 May,Pork loin chops per kg,Euro,7.697
National Average Price,2019 May,Pork steak per kg,Euro,8.445
National Average Price,2019 May,Lamb - whole leg / half leg per kg,Euro,11.346
National Average Price,2019 May,Lamb loin chops per kg,Euro,17.438
National Average Price,2019 May,Lamb gigot chops per kg,Euro,
National Average Price,2019 May,Uncooked chicken medium size 1.6kg,Euro,4.708
National Average Price,2019 May,Lamb's liver per kg,Euro,5.902
National Average Price,2019 May,Ham fillet per kg,Euro,5.612
National Average Price,2019 May,Cooked ham per kg,Euro,17.707
National Average Price,2019 May,Best back rashers per kg,Euro,9.534
National Average Price,2019 May,Pork sausages per kg,Euro,6.039
National Average Price,2019 May,Fresh fillet of whiting per kg,Euro,
National Average Price,2019 May,Fresh fillet of cod per kg,Euro,16.351
National Average Price,2019 May,Fresh salmon per kg,Euro,21.539
National Average Price,2019 May,Fresh fillet of plaice per kg,Euro,
National Average Price,2019 May,Fresh hake per kg,Euro,14.603
National Average Price,2019 May,Smoked salmon per kg,Euro,32.906
National Average Price,2019 May,Full fat milk per 2 litre,Euro,1.685
National Average Price,2019 May,Low fat milk per 1 litre,Euro,1.029
National Average Price,2019 May,Irish cheddar per kg,Euro,10.049
National Average Price,2019 May,Large eggs per half dozen,Euro,1.768
National Average Price,2019 May,Medium eggs per half dozen,Euro,1.423
National Average Price,2019 May,Butter per lb,Euro,3.041
National Average Price,2019 May,Grapes per kg,Euro,4.868
National Average Price,2019 May,Bananas per kg,Euro,1.407
National Average Price,2019 May,Tomatoes per kg,Euro,3.127
National Average Price,2019 May,Onions per kg,Euro,1.201
National Average Price,2019 May,Broccoli per kg,Euro,2.747
National Average Price,2019 May,Carrots per kg,Euro,1.279
National Average Price,2019 May,Mushrooms per kg,Euro,3.712
National Average Price,2019 May,Tomatoes tinned per 400g,Euro,0.806
National Average Price,2019 May,Potatoes 2.5 kg,Euro,3.745
National Average Price,2019 May,Potatoes 7.5 kg,Euro,7.747
National Average Price,2019 May,Potatoes 10 kg,Euro,
National Average Price,2019 May,White granulated sugar per 1 kg,Euro,1.217
National Average Price,2019 May,Jam per lb,Euro,1.134
National Average Price,2019 May,Marmalade per lb,Euro,1.929
National Average Price,2019 May,Tea bags per 80,Euro,2.892
National Average Price,2019 May,Orange juice per litre,Euro,1.351
National Average Price,2019 May,Whiskey - take home (70cl bottle),Euro,23.615
National Average Price,2019 May,Brandy - take home (70cl bottle),Euro,31.517
National Average Price,2019 May,Vodka - take home (70cl bottle),Euro,19.038
National Average Price,2019 May,Cream liqueur - take home (70cl bottle),Euro,15.752
National Average Price,2019 May,Wine - take home (75cl bottle),Euro,
National Average Price,2019 May,Cider - take home (50cl can),Euro,2.084
National Average Price,2019 May,Sherry - take home (75cl bottle),Euro,
National Average Price,2019 May,Lager - take home (50cl can),Euro,1.973
National Average Price,2019 May,Stout - take home (50cl can),Euro,2.311
National Average Price,2019 May,Filtered cigarettes per 20 pk,Euro,12.798
National Average Price,2019 May,Stout - draught bar (1 pint),Euro,4.647
National Average Price,2019 May,Lager - draught bar (1 pint),Euro,5.035
National Average Price,2019 May,Lager - bar (33cl bottle),Euro,4.933
National Average Price,2019 May,Cider - draught bar (1 pint),Euro,5.153
National Average Price,2019 May,Ale - draught bar (1 pint),Euro,4.714
National Average Price,2019 May,Cider - bar (33cl bottle),Euro,5.09
National Average Price,2019 May,Flavoured alcoholic drink - bar (275ml bottle),Euro,5.614
National Average Price,2019 May,Whiskey - bar (single) per ½ glass,Euro,4.487
National Average Price,2019 May,Brandy - bar (single) per ½ glass,Euro,4.886
National Average Price,2019 May,Vodka - bar (single) per ½ glass,Euro,4.526
National Average Price,2019 May,Wine - bar (187ml bottle),Euro,
National Average Price,2019 May,Diesel per litre,Euro,1.375
National Average Price,2019 May,Petrol - unleaded per litre,Euro,1.472
National Average Price,2019 May,Cinema fee,Euro,10.34
National Average Price,2019 May,Nightclubs fee,Euro,9.038
National Average Price,2019 May,Gent's dry cut fee,Euro,13.643
National Average Price,2019 May,"Gent's wash, cut, and blow dry fee",Euro,
National Average Price,2019 May,"Ladies' wash, cut and blow dry fee",Euro,43.073
National Average Price,2019 June,"White, self raising flour per 2 kg",Euro,2.182
National Average Price,2019 June,"Brown, wholemeal flour per 2 kg",Euro,2.789
National Average Price,2019 June,"Bread, white sliced pan, large (800g)",Euro,1.301
National Average Price,2019 June,"Bread, brown sliced pan, large (800g)",Euro,1.491
National Average Price,2019 June,Spaghetti per 500g,Euro,1.079
National Average Price,2019 June,Sirloin steak per kg,Euro,14.183
National Average Price,2019 June,Striploin steak per kg,Euro,20.97
National Average Price,2019 June,Roast beef - topside or rib per kg,Euro,14.502
National Average Price,2019 June,Sliced / diced beef pieces per kg,Euro,9.952
National Average Price,2019 June,Pork loin chops per kg,Euro,7.813
National Average Price,2019 June,Pork steak per kg,Euro,8.692
National Average Price,2019 June,Lamb - whole leg / half leg per kg,Euro,11.373
National Average Price,2019 June,Lamb loin chops per kg,Euro,18.407
National Average Price,2019 June,Lamb gigot chops per kg,Euro,
National Average Price,2019 June,Uncooked chicken medium size 1.6kg,Euro,4.629
National Average Price,2019 June,Lamb's liver per kg,Euro,5.863
National Average Price,2019 June,Ham fillet per kg,Euro,5.651
National Average Price,2019 June,Cooked ham per kg,Euro,17.819
National Average Price,2019 June,Best back rashers per kg,Euro,9.456
National Average Price,2019 June,Pork sausages per kg,Euro,5.973
National Average Price,2019 June,Fresh fillet of whiting per kg,Euro,
National Average Price,2019 June,Fresh fillet of cod per kg,Euro,17.022
National Average Price,2019 June,Fresh salmon per kg,Euro,21.279
National Average Price,2019 June,Fresh fillet of plaice per kg,Euro,
National Average Price,2019 June,Fresh hake per kg,Euro,14.568
National Average Price,2019 June,Smoked salmon per kg,Euro,32.668
National Average Price,2019 June,Full fat milk per 2 litre,Euro,1.683
National Average Price,2019 June,Low fat milk per 1 litre,Euro,1.028
National Average Price,2019 June,Irish cheddar per kg,Euro,9.915
National Average Price,2019 June,Large eggs per half dozen,Euro,1.739
National Average Price,2019 June,Medium eggs per half dozen,Euro,1.421
National Average Price,2019 June,Butter per lb,Euro,3.037
National Average Price,2019 June,Grapes per kg,Euro,4.898
National Average Price,2019 June,Bananas per kg,Euro,1.403
National Average Price,2019 June,Tomatoes per kg,Euro,3.219
National Average Price,2019 June,Onions per kg,Euro,1.196
National Average Price,2019 June,Broccoli per kg,Euro,2.7
National Average Price,2019 June,Carrots per kg,Euro,1.13
National Average Price,2019 June,Mushrooms per kg,Euro,3.337
National Average Price,2019 June,Tomatoes tinned per 400g,Euro,0.866
National Average Price,2019 June,Potatoes 2.5 kg,Euro,3.73
National Average Price,2019 June,Potatoes 7.5 kg,Euro,7.793
National Average Price,2019 June,Potatoes 10 kg,Euro,
National Average Price,2019 June,White granulated sugar per 1 kg,Euro,1.212
National Average Price,2019 June,Jam per lb,Euro,1.134
National Average Price,2019 June,Marmalade per lb,Euro,1.853
National Average Price,2019 June,Tea bags per 80,Euro,2.779
National Average Price,2019 June,Orange juice per litre,Euro,1.355
National Average Price,2019 June,Whiskey - take home (70cl bottle),Euro,25.019
National Average Price,2019 June,Brandy - take home (70cl bottle),Euro,31.555
National Average Price,2019 June,Vodka - take home (70cl bottle),Euro,19.199
National Average Price,2019 June,Cream liqueur - take home (70cl bottle),Euro,15.755
National Average Price,2019 June,Wine - take home (75cl bottle),Euro,
National Average Price,2019 June,Cider - take home (50cl can),Euro,2.082
National Average Price,2019 June,Sherry - take home (75cl bottle),Euro,
National Average Price,2019 June,Lager - take home (50cl can),Euro,2.003
National Average Price,2019 June,Stout - take home (50cl can),Euro,2.306
National Average Price,2019 June,Filtered cigarettes per 20 pk,Euro,12.825
National Average Price,2019 June,Stout - draught bar (1 pint),Euro,4.65
National Average Price,2019 June,Lager - draught bar (1 pint),Euro,5.05
National Average Price,2019 June,Lager - bar (33cl bottle),Euro,4.939
National Average Price,2019 June,Cider - draught bar (1 pint),Euro,5.156
National Average Price,2019 June,Ale - draught bar (1 pint),Euro,4.719
National Average Price,2019 June,Cider - bar (33cl bottle),Euro,5.103
National Average Price,2019 June,Flavoured alcoholic drink - bar (275ml bottle),Euro,5.609
National Average Price,2019 June,Whiskey - bar (single) per ½ glass,Euro,4.488
National Average Price,2019 June,Brandy - bar (single) per ½ glass,Euro,4.888
National Average Price,2019 June,Vodka - bar (single) per ½ glass,Euro,4.532
National Average Price,2019 June,Wine - bar (187ml bottle),Euro,
National Average Price,2019 June,Diesel per litre,Euro,1.365
National Average Price,2019 June,Petrol - unleaded per litre,Euro,1.469
National Average Price,2019 June,Cinema fee,Euro,10.194
National Average Price,2019 June,Nightclubs fee,Euro,9.071
National Average Price,2019 June,Gent's dry cut fee,Euro,13.713
National Average Price,2019 June,"Gent's wash, cut, and blow dry fee",Euro,
National Average Price,2019 June,"Ladies' wash, cut and blow dry fee",Euro,43.054
National Average Price,2019 July,"White, self raising flour per 2 kg",Euro,2.181
National Average Price,2019 July,"Brown, wholemeal flour per 2 kg",Euro,2.746
National Average Price,2019 July,"Bread, white sliced pan, large (800g)",Euro,1.307
National Average Price,2019 July,"Bread, brown sliced pan, large (800g)",Euro,1.459
National Average Price,2019 July,Spaghetti per 500g,Euro,1.051
National Average Price,2019 July,Sirloin steak per kg,Euro,14.276
National Average Price,2019 July,Striploin steak per kg,Euro,19.508
National Average Price,2019 July,Roast beef - topside or rib per kg,Euro,14.357
National Average Price,2019 July,Sliced / diced beef pieces per kg,Euro,10.162
National Average Price,2019 July,Pork loin chops per kg,Euro,7.814
National Average Price,2019 July,Pork steak per kg,Euro,8.323
National Average Price,2019 July,Lamb - whole leg / half leg per kg,Euro,11.22
National Average Price,2019 July,Lamb loin chops per kg,Euro,17.865
National Average Price,2019 July,Lamb gigot chops per kg,Euro,
National Average Price,2019 July,Uncooked chicken medium size 1.6kg,Euro,4.617
National Average Price,2019 July,Lamb's liver per kg,Euro,5.934
National Average Price,2019 July,Ham fillet per kg,Euro,5.537
National Average Price,2019 July,Cooked ham per kg,Euro,18.36
National Average Price,2019 July,Best back rashers per kg,Euro,9.434
National Average Price,2019 July,Pork sausages per kg,Euro,6.054
National Average Price,2019 July,Fresh fillet of whiting per kg,Euro,
National Average Price,2019 July,Fresh fillet of cod per kg,Euro,16.708
National Average Price,2019 July,Fresh salmon per kg,Euro,21.65
National Average Price,2019 July,Fresh fillet of plaice per kg,Euro,
National Average Price,2019 July,Fresh hake per kg,Euro,14.375
National Average Price,2019 July,Smoked salmon per kg,Euro,32.793
National Average Price,2019 July,Full fat milk per 2 litre,Euro,1.684
National Average Price,2019 July,Low fat milk per 1 litre,Euro,1.031
National Average Price,2019 July,Irish cheddar per kg,Euro,10.312
National Average Price,2019 July,Large eggs per half dozen,Euro,1.761
National Average Price,2019 July,Medium eggs per half dozen,Euro,1.429
National Average Price,2019 July,Butter per lb,Euro,3.041
National Average Price,2019 July,Grapes per kg,Euro,4.919
National Average Price,2019 July,Bananas per kg,Euro,1.404
National Average Price,2019 July,Tomatoes per kg,Euro,3.254
National Average Price,2019 July,Onions per kg,Euro,1.234
National Average Price,2019 July,Broccoli per kg,Euro,2.707
National Average Price,2019 July,Carrots per kg,Euro,1.262
National Average Price,2019 July,Mushrooms per kg,Euro,3.395
National Average Price,2019 July,Tomatoes tinned per 400g,Euro,0.865
National Average Price,2019 July,Potatoes 2.5 kg,Euro,3.768
National Average Price,2019 July,Potatoes 7.5 kg,Euro,7.734
National Average Price,2019 July,Potatoes 10 kg,Euro,
National Average Price,2019 July,White granulated sugar per 1 kg,Euro,1.22
National Average Price,2019 July,Jam per lb,Euro,1.111
National Average Price,2019 July,Marmalade per lb,Euro,1.973
National Average Price,2019 July,Tea bags per 80,Euro,2.886
National Average Price,2019 July,Orange juice per litre,Euro,1.372
National Average Price,2019 July,Whiskey - take home (70cl bottle),Euro,25.872
National Average Price,2019 July,Brandy - take home (70cl bottle),Euro,32.382
National Average Price,2019 July,Vodka - take home (70cl bottle),Euro,19.26
National Average Price,2019 July,Cream liqueur - take home (70cl bottle),Euro,17.305
National Average Price,2019 July,Wine - take home (75cl bottle),Euro,
National Average Price,2019 July,Cider - take home (50cl can),Euro,2.085
National Average Price,2019 July,Sherry - take home (75cl bottle),Euro,
National Average Price,2019 July,Lager - take home (50cl can),Euro,2.007
National Average Price,2019 July,Stout - take home (50cl can),Euro,2.317
National Average Price,2019 July,Filtered cigarettes per 20 pk,Euro,12.822
National Average Price,2019 July,Stout - draught bar (1 pint),Euro,4.652
National Average Price,2019 July,Lager - draught bar (1 pint),Euro,5.047
National Average Price,2019 July,Lager - bar (33cl bottle),Euro,4.94
National Average Price,2019 July,Cider - draught bar (1 pint),Euro,5.163
National Average Price,2019 July,Ale - draught bar (1 pint),Euro,4.719
National Average Price,2019 July,Cider - bar (33cl bottle),Euro,5.097
National Average Price,2019 July,Flavoured alcoholic drink - bar (275ml bottle),Euro,5.602
National Average Price,2019 July,Whiskey - bar (single) per ½ glass,Euro,4.491
National Average Price,2019 July,Brandy - bar (single) per ½ glass,Euro,4.89
National Average Price,2019 July,Vodka - bar (single) per ½ glass,Euro,4.538
National Average Price,2019 July,Wine - bar (187ml bottle),Euro,
National Average Price,2019 July,Diesel per litre,Euro,1.319
National Average Price,2019 July,Petrol - unleaded per litre,Euro,1.427
National Average Price,2019 July,Cinema fee,Euro,10.218
National Average Price,2019 July,Nightclubs fee,Euro,9.071
National Average Price,2019 July,Gent's dry cut fee,Euro,13.725
National Average Price,2019 July,"Gent's wash, cut, and blow dry fee",Euro,
National Average Price,2019 July,"Ladies' wash, cut and blow dry fee",Euro,43.09
National Average Price,2019 August,"White, self raising flour per 2 kg",Euro,2.16
National Average Price,2019 August,"Brown, wholemeal flour per 2 kg",Euro,2.71
National Average Price,2019 August,"Bread, white sliced pan, large (800g)",Euro,1.312
National Average Price,2019 August,"Bread, brown sliced pan, large (800g)",Euro,1.468
National Average Price,2019 August,Spaghetti per 500g,Euro,1.095
National Average Price,2019 August,Sirloin steak per kg,Euro,15.357
National Average Price,2019 August,Striploin steak per kg,Euro,20.563
National Average Price,2019 August,Roast beef - topside or rib per kg,Euro,13.758
National Average Price,2019 August,Sliced / diced beef pieces per kg,Euro,10.572
National Average Price,2019 August,Pork loin chops per kg,Euro,7.548
National Average Price,2019 August,Pork steak per kg,Euro,8.353
National Average Price,2019 August,Lamb - whole leg / half leg per kg,Euro,11.494
National Average Price,2019 August,Lamb loin chops per kg,Euro,16.975
National Average Price,2019 August,Lamb gigot chops per kg,Euro,
National Average Price,2019 August,Uncooked chicken medium size 1.6kg,Euro,4.73
National Average Price,2019 August,Lamb's liver per kg,Euro,5.955
National Average Price,2019 August,Ham fillet per kg,Euro,5.517
National Average Price,2019 August,Cooked ham per kg,Euro,18.27
National Average Price,2019 August,Best back rashers per kg,Euro,9.433
National Average Price,2019 August,Pork sausages per kg,Euro,6.244
National Average Price,2019 August,Fresh fillet of whiting per kg,Euro,
National Average Price,2019 August,Fresh fillet of cod per kg,Euro,15.052
National Average Price,2019 August,Fresh salmon per kg,Euro,20.73
National Average Price,2019 August,Fresh fillet of plaice per kg,Euro,
National Average Price,2019 August,Fresh hake per kg,Euro,14.729
National Average Price,2019 August,Smoked salmon per kg,Euro,32.97
National Average Price,2019 August,Full fat milk per 2 litre,Euro,1.689
National Average Price,2019 August,Low fat milk per 1 litre,Euro,1.032
National Average Price,2019 August,Irish cheddar per kg,Euro,9.847
National Average Price,2019 August,Large eggs per half dozen,Euro,1.751
National Average Price,2019 August,Medium eggs per half dozen,Euro,1.428
National Average Price,2019 August,Butter per lb,Euro,3.034
National Average Price,2019 August,Grapes per kg,Euro,4.882
National Average Price,2019 August,Bananas per kg,Euro,1.404
National Average Price,2019 August,Tomatoes per kg,Euro,3.328
National Average Price,2019 August,Onions per kg,Euro,1.193
National Average Price,2019 August,Broccoli per kg,Euro,2.457
National Average Price,2019 August,Carrots per kg,Euro,1.197
National Average Price,2019 August,Mushrooms per kg,Euro,3.553
National Average Price,2019 August,Tomatoes tinned per 400g,Euro,0.876
National Average Price,2019 August,Potatoes 2.5 kg,Euro,3.773
National Average Price,2019 August,Potatoes 7.5 kg,Euro,7.651
National Average Price,2019 August,Potatoes 10 kg,Euro,
National Average Price,2019 August,White granulated sugar per 1 kg,Euro,1.206
National Average Price,2019 August,Jam per lb,Euro,1.116
National Average Price,2019 August,Marmalade per lb,Euro,1.819
National Average Price,2019 August,Tea bags per 80,Euro,2.802
National Average Price,2019 August,Orange juice per litre,Euro,1.37
National Average Price,2019 August,Whiskey - take home (70cl bottle),Euro,25.617
National Average Price,2019 August,Brandy - take home (70cl bottle),Euro,31.462
National Average Price,2019 August,Vodka - take home (70cl bottle),Euro,19.05
National Average Price,2019 August,Cream liqueur - take home (70cl bottle),Euro,17.648
National Average Price,2019 August,Wine - take home (75cl bottle),Euro,
National Average Price,2019 August,Cider - take home (50cl can),Euro,2.084
National Average Price,2019 August,Sherry - take home (75cl bottle),Euro,
National Average Price,2019 August,Lager - take home (50cl can),Euro,2.016
National Average Price,2019 August,Stout - take home (50cl can),Euro,2.317
National Average Price,2019 August,Filtered cigarettes per 20 pk,Euro,12.843
National Average Price,2019 August,Stout - draught bar (1 pint),Euro,4.655
National Average Price,2019 August,Lager - draught bar (1 pint),Euro,5.052
National Average Price,2019 August,Lager - bar (33cl bottle),Euro,4.942
National Average Price,2019 August,Cider - draught bar (1 pint),Euro,5.163
National Average Price,2019 August,Ale - draught bar (1 pint),Euro,4.724
National Average Price,2019 August,Cider - bar (33cl bottle),Euro,5.118
National Average Price,2019 August,Flavoured alcoholic drink - bar (275ml bottle),Euro,5.599
National Average Price,2019 August,Whiskey - bar (single) per ½ glass,Euro,4.497
National Average Price,2019 August,Brandy - bar (single) per ½ glass,Euro,4.894
National Average Price,2019 August,Vodka - bar (single) per ½ glass,Euro,4.543
National Average Price,2019 August,Wine - bar (187ml bottle),Euro,
National Average Price,2019 August,Diesel per litre,Euro,1.328
National Average Price,2019 August,Petrol - unleaded per litre,Euro,1.432
National Average Price,2019 August,Cinema fee,Euro,9.958
National Average Price,2019 August,Nightclubs fee,Euro,9.059
National Average Price,2019 August,Gent's dry cut fee,Euro,13.822
National Average Price,2019 August,"Gent's wash, cut, and blow dry fee",Euro,
National Average Price,2019 August,"Ladies' wash, cut and blow dry fee",Euro,43.247
National Average Price,2019 September,"White, self raising flour per 2 kg",Euro,2.098
National Average Price,2019 September,"Brown, wholemeal flour per 2 kg",Euro,2.668
National Average Price,2019 September,"Bread, white sliced pan, large (800g)",Euro,1.288
National Average Price,2019 September,"Bread, brown sliced pan, large (800g)",Euro,1.459
National Average Price,2019 September,Spaghetti per 500g,Euro,0.999
National Average Price,2019 September,Sirloin steak per kg,Euro,15.809
National Average Price,2019 September,Striploin steak per kg,Euro,20.58
National Average Price,2019 September,Roast beef - topside or rib per kg,Euro,14.2
National Average Price,2019 September,Sliced / diced beef pieces per kg,Euro,10.616
National Average Price,2019 September,Pork loin chops per kg,Euro,8.531
National Average Price,2019 September,Pork steak per kg,Euro,8.656
National Average Price,2019 September,Lamb - whole leg / half leg per kg,Euro,10.213
National Average Price,2019 September,Lamb loin chops per kg,Euro,16.089
National Average Price,2019 September,Lamb gigot chops per kg,Euro,
National Average Price,2019 September,Uncooked chicken medium size 1.6kg,Euro,4.757
National Average Price,2019 September,Lamb's liver per kg,Euro,5.918
National Average Price,2019 September,Ham fillet per kg,Euro,5.533
National Average Price,2019 September,Cooked ham per kg,Euro,18.258
National Average Price,2019 September,Best back rashers per kg,Euro,9.541
National Average Price,2019 September,Pork sausages per kg,Euro,6.163
National Average Price,2019 September,Fresh fillet of whiting per kg,Euro,
National Average Price,2019 September,Fresh fillet of cod per kg,Euro,16.956
National Average Price,2019 September,Fresh salmon per kg,Euro,21.609
National Average Price,2019 September,Fresh fillet of plaice per kg,Euro,
National Average Price,2019 September,Fresh hake per kg,Euro,14.182
National Average Price,2019 September,Smoked salmon per kg,Euro,32.199
National Average Price,2019 September,Full fat milk per 2 litre,Euro,1.684
National Average Price,2019 September,Low fat milk per 1 litre,Euro,1.032
National Average Price,2019 September,Irish cheddar per kg,Euro,9.196
National Average Price,2019 September,Large eggs per half dozen,Euro,1.754
National Average Price,2019 September,Medium eggs per half dozen,Euro,1.426
National Average Price,2019 September,Butter per lb,Euro,3.014
National Average Price,2019 September,Grapes per kg,Euro,4.91
National Average Price,2019 September,Bananas per kg,Euro,1.401
National Average Price,2019 September,Tomatoes per kg,Euro,3.408
National Average Price,2019 September,Onions per kg,Euro,1.207
National Average Price,2019 September,Broccoli per kg,Euro,2.551
National Average Price,2019 September,Carrots per kg,Euro,1.091
National Average Price,2019 September,Mushrooms per kg,Euro,3.789
National Average Price,2019 September,Tomatoes tinned per 400g,Euro,0.796
National Average Price,2019 September,Potatoes 2.5 kg,Euro,3.769
National Average Price,2019 September,Potatoes 7.5 kg,Euro,7.222
National Average Price,2019 September,Potatoes 10 kg,Euro,
National Average Price,2019 September,White granulated sugar per 1 kg,Euro,1.189
National Average Price,2019 September,Jam per lb,Euro,1.004
National Average Price,2019 September,Marmalade per lb,Euro,1.709
National Average Price,2019 September,Tea bags per 80,Euro,2.78
National Average Price,2019 September,Orange juice per litre,Euro,1.366
National Average Price,2019 September,Whiskey - take home (70cl bottle),Euro,25.41
National Average Price,2019 September,Brandy - take home (70cl bottle),Euro,32.03
National Average Price,2019 September,Vodka - take home (70cl bottle),Euro,19.088
National Average Price,2019 September,Cream liqueur - take home (70cl bottle),Euro,17.772
National Average Price,2019 September,Wine - take home (75cl bottle),Euro,
National Average Price,2019 September,Cider - take home (50cl can),Euro,2.071
National Average Price,2019 September,Sherry - take home (75cl bottle),Euro,
National Average Price,2019 September,Lager - take home (50cl can),Euro,1.994
National Average Price,2019 September,Stout - take home (50cl can),Euro,2.337
National Average Price,2019 September,Filtered cigarettes per 20 pk,Euro,12.83
National Average Price,2019 September,Stout - draught bar (1 pint),Euro,4.657
National Average Price,2019 September,Lager - draught bar (1 pint),Euro,5.058
National Average Price,2019 September,Lager - bar (33cl bottle),Euro,4.948
National Average Price,2019 September,Cider - draught bar (1 pint),Euro,5.171
National Average Price,2019 September,Ale - draught bar (1 pint),Euro,4.727
National Average Price,2019 September,Cider - bar (33cl bottle),Euro,5.115
National Average Price,2019 September,Flavoured alcoholic drink - bar (275ml bottle),Euro,5.595
National Average Price,2019 September,Whiskey - bar (single) per ½ glass,Euro,4.511
National Average Price,2019 September,Brandy - bar (single) per ½ glass,Euro,4.902
National Average Price,2019 September,Vodka - bar (single) per ½ glass,Euro,4.55
National Average Price,2019 September,Wine - bar (187ml bottle),Euro,
National Average Price,2019 September,Diesel per litre,Euro,1.326
National Average Price,2019 September,Petrol - unleaded per litre,Euro,1.43
National Average Price,2019 September,Cinema fee,Euro,10.229
National Average Price,2019 September,Nightclubs fee,Euro,8.977
National Average Price,2019 September,Gent's dry cut fee,Euro,13.804
National Average Price,2019 September,"Gent's wash, cut, and blow dry fee",Euro,
National Average Price,2019 September,"Ladies' wash, cut and blow dry fee",Euro,43.612
National Average Price,2019 October,"White, self raising flour per 2 kg",Euro,2.097
National Average Price,2019 October,"Brown, wholemeal flour per 2 kg",Euro,2.772
National Average Price,2019 October,"Bread, white sliced pan, large (800g)",Euro,1.292
National Average Price,2019 October,"Bread, brown sliced pan, large (800g)",Euro,1.462
National Average Price,2019 October,Spaghetti per 500g,Euro,1.098
National Average Price,2019 October,Sirloin steak per kg,Euro,15.668
National Average Price,2019 October,Striploin steak per kg,Euro,21.593
National Average Price,2019 October,Roast beef - topside or rib per kg,Euro,14.41
National Average Price,2019 October,Sliced / diced beef pieces per kg,Euro,9.807
National Average Price,2019 October,Pork loin chops per kg,Euro,8.112
National Average Price,2019 October,Pork steak per kg,Euro,8.689
National Average Price,2019 October,Lamb - whole leg / half leg per kg,Euro,9.719
National Average Price,2019 October,Lamb loin chops per kg,Euro,17.603
National Average Price,2019 October,Lamb gigot chops per kg,Euro,
National Average Price,2019 October,Uncooked chicken medium size 1.6kg,Euro,4.771
National Average Price,2019 October,Lamb's liver per kg,Euro,5.898
National Average Price,2019 October,Ham fillet per kg,Euro,5.583
National Average Price,2019 October,Cooked ham per kg,Euro,18.285
National Average Price,2019 October,Best back rashers per kg,Euro,9.553
National Average Price,2019 October,Pork sausages per kg,Euro,6.219
National Average Price,2019 October,Fresh fillet of whiting per kg,Euro,
National Average Price,2019 October,Fresh fillet of cod per kg,Euro,15.09
National Average Price,2019 October,Fresh salmon per kg,Euro,20.82
National Average Price,2019 October,Fresh fillet of plaice per kg,Euro,
National Average Price,2019 October,Fresh hake per kg,Euro,14.689
National Average Price,2019 October,Smoked salmon per kg,Euro,32.117
National Average Price,2019 October,Full fat milk per 2 litre,Euro,1.689
National Average Price,2019 October,Low fat milk per 1 litre,Euro,1.038
National Average Price,2019 October,Irish cheddar per kg,Euro,9.774
National Average Price,2019 October,Large eggs per half dozen,Euro,1.754
National Average Price,2019 October,Medium eggs per half dozen,Euro,1.431
National Average Price,2019 October,Butter per lb,Euro,3.018
National Average Price,2019 October,Grapes per kg,Euro,4.955
National Average Price,2019 October,Bananas per kg,Euro,1.402
National Average Price,2019 October,Tomatoes per kg,Euro,3.421
National Average Price,2019 October,Onions per kg,Euro,1.201
National Average Price,2019 October,Broccoli per kg,Euro,2.522
National Average Price,2019 October,Carrots per kg,Euro,1.111
National Average Price,2019 October,Mushrooms per kg,Euro,3.763
National Average Price,2019 October,Tomatoes tinned per 400g,Euro,0.85
National Average Price,2019 October,Potatoes 2.5 kg,Euro,3.558
National Average Price,2019 October,Potatoes 7.5 kg,Euro,6.739
National Average Price,2019 October,Potatoes 10 kg,Euro,
National Average Price,2019 October,White granulated sugar per 1 kg,Euro,1.192
National Average Price,2019 October,Jam per lb,Euro,1
National Average Price,2019 October,Marmalade per lb,Euro,1.845
National Average Price,2019 October,Tea bags per 80,Euro,2.89
National Average Price,2019 October,Orange juice per litre,Euro,1.365
National Average Price,2019 October,Whiskey - take home (70cl bottle),Euro,23.674
National Average Price,2019 October,Brandy - take home (70cl bottle),Euro,32.461
National Average Price,2019 October,Vodka - take home (70cl bottle),Euro,19.387
National Average Price,2019 October,Cream liqueur - take home (70cl bottle),Euro,17.582
National Average Price,2019 October,Wine - take home (75cl bottle),Euro,
National Average Price,2019 October,Cider - take home (50cl can),Euro,2.081
National Average Price,2019 October,Sherry - take home (75cl bottle),Euro,
National Average Price,2019 October,Lager - take home (50cl can),Euro,1.992
National Average Price,2019 October,Stout - take home (50cl can),Euro,2.347
National Average Price,2019 October,Filtered cigarettes per 20 pk,Euro,13.084
National Average Price,2019 October,Stout - draught bar (1 pint),Euro,4.653
National Average Price,2019 October,Lager - draught bar (1 pint),Euro,5.051
National Average Price,2019 October,Lager - bar (33cl bottle),Euro,4.945
National Average Price,2019 October,Cider - draught bar (1 pint),Euro,5.166
National Average Price,2019 October,Ale - draught bar (1 pint),Euro,4.725
National Average Price,2019 October,Cider - bar (33cl bottle),Euro,5.112
National Average Price,2019 October,Flavoured alcoholic drink - bar (275ml bottle),Euro,5.587
National Average Price,2019 October,Whiskey - bar (single) per ½ glass,Euro,4.506
National Average Price,2019 October,Brandy - bar (single) per ½ glass,Euro,4.905
National Average Price,2019 October,Vodka - bar (single) per ½ glass,Euro,4.544
National Average Price,2019 October,Wine - bar (187ml bottle),Euro,
National Average Price,2019 October,Diesel per litre,Euro,1.351
National Average Price,2019 October,Petrol - unleaded per litre,Euro,1.449
National Average Price,2019 October,Cinema fee,Euro,10.281
National Average Price,2019 October,Nightclubs fee,Euro,9.044
National Average Price,2019 October,Gent's dry cut fee,Euro,13.854
National Average Price,2019 October,"Gent's wash, cut, and blow dry fee",Euro,
National Average Price,2019 October,"Ladies' wash, cut and blow dry fee",Euro,43.252
National Average Price,2019 November,"White, self raising flour per 2 kg",Euro,2.053
National Average Price,2019 November,"Brown, wholemeal flour per 2 kg",Euro,2.728
National Average Price,2019 November,"Bread, white sliced pan, large (800g)",Euro,1.289
National Average Price,2019 November,"Bread, brown sliced pan, large (800g)",Euro,1.458
National Average Price,2019 November,Spaghetti per 500g,Euro,1.06
National Average Price,2019 November,Sirloin steak per kg,Euro,15.73
National Average Price,2019 November,Striploin steak per kg,Euro,19.379
National Average Price,2019 November,Roast beef - topside or rib per kg,Euro,13.953
National Average Price,2019 November,Sliced / diced beef pieces per kg,Euro,10.564
National Average Price,2019 November,Pork loin chops per kg,Euro,7.729
National Average Price,2019 November,Pork steak per kg,Euro,8.755
National Average Price,2019 November,Lamb - whole leg / half leg per kg,Euro,10.338
National Average Price,2019 November,Lamb loin chops per kg,Euro,17.966
National Average Price,2019 November,Lamb gigot chops per kg,Euro,
National Average Price,2019 November,Uncooked chicken medium size 1.6kg,Euro,4.541
National Average Price,2019 November,Lamb's liver per kg,Euro,5.877
National Average Price,2019 November,Ham fillet per kg,Euro,5.622
National Average Price,2019 November,Cooked ham per kg,Euro,17.717
National Average Price,2019 November,Best back rashers per kg,Euro,9.413
National Average Price,2019 November,Pork sausages per kg,Euro,6.189
National Average Price,2019 November,Fresh fillet of whiting per kg,Euro,
National Average Price,2019 November,Fresh fillet of cod per kg,Euro,15.79
National Average Price,2019 November,Fresh salmon per kg,Euro,18.982
National Average Price,2019 November,Fresh fillet of plaice per kg,Euro,
National Average Price,2019 November,Fresh hake per kg,Euro,14.953
National Average Price,2019 November,Smoked salmon per kg,Euro,32.708
National Average Price,2019 November,Full fat milk per 2 litre,Euro,1.689
National Average Price,2019 November,Low fat milk per 1 litre,Euro,1.038
National Average Price,2019 November,Irish cheddar per kg,Euro,9.589
National Average Price,2019 November,Large eggs per half dozen,Euro,1.759
National Average Price,2019 November,Medium eggs per half dozen,Euro,1.447
National Average Price,2019 November,Butter per lb,Euro,3.012
National Average Price,2019 November,Grapes per kg,Euro,4.888
National Average Price,2019 November,Bananas per kg,Euro,1.398
National Average Price,2019 November,Tomatoes per kg,Euro,3.41
National Average Price,2019 November,Onions per kg,Euro,1.191
National Average Price,2019 November,Broccoli per kg,Euro,2.663
National Average Price,2019 November,Carrots per kg,Euro,1.131
National Average Price,2019 November,Mushrooms per kg,Euro,3.746
National Average Price,2019 November,Tomatoes tinned per 400g,Euro,0.85
National Average Price,2019 November,Potatoes 2.5 kg,Euro,3.489
National Average Price,2019 November,Potatoes 7.5 kg,Euro,6.621
National Average Price,2019 November,Potatoes 10 kg,Euro,
National Average Price,2019 November,White granulated sugar per 1 kg,Euro,1.177
National Average Price,2019 November,Jam per lb,Euro,0.995
National Average Price,2019 November,Marmalade per lb,Euro,1.875
National Average Price,2019 November,Tea bags per 80,Euro,2.894
National Average Price,2019 November,Orange juice per litre,Euro,1.355
National Average Price,2019 November,Whiskey - take home (70cl bottle),Euro,22.573
National Average Price,2019 November,Brandy - take home (70cl bottle),Euro,27.381
National Average Price,2019 November,Vodka - take home (70cl bottle),Euro,19.076
National Average Price,2019 November,Cream liqueur - take home (70cl bottle),Euro,14.253
National Average Price,2019 November,Wine - take home (75cl bottle),Euro,
National Average Price,2019 November,Cider - take home (50cl can),Euro,2.074
National Average Price,2019 November,Sherry - take home (75cl bottle),Euro,
National Average Price,2019 November,Lager - take home (50cl can),Euro,1.996
National Average Price,2019 November,Stout - take home (50cl can),Euro,2.335
National Average Price,2019 November,Filtered cigarettes per 20 pk,Euro,13.329
National Average Price,2019 November,Stout - draught bar (1 pint),Euro,4.66
National Average Price,2019 November,Lager - draught bar (1 pint),Euro,5.059
National Average Price,2019 November,Lager - bar (33cl bottle),Euro,4.954
National Average Price,2019 November,Cider - draught bar (1 pint),Euro,5.17
National Average Price,2019 November,Ale - draught bar (1 pint),Euro,4.727
National Average Price,2019 November,Cider - bar (33cl bottle),Euro,5.13
National Average Price,2019 November,Flavoured alcoholic drink - bar (275ml bottle),Euro,5.597
National Average Price,2019 November,Whiskey - bar (single) per ½ glass,Euro,4.522
National Average Price,2019 November,Brandy - bar (single) per ½ glass,Euro,4.922
National Average Price,2019 November,Vodka - bar (single) per ½ glass,Euro,4.558
National Average Price,2019 November,Wine - bar (187ml bottle),Euro,
National Average Price,2019 November,Diesel per litre,Euro,1.343
National Average Price,2019 November,Petrol - unleaded per litre,Euro,1.438
National Average Price,2019 November,Cinema fee,Euro,10.256
National Average Price,2019 November,Nightclubs fee,Euro,8.935
National Average Price,2019 November,Gent's dry cut fee,Euro,13.919
National Average Price,2019 November,"Gent's wash, cut, and blow dry fee",Euro,
National Average Price,2019 November,"Ladies' wash, cut and blow dry fee",Euro,43.423
National Average Price,2019 December,"White, self raising flour per 2 kg",Euro,2.054
National Average Price,2019 December,"Brown, wholemeal flour per 2 kg",Euro,2.745
National Average Price,2019 December,"Bread, white sliced pan, large (800g)",Euro,1.297
National Average Price,2019 December,"Bread, brown sliced pan, large (800g)",Euro,1.456
National Average Price,2019 December,Spaghetti per 500g,Euro,1.063
National Average Price,2019 December,Sirloin steak per kg,Euro,15.677
National Average Price,2019 December,Striploin steak per kg,Euro,20.448
National Average Price,2019 December,Roast beef - topside or rib per kg,Euro,13.839
National Average Price,2019 December,Sliced / diced beef pieces per kg,Euro,10.491
National Average Price,2019 December,Pork loin chops per kg,Euro,8.137
National Average Price,2019 December,Pork steak per kg,Euro,8.966
National Average Price,2019 December,Lamb - whole leg / half leg per kg,Euro,9.923
National Average Price,2019 December,Lamb loin chops per kg,Euro,17.107
National Average Price,2019 December,Lamb gigot chops per kg,Euro,
National Average Price,2019 December,Uncooked chicken medium size 1.6kg,Euro,4.813
National Average Price,2019 December,Lamb's liver per kg,Euro,5.884
National Average Price,2019 December,Ham fillet per kg,Euro,5.586
National Average Price,2019 December,Cooked ham per kg,Euro,18.512
National Average Price,2019 December,Best back rashers per kg,Euro,9.382
National Average Price,2019 December,Pork sausages per kg,Euro,6.248
National Average Price,2019 December,Fresh fillet of whiting per kg,Euro,
National Average Price,2019 December,Fresh fillet of cod per kg,Euro,15.998
National Average Price,2019 December,Fresh salmon per kg,Euro,22.006
National Average Price,2019 December,Fresh fillet of plaice per kg,Euro,
National Average Price,2019 December,Fresh hake per kg,Euro,15.705
National Average Price,2019 December,Smoked salmon per kg,Euro,30.747
National Average Price,2019 December,Full fat milk per 2 litre,Euro,1.688
National Average Price,2019 December,Low fat milk per 1 litre,Euro,1.039
National Average Price,2019 December,Irish cheddar per kg,Euro,9.726
National Average Price,2019 December,Large eggs per half dozen,Euro,1.76
National Average Price,2019 December,Medium eggs per half dozen,Euro,1.434
National Average Price,2019 December,Butter per lb,Euro,3.015
National Average Price,2019 December,Grapes per kg,Euro,4.973
National Average Price,2019 December,Bananas per kg,Euro,1.402
National Average Price,2019 December,Tomatoes per kg,Euro,3.405
National Average Price,2019 December,Onions per kg,Euro,1.229
National Average Price,2019 December,Broccoli per kg,Euro,2.834
National Average Price,2019 December,Carrots per kg,Euro,1.143
National Average Price,2019 December,Mushrooms per kg,Euro,3.7
National Average Price,2019 December,Tomatoes tinned per 400g,Euro,0.842
National Average Price,2019 December,Potatoes 2.5 kg,Euro,3.51
National Average Price,2019 December,Potatoes 7.5 kg,Euro,6.563
National Average Price,2019 December,Potatoes 10 kg,Euro,
National Average Price,2019 December,White granulated sugar per 1 kg,Euro,1.167
National Average Price,2019 December,Jam per lb,Euro,0.986
National Average Price,2019 December,Marmalade per lb,Euro,1.726
National Average Price,2019 December,Tea bags per 80,Euro,2.891
National Average Price,2019 December,Orange juice per litre,Euro,1.379
National Average Price,2019 December,Whiskey - take home (70cl bottle),Euro,21.713
National Average Price,2019 December,Brandy - take home (70cl bottle),Euro,26.713
National Average Price,2019 December,Vodka - take home (70cl bottle),Euro,19.105
National Average Price,2019 December,Cream liqueur - take home (70cl bottle),Euro,12.329
National Average Price,2019 December,Wine - take home (75cl bottle),Euro,
National Average Price,2019 December,Cider - take home (50cl can),Euro,2.08
National Average Price,2019 December,Sherry - take home (75cl bottle),Euro,
National Average Price,2019 December,Lager - take home (50cl can),Euro,1.995
National Average Price,2019 December,Stout - take home (50cl can),Euro,2.336
National Average Price,2019 December,Filtered cigarettes per 20 pk,Euro,13.347
National Average Price,2019 December,Stout - draught bar (1 pint),Euro,4.66
National Average Price,2019 December,Lager - draught bar (1 pint),Euro,5.059
National Average Price,2019 December,Lager - bar (33cl bottle),Euro,4.95
National Average Price,2019 December,Cider - draught bar (1 pint),Euro,5.177
National Average Price,2019 December,Ale - draught bar (1 pint),Euro,4.732
National Average Price,2019 December,Cider - bar (33cl bottle),Euro,5.119
National Average Price,2019 December,Flavoured alcoholic drink - bar (275ml bottle),Euro,5.591
National Average Price,2019 December,Whiskey - bar (single) per ½ glass,Euro,4.523
National Average Price,2019 December,Brandy - bar (single) per ½ glass,Euro,4.918
National Average Price,2019 December,Vodka - bar (single) per ½ glass,Euro,4.558
National Average Price,2019 December,Wine - bar (187ml bottle),Euro,
National Average Price,2019 December,Diesel per litre,Euro,1.354
National Average Price,2019 December,Petrol - unleaded per litre,Euro,1.448
National Average Price,2019 December,Cinema fee,Euro,10.35
National Average Price,2019 December,Nightclubs fee,Euro,8.956
National Average Price,2019 December,Gent's dry cut fee,Euro,13.986
National Average Price,2019 December,"Gent's wash, cut, and blow dry fee",Euro,
National Average Price,2019 December,"Ladies' wash, cut and blow dry fee",Euro,43.21
National Average Price,2020 January,"White, self raising flour per 2 kg",Euro,2.163
National Average Price,2020 January,"Brown, wholemeal flour per 2 kg",Euro,2.72
National Average Price,2020 January,"Bread, white sliced pan, large (800g)",Euro,1.288
National Average Price,2020 January,"Bread, brown sliced pan, large (800g)",Euro,1.476
National Average Price,2020 January,Spaghetti per 500g,Euro,1.06
National Average Price,2020 January,Sirloin steak per kg,Euro,15.766
National Average Price,2020 January,Striploin steak per kg,Euro,19.289
National Average Price,2020 January,Roast beef - topside or rib per kg,Euro,13.778
National Average Price,2020 January,Sliced / diced beef pieces per kg,Euro,10.359
National Average Price,2020 January,Pork loin chops per kg,Euro,8.528
National Average Price,2020 January,Pork steak per kg,Euro,8.596
National Average Price,2020 January,Lamb - whole leg / half leg per kg,Euro,10.943
National Average Price,2020 January,Lamb loin chops per kg,Euro,17.514
National Average Price,2020 January,Lamb gigot chops per kg,Euro,
National Average Price,2020 January,Uncooked chicken medium size 1.6kg,Euro,4.875
National Average Price,2020 January,Lamb's liver per kg,Euro,5.892
National Average Price,2020 January,Ham fillet per kg,Euro,5.733
National Average Price,2020 January,Cooked ham per kg,Euro,18.058
National Average Price,2020 January,Best back rashers per kg,Euro,9.342
National Average Price,2020 January,Pork sausages per kg,Euro,6.263
National Average Price,2020 January,Fresh fillet of whiting per kg,Euro,
National Average Price,2020 January,Fresh fillet of cod per kg,Euro,16.163
National Average Price,2020 January,Fresh salmon per kg,Euro,21.694
National Average Price,2020 January,Fresh fillet of plaice per kg,Euro,
National Average Price,2020 January,Fresh hake per kg,Euro,16.566
National Average Price,2020 January,Smoked salmon per kg,Euro,31.796
National Average Price,2020 January,Full fat milk per 2 litre,Euro,1.688
National Average Price,2020 January,Low fat milk per 1 litre,Euro,1.036
National Average Price,2020 January,Irish cheddar per kg,Euro,9.902
National Average Price,2020 January,Large eggs per half dozen,Euro,1.745
National Average Price,2020 January,Medium eggs per half dozen,Euro,1.431
National Average Price,2020 January,Butter per lb,Euro,3.02
National Average Price,2020 January,Grapes per kg,Euro,4.976
National Average Price,2020 January,Bananas per kg,Euro,1.405
National Average Price,2020 January,Tomatoes per kg,Euro,3.314
National Average Price,2020 January,Onions per kg,Euro,1.177
National Average Price,2020 January,Broccoli per kg,Euro,2.879
National Average Price,2020 January,Carrots per kg,Euro,1.147
National Average Price,2020 January,Mushrooms per kg,Euro,3.711
National Average Price,2020 January,Tomatoes tinned per 400g,Euro,0.806
National Average Price,2020 January,Potatoes 2.5 kg,Euro,3.573
National Average Price,2020 January,Potatoes 7.5 kg,Euro,6.463
National Average Price,2020 January,Potatoes 10 kg,Euro,
National Average Price,2020 January,White granulated sugar per 1 kg,Euro,1.155
National Average Price,2020 January,Jam per lb,Euro,0.984
National Average Price,2020 January,Marmalade per lb,Euro,1.955
National Average Price,2020 January,Tea bags per 80,Euro,2.893
National Average Price,2020 January,Orange juice per litre,Euro,1.389
National Average Price,2020 January,Whiskey - take home (70cl bottle),Euro,26.215
National Average Price,2020 January,Brandy - take home (70cl bottle),Euro,32.506
National Average Price,2020 January,Vodka - take home (70cl bottle),Euro,19.692
National Average Price,2020 January,Cream liqueur - take home (70cl bottle),Euro,17.886
National Average Price,2020 January,Wine - take home (75cl bottle),Euro,
National Average Price,2020 January,Cider - take home (50cl can),Euro,2.082
National Average Price,2020 January,Sherry - take home (75cl bottle),Euro,
National Average Price,2020 January,Lager - take home (50cl can),Euro,1.993
National Average Price,2020 January,Stout - take home (50cl can),Euro,2.339
National Average Price,2020 January,Filtered cigarettes per 20 pk,Euro,13.351
National Average Price,2020 January,Stout - draught bar (1 pint),Euro,4.663
National Average Price,2020 January,Lager - draught bar (1 pint),Euro,5.061
National Average Price,2020 January,Lager - bar (33cl bottle),Euro,4.951
National Average Price,2020 January,Cider - draught bar (1 pint),Euro,5.181
National Average Price,2020 January,Ale - draught bar (1 pint),Euro,4.737
National Average Price,2020 January,Cider - bar (33cl bottle),Euro,5.127
National Average Price,2020 January,Flavoured alcoholic drink - bar (275ml bottle),Euro,5.599
National Average Price,2020 January,Whiskey - bar (single) per ½ glass,Euro,4.532
National Average Price,2020 January,Brandy - bar (single) per ½ glass,Euro,4.93
National Average Price,2020 January,Vodka - bar (single) per ½ glass,Euro,4.568
National Average Price,2020 January,Wine - bar (187ml bottle),Euro,
National Average Price,2020 January,Diesel per litre,Euro,1.383
National Average Price,2020 January,Petrol - unleaded per litre,Euro,1.472
National Average Price,2020 January,Cinema fee,Euro,10.378
National Average Price,2020 January,Nightclubs fee,Euro,9.084
National Average Price,2020 January,Gent's dry cut fee,Euro,13.993
National Average Price,2020 January,"Gent's wash, cut, and blow dry fee",Euro,
National Average Price,2020 January,"Ladies' wash, cut and blow dry fee",Euro,43.367
National Average Price,2020 February,"White, self raising flour per 2 kg",Euro,2.191
National Average Price,2020 February,"Brown, wholemeal flour per 2 kg",Euro,2.793
National Average Price,2020 February,"Bread, white sliced pan, large (800g)",Euro,1.293
National Average Price,2020 February,"Bread, brown sliced pan, large (800g)",Euro,1.46
National Average Price,2020 February,Spaghetti per 500g,Euro,0.983
National Average Price,2020 February,Sirloin steak per kg,Euro,15.585
National Average Price,2020 February,Striploin steak per kg,Euro,18.978
National Average Price,2020 February,Roast beef - topside or rib per kg,Euro,14.43
National Average Price,2020 February,Sliced / diced beef pieces per kg,Euro,10.593
National Average Price,2020 February,Pork loin chops per kg,Euro,7.973
National Average Price,2020 February,Pork steak per kg,Euro,8.827
National Average Price,2020 February,Lamb - whole leg / half leg per kg,Euro,11.185
National Average Price,2020 February,Lamb loin chops per kg,Euro,18.204
National Average Price,2020 February,Lamb gigot chops per kg,Euro,
National Average Price,2020 February,Uncooked chicken medium size 1.6kg,Euro,4.828
National Average Price,2020 February,Lamb's liver per kg,Euro,5.912
National Average Price,2020 February,Ham fillet per kg,Euro,5.742
National Average Price,2020 February,Cooked ham per kg,Euro,18.871
National Average Price,2020 February,Best back rashers per kg,Euro,9.407
National Average Price,2020 February,Pork sausages per kg,Euro,6.204
National Average Price,2020 February,Fresh fillet of whiting per kg,Euro,
National Average Price,2020 February,Fresh fillet of cod per kg,Euro,18.266
National Average Price,2020 February,Fresh salmon per kg,Euro,20.657
National Average Price,2020 February,Fresh fillet of plaice per kg,Euro,
National Average Price,2020 February,Fresh hake per kg,Euro,15.218
National Average Price,2020 February,Smoked salmon per kg,Euro,33.021
National Average Price,2020 February,Full fat milk per 2 litre,Euro,1.69
National Average Price,2020 February,Low fat milk per 1 litre,Euro,1.027
National Average Price,2020 February,Irish cheddar per kg,Euro,9.516
National Average Price,2020 February,Large eggs per half dozen,Euro,1.736
National Average Price,2020 February,Medium eggs per half dozen,Euro,1.413
National Average Price,2020 February,Butter per lb,Euro,3.009
National Average Price,2020 February,Grapes per kg,Euro,4.962
National Average Price,2020 February,Bananas per kg,Euro,1.414
National Average Price,2020 February,Tomatoes per kg,Euro,3.374
National Average Price,2020 February,Onions per kg,Euro,1.198
National Average Price,2020 February,Broccoli per kg,Euro,2.738
National Average Price,2020 February,Carrots per kg,Euro,1.185
National Average Price,2020 February,Mushrooms per kg,Euro,3.419
National Average Price,2020 February,Tomatoes tinned per 400g,Euro,0.767
National Average Price,2020 February,Potatoes 2.5 kg,Euro,3.544
National Average Price,2020 February,Potatoes 7.5 kg,Euro,6.343
National Average Price,2020 February,Potatoes 10 kg,Euro,
National Average Price,2020 February,White granulated sugar per 1 kg,Euro,1.147
National Average Price,2020 February,Jam per lb,Euro,0.995
National Average Price,2020 February,Marmalade per lb,Euro,1.93
National Average Price,2020 February,Tea bags per 80,Euro,2.772
National Average Price,2020 February,Orange juice per litre,Euro,1.406
National Average Price,2020 February,Whiskey - take home (70cl bottle),Euro,26.187
National Average Price,2020 February,Brandy - take home (70cl bottle),Euro,32.626
National Average Price,2020 February,Vodka - take home (70cl bottle),Euro,19.996
National Average Price,2020 February,Cream liqueur - take home (70cl bottle),Euro,15.339
National Average Price,2020 February,Wine - take home (75cl bottle),Euro,
National Average Price,2020 February,Cider - take home (50cl can),Euro,2.099
National Average Price,2020 February,Sherry - take home (75cl bottle),Euro,
National Average Price,2020 February,Lager - take home (50cl can),Euro,1.972
National Average Price,2020 February,Stout - take home (50cl can),Euro,2.342
National Average Price,2020 February,Filtered cigarettes per 20 pk,Euro,13.369
National Average Price,2020 February,Stout - draught bar (1 pint),Euro,4.667
National Average Price,2020 February,Lager - draught bar (1 pint),Euro,5.062
National Average Price,2020 February,Lager - bar (33cl bottle),Euro,4.962
National Average Price,2020 February,Cider - draught bar (1 pint),Euro,5.185
National Average Price,2020 February,Ale - draught bar (1 pint),Euro,4.744
National Average Price,2020 February,Cider - bar (33cl bottle),Euro,5.174
National Average Price,2020 February,Flavoured alcoholic drink - bar (275ml bottle),Euro,5.613
National Average Price,2020 February,Whiskey - bar (single) per ½ glass,Euro,4.536
National Average Price,2020 February,Brandy - bar (single) per ½ glass,Euro,4.927
National Average Price,2020 February,Vodka - bar (single) per ½ glass,Euro,4.571
National Average Price,2020 February,Wine - bar (187ml bottle),Euro,
National Average Price,2020 February,Diesel per litre,Euro,1.357
National Average Price,2020 February,Petrol - unleaded per litre,Euro,1.452
National Average Price,2020 February,Cinema fee,Euro,10.318
National Average Price,2020 February,Nightclubs fee,Euro,8.975
National Average Price,2020 February,Gent's dry cut fee,Euro,14.018
National Average Price,2020 February,"Gent's wash, cut, and blow dry fee",Euro,
National Average Price,2020 February,"Ladies' wash, cut and blow dry fee",Euro,44.011
National Average Price,2020 March,"White, self raising flour per 2 kg",Euro,2.175
National Average Price,2020 March,"Brown, wholemeal flour per 2 kg",Euro,2.792
National Average Price,2020 March,"Bread, white sliced pan, large (800g)",Euro,1.294
National Average Price,2020 March,"Bread, brown sliced pan, large (800g)",Euro,1.467
National Average Price,2020 March,Spaghetti per 500g,Euro,1.04
National Average Price,2020 March,Sirloin steak per kg,Euro,15.511
National Average Price,2020 March,Striploin steak per kg,Euro,21.284
National Average Price,2020 March,Roast beef - topside or rib per kg,Euro,14.354
National Average Price,2020 March,Sliced / diced beef pieces per kg,Euro,9.654
National Average Price,2020 March,Pork loin chops per kg,Euro,7.875
National Average Price,2020 March,Pork steak per kg,Euro,9.021
National Average Price,2020 March,Lamb - whole leg / half leg per kg,Euro,10.779
National Average Price,2020 March,Lamb loin chops per kg,Euro,18.379
National Average Price,2020 March,Lamb gigot chops per kg,Euro,
National Average Price,2020 March,Uncooked chicken medium size 1.6kg,Euro,4.846
National Average Price,2020 March,Lamb's liver per kg,Euro,5.891
National Average Price,2020 March,Ham fillet per kg,Euro,5.737
National Average Price,2020 March,Cooked ham per kg,Euro,18.628
National Average Price,2020 March,Best back rashers per kg,Euro,9.374
National Average Price,2020 March,Pork sausages per kg,Euro,6.205
National Average Price,2020 March,Fresh fillet of whiting per kg,Euro,
National Average Price,2020 March,Fresh fillet of cod per kg,Euro,17
National Average Price,2020 March,Fresh salmon per kg,Euro,21.702
National Average Price,2020 March,Fresh fillet of plaice per kg,Euro,
National Average Price,2020 March,Fresh hake per kg,Euro,15.334
National Average Price,2020 March,Smoked salmon per kg,Euro,32.855
National Average Price,2020 March,Full fat milk per 2 litre,Euro,1.69
National Average Price,2020 March,Low fat milk per 1 litre,Euro,1.027
National Average Price,2020 March,Irish cheddar per kg,Euro,9.328
National Average Price,2020 March,Large eggs per half dozen,Euro,1.76
National Average Price,2020 March,Medium eggs per half dozen,Euro,1.42
National Average Price,2020 March,Butter per lb,Euro,3.009
National Average Price,2020 March,Grapes per kg,Euro,4.966
National Average Price,2020 March,Bananas per kg,Euro,1.418
National Average Price,2020 March,Tomatoes per kg,Euro,3.383
National Average Price,2020 March,Onions per kg,Euro,1.216
National Average Price,2020 March,Broccoli per kg,Euro,2.671
National Average Price,2020 March,Carrots per kg,Euro,1.153
National Average Price,2020 March,Mushrooms per kg,Euro,3.71
National Average Price,2020 March,Tomatoes tinned per 400g,Euro,0.864
National Average Price,2020 March,Potatoes 2.5 kg,Euro,3.522
National Average Price,2020 March,Potatoes 7.5 kg,Euro,6.352
National Average Price,2020 March,Potatoes 10 kg,Euro,
National Average Price,2020 March,White granulated sugar per 1 kg,Euro,1.148
National Average Price,2020 March,Jam per lb,Euro,0.994
National Average Price,2020 March,Marmalade per lb,Euro,1.89
National Average Price,2020 March,Tea bags per 80,Euro,2.807
National Average Price,2020 March,Orange juice per litre,Euro,1.406
National Average Price,2020 March,Whiskey - take home (70cl bottle),Euro,24.668
National Average Price,2020 March,Brandy - take home (70cl bottle),Euro,32.082
National Average Price,2020 March,Vodka - take home (70cl bottle),Euro,20.976
National Average Price,2020 March,Cream liqueur - take home (70cl bottle),Euro,17.396
National Average Price,2020 March,Wine - take home (75cl bottle),Euro,
National Average Price,2020 March,Cider - take home (50cl can),Euro,2.102
National Average Price,2020 March,Sherry - take home (75cl bottle),Euro,
National Average Price,2020 March,Lager - take home (50cl can),Euro,1.97
National Average Price,2020 March,Stout - take home (50cl can),Euro,2.341
National Average Price,2020 March,Filtered cigarettes per 20 pk,Euro,13.372
National Average Price,2020 March,Stout - draught bar (1 pint),Euro,4.671
National Average Price,2020 March,Lager - draught bar (1 pint),Euro,5.061
National Average Price,2020 March,Lager - bar (33cl bottle),Euro,4.969
National Average Price,2020 March,Cider - draught bar (1 pint),Euro,5.196
National Average Price,2020 March,Ale - draught bar (1 pint),Euro,4.748
National Average Price,2020 March,Cider - bar (33cl bottle),Euro,5.173
National Average Price,2020 March,Flavoured alcoholic drink - bar (275ml bottle),Euro,5.617
National Average Price,2020 March,Whiskey - bar (single) per ½ glass,Euro,4.545
National Average Price,2020 March,Brandy - bar (single) per ½ glass,Euro,4.936
National Average Price,2020 March,Vodka - bar (single) per ½ glass,Euro,4.58
National Average Price,2020 March,Wine - bar (187ml bottle),Euro,
National Average Price,2020 March,Diesel per litre,Euro,1.323
National Average Price,2020 March,Petrol - unleaded per litre,Euro,1.422
National Average Price,2020 March,Cinema fee,Euro,10.331
National Average Price,2020 March,Nightclubs fee,Euro,9.002
National Average Price,2020 March,Gent's dry cut fee,Euro,14.034
National Average Price,2020 March,"Gent's wash, cut, and blow dry fee",Euro,
National Average Price,2020 March,"Ladies' wash, cut and blow dry fee",Euro,44.054
National Average Price,2020 April,"White, self raising flour per 2 kg",Euro,2.172
National Average Price,2020 April,"Brown, wholemeal flour per 2 kg",Euro,2.792
National Average Price,2020 April,"Bread, white sliced pan, large (800g)",Euro,1.288
National Average Price,2020 April,"Bread, brown sliced pan, large (800g)",Euro,1.414
National Average Price,2020 April,Spaghetti per 500g,Euro,1.046
National Average Price,2020 April,Sirloin steak per kg,Euro,14.78
National Average Price,2020 April,Striploin steak per kg,Euro,20.507
National Average Price,2020 April,Roast beef - topside or rib per kg,Euro,13.643
National Average Price,2020 April,Sliced / diced beef pieces per kg,Euro,9.654
National Average Price,2020 April,Pork loin chops per kg,Euro,7.875
National Average Price,2020 April,Pork steak per kg,Euro,9.083
National Average Price,2020 April,Lamb - whole leg / half leg per kg,Euro,10.779
National Average Price,2020 April,Lamb loin chops per kg,Euro,18.379
National Average Price,2020 April,Lamb gigot chops per kg,Euro,
National Average Price,2020 April,Uncooked chicken medium size 1.6kg,Euro,4.781
National Average Price,2020 April,Lamb's liver per kg,Euro,5.891
National Average Price,2020 April,Ham fillet per kg,Euro,5.718
National Average Price,2020 April,Cooked ham per kg,Euro,18.46
National Average Price,2020 April,Best back rashers per kg,Euro,9.24
National Average Price,2020 April,Pork sausages per kg,Euro,6.333
National Average Price,2020 April,Fresh fillet of whiting per kg,Euro,
National Average Price,2020 April,Fresh fillet of cod per kg,Euro,17.355
National Average Price,2020 April,Fresh salmon per kg,Euro,21.702
National Average Price,2020 April,Fresh fillet of plaice per kg,Euro,
National Average Price,2020 April,Fresh hake per kg,Euro,15.334
National Average Price,2020 April,Smoked salmon per kg,Euro,32.936
National Average Price,2020 April,Full fat milk per 2 litre,Euro,1.69
National Average Price,2020 April,Low fat milk per 1 litre,Euro,1.027
National Average Price,2020 April,Irish cheddar per kg,Euro,9.102
National Average Price,2020 April,Large eggs per half dozen,Euro,1.746
National Average Price,2020 April,Medium eggs per half dozen,Euro,1.406
National Average Price,2020 April,Butter per lb,Euro,3.05
National Average Price,2020 April,Grapes per kg,Euro,5.036
National Average Price,2020 April,Bananas per kg,Euro,1.399
National Average Price,2020 April,Tomatoes per kg,Euro,3.455
National Average Price,2020 April,Onions per kg,Euro,1.243
National Average Price,2020 April,Broccoli per kg,Euro,2.678
National Average Price,2020 April,Carrots per kg,Euro,1.153
National Average Price,2020 April,Mushrooms per kg,Euro,3.625
National Average Price,2020 April,Tomatoes tinned per 400g,Euro,0.87
National Average Price,2020 April,Potatoes 2.5 kg,Euro,3.527
National Average Price,2020 April,Potatoes 7.5 kg,Euro,6.319
National Average Price,2020 April,Potatoes 10 kg,Euro,
National Average Price,2020 April,White granulated sugar per 1 kg,Euro,1.137
National Average Price,2020 April,Jam per lb,Euro,0.983
National Average Price,2020 April,Marmalade per lb,Euro,1.889
National Average Price,2020 April,Tea bags per 80,Euro,2.797
National Average Price,2020 April,Orange juice per litre,Euro,1.406
National Average Price,2020 April,Whiskey - take home (70cl bottle),Euro,25.621
National Average Price,2020 April,Brandy - take home (70cl bottle),Euro,32.134
National Average Price,2020 April,Vodka - take home (70cl bottle),Euro,21.215
National Average Price,2020 April,Cream liqueur - take home (70cl bottle),Euro,17.356
National Average Price,2020 April,Wine - take home (75cl bottle),Euro,
National Average Price,2020 April,Cider - take home (50cl can),Euro,2.231
National Average Price,2020 April,Sherry - take home (75cl bottle),Euro,
National Average Price,2020 April,Lager - take home (50cl can),Euro,1.949
National Average Price,2020 April,Stout - take home (50cl can),Euro,2.341
National Average Price,2020 April,Filtered cigarettes per 20 pk,Euro,13.412
National Average Price,2020 April,Stout - draught bar (1 pint),Euro,
National Average Price,2020 April,Lager - draught bar (1 pint),Euro,
National Average Price,2020 April,Lager - bar (33cl bottle),Euro,
National Average Price,2020 April,Cider - draught bar (1 pint),Euro,
National Average Price,2020 April,Ale - draught bar (1 pint),Euro,
National Average Price,2020 April,Cider - bar (33cl bottle),Euro,
National Average Price,2020 April,Flavoured alcoholic drink - bar (275ml bottle),Euro,
National Average Price,2020 April,Whiskey - bar (single) per ½ glass,Euro,
National Average Price,2020 April,Brandy - bar (single) per ½ glass,Euro,
National Average Price,2020 April,Vodka - bar (single) per ½ glass,Euro,
National Average Price,2020 April,Wine - bar (187ml bottle),Euro,
National Average Price,2020 April,Diesel per litre,Euro,1.261
National Average Price,2020 April,Petrol - unleaded per litre,Euro,1.347
National Average Price,2020 April,Cinema fee,Euro,
National Average Price,2020 April,Nightclubs fee,Euro,
National Average Price,2020 April,Gent's dry cut fee,Euro,
National Average Price,2020 April,"Gent's wash, cut, and blow dry fee",Euro,
National Average Price,2020 April,"Ladies' wash, cut and blow dry fee",Euro,
National Average Price,2020 May,"White, self raising flour per 2 kg",Euro,2.1
National Average Price,2020 May,"Brown, wholemeal flour per 2 kg",Euro,2.792
National Average Price,2020 May,"Bread, white sliced pan, large (800g)",Euro,1.318
National Average Price,2020 May,"Bread, brown sliced pan, large (800g)",Euro,1.467
National Average Price,2020 May,Spaghetti per 500g,Euro,1.062
National Average Price,2020 May,Sirloin steak per kg,Euro,15.474
National Average Price,2020 May,Striploin steak per kg,Euro,20.971
National Average Price,2020 May,Roast beef - topside or rib per kg,Euro,13.813
National Average Price,2020 May,Sliced / diced beef pieces per kg,Euro,9.668
National Average Price,2020 May,Pork loin chops per kg,Euro,7.875
National Average Price,2020 May,Pork steak per kg,Euro,9.083
National Average Price,2020 May,Lamb - whole leg / half leg per kg,Euro,10.725
National Average Price,2020 May,Lamb loin chops per kg,Euro,18.379
National Average Price,2020 May,Lamb gigot chops per kg,Euro,
National Average Price,2020 May,Uncooked chicken medium size 1.6kg,Euro,4.638
National Average Price,2020 May,Lamb's liver per kg,Euro,
National Average Price,2020 May,Ham fillet per kg,Euro,5.77
National Average Price,2020 May,Cooked ham per kg,Euro,18.209
National Average Price,2020 May,Best back rashers per kg,Euro,9.31
National Average Price,2020 May,Pork sausages per kg,Euro,6.319
National Average Price,2020 May,Fresh fillet of whiting per kg,Euro,
National Average Price,2020 May,Fresh fillet of cod per kg,Euro,17.324
National Average Price,2020 May,Fresh salmon per kg,Euro,22.122
National Average Price,2020 May,Fresh fillet of plaice per kg,Euro,
National Average Price,2020 May,Fresh hake per kg,Euro,
National Average Price,2020 May,Smoked salmon per kg,Euro,32.917
National Average Price,2020 May,Full fat milk per 2 litre,Euro,1.69
National Average Price,2020 May,Low fat milk per 1 litre,Euro,1.027
National Average Price,2020 May,Irish cheddar per kg,Euro,9.024
National Average Price,2020 May,Large eggs per half dozen,Euro,1.746
National Average Price,2020 May,Medium eggs per half dozen,Euro,1.407
National Average Price,2020 May,Butter per lb,Euro,2.98
National Average Price,2020 May,Grapes per kg,Euro,4.977
National Average Price,2020 May,Bananas per kg,Euro,1.373
National Average Price,2020 May,Tomatoes per kg,Euro,3.401
National Average Price,2020 May,Onions per kg,Euro,1.241
National Average Price,2020 May,Broccoli per kg,Euro,2.714
National Average Price,2020 May,Carrots per kg,Euro,1.153
National Average Price,2020 May,Mushrooms per kg,Euro,3.74
National Average Price,2020 May,Tomatoes tinned per 400g,Euro,0.872
National Average Price,2020 May,Potatoes 2.5 kg,Euro,3.603
National Average Price,2020 May,Potatoes 7.5 kg,Euro,6.396
National Average Price,2020 May,Potatoes 10 kg,Euro,
National Average Price,2020 May,White granulated sugar per 1 kg,Euro,1.123
National Average Price,2020 May,Jam per lb,Euro,0.93
National Average Price,2020 May,Marmalade per lb,Euro,1.831
National Average Price,2020 May,Tea bags per 80,Euro,2.82
National Average Price,2020 May,Orange juice per litre,Euro,1.381
National Average Price,2020 May,Whiskey - take home (70cl bottle),Euro,26.69
National Average Price,2020 May,Brandy - take home (70cl bottle),Euro,32.186
National Average Price,2020 May,Vodka - take home (70cl bottle),Euro,20.454
National Average Price,2020 May,Cream liqueur - take home (70cl bottle),Euro,17.396
National Average Price,2020 May,Wine - take home (75cl bottle),Euro,
National Average Price,2020 May,Cider - take home (50cl can),Euro,2.193
National Average Price,2020 May,Sherry - take home (75cl bottle),Euro,
National Average Price,2020 May,Lager - take home (50cl can),Euro,1.966
National Average Price,2020 May,Stout - take home (50cl can),Euro,2.403
National Average Price,2020 May,Filtered cigarettes per 20 pk,Euro,13.455
National Average Price,2020 May,Stout - draught bar (1 pint),Euro,
National Average Price,2020 May,Lager - draught bar (1 pint),Euro,
National Average Price,2020 May,Lager - bar (33cl bottle),Euro,
National Average Price,2020 May,Cider - draught bar (1 pint),Euro,
National Average Price,2020 May,Ale - draught bar (1 pint),Euro,
National Average Price,2020 May,Cider - bar (33cl bottle),Euro,
National Average Price,2020 May,Flavoured alcoholic drink - bar (275ml bottle),Euro,
National Average Price,2020 May,Whiskey - bar (single) per ½ glass,Euro,
National Average Price,2020 May,Brandy - bar (single) per ½ glass,Euro,
National Average Price,2020 May,Vodka - bar (single) per ½ glass,Euro,
National Average Price,2020 May,Wine - bar (187ml bottle),Euro,
National Average Price,2020 May,Diesel per litre,Euro,1.233
National Average Price,2020 May,Petrol - unleaded per litre,Euro,1.325
National Average Price,2020 May,Cinema fee,Euro,
National Average Price,2020 May,Nightclubs fee,Euro,
National Average Price,2020 May,Gent's dry cut fee,Euro,
National Average Price,2020 May,"Gent's wash, cut, and blow dry fee",Euro,
National Average Price,2020 May,"Ladies' wash, cut and blow dry fee",Euro,
National Average Price,2020 June,"White, self raising flour per 2 kg",Euro,2.151
National Average Price,2020 June,"Brown, wholemeal flour per 2 kg",Euro,2.792
National Average Price,2020 June,"Bread, white sliced pan, large (800g)",Euro,1.307
National Average Price,2020 June,"Bread, brown sliced pan, large (800g)",Euro,1.468
National Average Price,2020 June,Spaghetti per 500g,Euro,1.039
National Average Price,2020 June,Sirloin steak per kg,Euro,15.416
National Average Price,2020 June,Striploin steak per kg,Euro,19.743
National Average Price,2020 June,Roast beef - topside or rib per kg,Euro,13.953
National Average Price,2020 June,Sliced / diced beef pieces per kg,Euro,9.688
National Average Price,2020 June,Pork loin chops per kg,Euro,7.875
National Average Price,2020 June,Pork steak per kg,Euro,8.336
National Average Price,2020 June,Lamb - whole leg / half leg per kg,Euro,10.779
National Average Price,2020 June,Lamb loin chops per kg,Euro,18.245
National Average Price,2020 June,Lamb gigot chops per kg,Euro,
National Average Price,2020 June,Uncooked chicken medium size 1.6kg,Euro,4.786
National Average Price,2020 June,Lamb's liver per kg,Euro,
National Average Price,2020 June,Ham fillet per kg,Euro,5.788
National Average Price,2020 June,Cooked ham per kg,Euro,18.442
National Average Price,2020 June,Best back rashers per kg,Euro,9.391
National Average Price,2020 June,Pork sausages per kg,Euro,6.352
National Average Price,2020 June,Fresh fillet of whiting per kg,Euro,
National Average Price,2020 June,Fresh fillet of cod per kg,Euro,17.324
National Average Price,2020 June,Fresh salmon per kg,Euro,21.872
National Average Price,2020 June,Fresh fillet of plaice per kg,Euro,
National Average Price,2020 June,Fresh hake per kg,Euro,
National Average Price,2020 June,Smoked salmon per kg,Euro,32.423
National Average Price,2020 June,Full fat milk per 2 litre,Euro,1.687
National Average Price,2020 June,Low fat milk per 1 litre,Euro,1.027
National Average Price,2020 June,Irish cheddar per kg,Euro,8.76
National Average Price,2020 June,Large eggs per half dozen,Euro,1.778
National Average Price,2020 June,Medium eggs per half dozen,Euro,1.428
National Average Price,2020 June,Butter per lb,Euro,3.012
National Average Price,2020 June,Grapes per kg,Euro,4.995
National Average Price,2020 June,Bananas per kg,Euro,1.336
National Average Price,2020 June,Tomatoes per kg,Euro,3.204
National Average Price,2020 June,Onions per kg,Euro,1.235
National Average Price,2020 June,Broccoli per kg,Euro,2.673
National Average Price,2020 June,Carrots per kg,Euro,1.153
National Average Price,2020 June,Mushrooms per kg,Euro,3.612
National Average Price,2020 June,Tomatoes tinned per 400g,Euro,0.86
National Average Price,2020 June,Potatoes 2.5 kg,Euro,3.634
National Average Price,2020 June,Potatoes 7.5 kg,Euro,6.161
National Average Price,2020 June,Potatoes 10 kg,Euro,
National Average Price,2020 June,White granulated sugar per 1 kg,Euro,1.142
National Average Price,2020 June,Jam per lb,Euro,0.961
National Average Price,2020 June,Marmalade per lb,Euro,1.877
National Average Price,2020 June,Tea bags per 80,Euro,2.804
National Average Price,2020 June,Orange juice per litre,Euro,1.377
National Average Price,2020 June,Whiskey - take home (70cl bottle),Euro,26.843
National Average Price,2020 June,Brandy - take home (70cl bottle),Euro,32.193
National Average Price,2020 June,Vodka - take home (70cl bottle),Euro,20.263
National Average Price,2020 June,Cream liqueur - take home (70cl bottle),Euro,16.944
National Average Price,2020 June,Wine - take home (75cl bottle),Euro,
National Average Price,2020 June,Cider - take home (50cl can),Euro,2.232
National Average Price,2020 June,Sherry - take home (75cl bottle),Euro,
National Average Price,2020 June,Lager - take home (50cl can),Euro,1.97
National Average Price,2020 June,Stout - take home (50cl can),Euro,2.375
National Average Price,2020 June,Filtered cigarettes per 20 pk,Euro,13.44
National Average Price,2020 June,Stout - draught bar (1 pint),Euro,
National Average Price,2020 June,Lager - draught bar (1 pint),Euro,
National Average Price,2020 June,Lager - bar (33cl bottle),Euro,
National Average Price,2020 June,Cider - draught bar (1 pint),Euro,
National Average Price,2020 June,Ale - draught bar (1 pint),Euro,
National Average Price,2020 June,Cider - bar (33cl bottle),Euro,
National Average Price,2020 June,Flavoured alcoholic drink - bar (275ml bottle),Euro,
National Average Price,2020 June,Whiskey - bar (single) per ½ glass,Euro,
National Average Price,2020 June,Brandy - bar (single) per ½ glass,Euro,
National Average Price,2020 June,Vodka - bar (single) per ½ glass,Euro,
National Average Price,2020 June,Wine - bar (187ml bottle),Euro,
National Average Price,2020 June,Diesel per litre,Euro,1.238
National Average Price,2020 June,Petrol - unleaded per litre,Euro,1.338
National Average Price,2020 June,Cinema fee,Euro,
National Average Price,2020 June,Nightclubs fee,Euro,
National Average Price,2020 June,Gent's dry cut fee,Euro,
National Average Price,2020 June,"Gent's wash, cut, and blow dry fee",Euro,
National Average Price,2020 June,"Ladies' wash, cut and blow dry fee",Euro,
National Average Price,2020 July,"White, self raising flour per 2 kg",Euro,2.101
National Average Price,2020 July,"Brown, wholemeal flour per 2 kg",Euro,2.792
National Average Price,2020 July,"Bread, white sliced pan, large (800g)",Euro,1.305
National Average Price,2020 July,"Bread, brown sliced pan, large (800g)",Euro,1.467
National Average Price,2020 July,Spaghetti per 500g,Euro,1.035
National Average Price,2020 July,Sirloin steak per kg,Euro,14.994
National Average Price,2020 July,Striploin steak per kg,Euro,19.403
National Average Price,2020 July,Roast beef - topside or rib per kg,Euro,13.953
National Average Price,2020 July,Sliced / diced beef pieces per kg,Euro,9.553
National Average Price,2020 July,Pork loin chops per kg,Euro,7.875
National Average Price,2020 July,Pork steak per kg,Euro,8.729
National Average Price,2020 July,Lamb - whole leg / half leg per kg,Euro,12.67
National Average Price,2020 July,Lamb loin chops per kg,Euro,17.688
National Average Price,2020 July,Lamb gigot chops per kg,Euro,
National Average Price,2020 July,Uncooked chicken medium size 1.6kg,Euro,4.72
National Average Price,2020 July,Lamb's liver per kg,Euro,
National Average Price,2020 July,Ham fillet per kg,Euro,5.725
National Average Price,2020 July,Cooked ham per kg,Euro,17.985
National Average Price,2020 July,Best back rashers per kg,Euro,9.427
National Average Price,2020 July,Pork sausages per kg,Euro,6.237
National Average Price,2020 July,Fresh fillet of whiting per kg,Euro,
National Average Price,2020 July,Fresh fillet of cod per kg,Euro,17.324
National Average Price,2020 July,Fresh salmon per kg,Euro,21.324
National Average Price,2020 July,Fresh fillet of plaice per kg,Euro,
National Average Price,2020 July,Fresh hake per kg,Euro,
National Average Price,2020 July,Smoked salmon per kg,Euro,31.872
National Average Price,2020 July,Full fat milk per 2 litre,Euro,1.69
National Average Price,2020 July,Low fat milk per 1 litre,Euro,1.026
National Average Price,2020 July,Irish cheddar per kg,Euro,8.918
National Average Price,2020 July,Large eggs per half dozen,Euro,1.781
National Average Price,2020 July,Medium eggs per half dozen,Euro,1.431
National Average Price,2020 July,Butter per lb,Euro,3.021
National Average Price,2020 July,Grapes per kg,Euro,5.016
National Average Price,2020 July,Bananas per kg,Euro,1.476
National Average Price,2020 July,Tomatoes per kg,Euro,3.291
National Average Price,2020 July,Onions per kg,Euro,1.215
National Average Price,2020 July,Broccoli per kg,Euro,2.55
National Average Price,2020 July,Carrots per kg,Euro,1.123
National Average Price,2020 July,Mushrooms per kg,Euro,3.638
National Average Price,2020 July,Tomatoes tinned per 400g,Euro,0.871
National Average Price,2020 July,Potatoes 2.5 kg,Euro,3.546
National Average Price,2020 July,Potatoes 7.5 kg,Euro,6.408
National Average Price,2020 July,Potatoes 10 kg,Euro,
National Average Price,2020 July,White granulated sugar per 1 kg,Euro,1.16
National Average Price,2020 July,Jam per lb,Euro,0.933
National Average Price,2020 July,Marmalade per lb,Euro,1.828
National Average Price,2020 July,Tea bags per 80,Euro,2.782
National Average Price,2020 July,Orange juice per litre,Euro,1.395
National Average Price,2020 July,Whiskey - take home (70cl bottle),Euro,27.702
National Average Price,2020 July,Brandy - take home (70cl bottle),Euro,32.208
National Average Price,2020 July,Vodka - take home (70cl bottle),Euro,20.439
National Average Price,2020 July,Cream liqueur - take home (70cl bottle),Euro,17.602
National Average Price,2020 July,Wine - take home (75cl bottle),Euro,
National Average Price,2020 July,Cider - take home (50cl can),Euro,2.219
National Average Price,2020 July,Sherry - take home (75cl bottle),Euro,
National Average Price,2020 July,Lager - take home (50cl can),Euro,1.978
National Average Price,2020 July,Stout - take home (50cl can),Euro,2.347
National Average Price,2020 July,Filtered cigarettes per 20 pk,Euro,13.528
National Average Price,2020 July,Stout - draught bar (1 pint),Euro,4.809
National Average Price,2020 July,Lager - draught bar (1 pint),Euro,5.211
National Average Price,2020 July,Lager - bar (33cl bottle),Euro,5.082
National Average Price,2020 July,Cider - draught bar (1 pint),Euro,5.336
National Average Price,2020 July,Ale - draught bar (1 pint),Euro,4.906
National Average Price,2020 July,Cider - bar (33cl bottle),Euro,5.251
National Average Price,2020 July,Flavoured alcoholic drink - bar (275ml bottle),Euro,5.718
National Average Price,2020 July,Whiskey - bar (single) per ½ glass,Euro,4.755
National Average Price,2020 July,Brandy - bar (single) per ½ glass,Euro,5.089
National Average Price,2020 July,Vodka - bar (single) per ½ glass,Euro,4.744
National Average Price,2020 July,Wine - bar (187ml bottle),Euro,
National Average Price,2020 July,Diesel per litre,Euro,1.263
National Average Price,2020 July,Petrol - unleaded per litre,Euro,1.367
National Average Price,2020 July,Cinema fee,Euro,
National Average Price,2020 July,Nightclubs fee,Euro,
National Average Price,2020 July,Gent's dry cut fee,Euro,16.284
National Average Price,2020 July,"Gent's wash, cut, and blow dry fee",Euro,
National Average Price,2020 July,"Ladies' wash, cut and blow dry fee",Euro,46.866
National Average Price,2020 August,"White, self raising flour per 2 kg",Euro,2.092
National Average Price,2020 August,"Brown, wholemeal flour per 2 kg",Euro,2.792
National Average Price,2020 August,"Bread, white sliced pan, large (800g)",Euro,1.314
National Average Price,2020 August,"Bread, brown sliced pan, large (800g)",Euro,1.468
National Average Price,2020 August,Spaghetti per 500g,Euro,1.016
National Average Price,2020 August,Sirloin steak per kg,Euro,14.994
National Average Price,2020 August,Striploin steak per kg,Euro,19.911
National Average Price,2020 August,Roast beef - topside or rib per kg,Euro,13.765
National Average Price,2020 August,Sliced / diced beef pieces per kg,Euro,9.538
National Average Price,2020 August,Pork loin chops per kg,Euro,7.875
National Average Price,2020 August,Pork steak per kg,Euro,8.779
National Average Price,2020 August,Lamb - whole leg / half leg per kg,Euro,12.67
National Average Price,2020 August,Lamb loin chops per kg,Euro,17.951
National Average Price,2020 August,Lamb gigot chops per kg,Euro,
National Average Price,2020 August,Uncooked chicken medium size 1.6kg,Euro,4.637
National Average Price,2020 August,Lamb's liver per kg,Euro,
National Average Price,2020 August,Ham fillet per kg,Euro,5.781
National Average Price,2020 August,Cooked ham per kg,Euro,18.135
National Average Price,2020 August,Best back rashers per kg,Euro,9.416
National Average Price,2020 August,Pork sausages per kg,Euro,6.351
National Average Price,2020 August,Fresh fillet of whiting per kg,Euro,
National Average Price,2020 August,Fresh fillet of cod per kg,Euro,17.212
National Average Price,2020 August,Fresh salmon per kg,Euro,21.378
National Average Price,2020 August,Fresh fillet of plaice per kg,Euro,
National Average Price,2020 August,Fresh hake per kg,Euro,
National Average Price,2020 August,Smoked salmon per kg,Euro,31.99
National Average Price,2020 August,Full fat milk per 2 litre,Euro,1.69
National Average Price,2020 August,Low fat milk per 1 litre,Euro,1.025
National Average Price,2020 August,Irish cheddar per kg,Euro,8.883
National Average Price,2020 August,Large eggs per half dozen,Euro,1.783
National Average Price,2020 August,Medium eggs per half dozen,Euro,1.431
National Average Price,2020 August,Butter per lb,Euro,3.075
National Average Price,2020 August,Grapes per kg,Euro,4.976
National Average Price,2020 August,Bananas per kg,Euro,1.377
National Average Price,2020 August,Tomatoes per kg,Euro,3.23
National Average Price,2020 August,Onions per kg,Euro,1.199
National Average Price,2020 August,Broccoli per kg,Euro,2.609
National Average Price,2020 August,Carrots per kg,Euro,1.123
National Average Price,2020 August,Mushrooms per kg,Euro,3.593
National Average Price,2020 August,Tomatoes tinned per 400g,Euro,0.85
National Average Price,2020 August,Potatoes 2.5 kg,Euro,3.615
National Average Price,2020 August,Potatoes 7.5 kg,Euro,6.414
National Average Price,2020 August,Potatoes 10 kg,Euro,
National Average Price,2020 August,White granulated sugar per 1 kg,Euro,1.16
National Average Price,2020 August,Jam per lb,Euro,0.945
National Average Price,2020 August,Marmalade per lb,Euro,1.823
National Average Price,2020 August,Tea bags per 80,Euro,2.756
National Average Price,2020 August,Orange juice per litre,Euro,1.37
National Average Price,2020 August,Whiskey - take home (70cl bottle),Euro,26.541
National Average Price,2020 August,Brandy - take home (70cl bottle),Euro,33.344
National Average Price,2020 August,Vodka - take home (70cl bottle),Euro,20.393
National Average Price,2020 August,Cream liqueur - take home (70cl bottle),Euro,18.242
National Average Price,2020 August,Wine - take home (75cl bottle),Euro,
National Average Price,2020 August,Cider - take home (50cl can),Euro,2.205
National Average Price,2020 August,Sherry - take home (75cl bottle),Euro,
National Average Price,2020 August,Lager - take home (50cl can),Euro,1.959
National Average Price,2020 August,Stout - take home (50cl can),Euro,2.376
National Average Price,2020 August,Filtered cigarettes per 20 pk,Euro,13.479
National Average Price,2020 August,Stout - draught bar (1 pint),Euro,4.827
National Average Price,2020 August,Lager - draught bar (1 pint),Euro,5.204
National Average Price,2020 August,Lager - bar (33cl bottle),Euro,5.075
National Average Price,2020 August,Cider - draught bar (1 pint),Euro,5.337
National Average Price,2020 August,Ale - draught bar (1 pint),Euro,4.907
National Average Price,2020 August,Cider - bar (33cl bottle),Euro,5.29
National Average Price,2020 August,Flavoured alcoholic drink - bar (275ml bottle),Euro,5.728
National Average Price,2020 August,Whiskey - bar (single) per ½ glass,Euro,4.768
National Average Price,2020 August,Brandy - bar (single) per ½ glass,Euro,5.095
National Average Price,2020 August,Vodka - bar (single) per ½ glass,Euro,4.759
National Average Price,2020 August,Wine - bar (187ml bottle),Euro,
National Average Price,2020 August,Diesel per litre,Euro,1.267
National Average Price,2020 August,Petrol - unleaded per litre,Euro,1.374
National Average Price,2020 August,Cinema fee,Euro,
National Average Price,2020 August,Nightclubs fee,Euro,
National Average Price,2020 August,Gent's dry cut fee,Euro,16.433
National Average Price,2020 August,"Gent's wash, cut, and blow dry fee",Euro,
National Average Price,2020 August,"Ladies' wash, cut and blow dry fee",Euro,46.802
National Average Price,2020 September,"White, self raising flour per 2 kg",Euro,1.989
National Average Price,2020 September,"Brown, wholemeal flour per 2 kg",Euro,2.792
National Average Price,2020 September,"Bread, white sliced pan, large (800g)",Euro,1.281
National Average Price,2020 September,"Bread, brown sliced pan, large (800g)",Euro,1.415
National Average Price,2020 September,Spaghetti per 500g,Euro,0.997
National Average Price,2020 September,Sirloin steak per kg,Euro,14.891
National Average Price,2020 September,Striploin steak per kg,Euro,19.911
National Average Price,2020 September,Roast beef - topside or rib per kg,Euro,12.332
National Average Price,2020 September,Sliced / diced beef pieces per kg,Euro,9.517
National Average Price,2020 September,Pork loin chops per kg,Euro,7.875
National Average Price,2020 September,Pork steak per kg,Euro,8.779
National Average Price,2020 September,Lamb - whole leg / half leg per kg,Euro,12.67
National Average Price,2020 September,Lamb loin chops per kg,Euro,18.035
National Average Price,2020 September,Lamb gigot chops per kg,Euro,
National Average Price,2020 September,Uncooked chicken medium size 1.6kg,Euro,4.645
National Average Price,2020 September,Lamb's liver per kg,Euro,
National Average Price,2020 September,Ham fillet per kg,Euro,5.788
National Average Price,2020 September,Cooked ham per kg,Euro,18.095
National Average Price,2020 September,Best back rashers per kg,Euro,9.439
National Average Price,2020 September,Pork sausages per kg,Euro,6.402
National Average Price,2020 September,Fresh fillet of whiting per kg,Euro,
National Average Price,2020 September,Fresh fillet of cod per kg,Euro,16.513
National Average Price,2020 September,Fresh salmon per kg,Euro,21.336
National Average Price,2020 September,Fresh fillet of plaice per kg,Euro,
National Average Price,2020 September,Fresh hake per kg,Euro,
National Average Price,2020 September,Smoked salmon per kg,Euro,31.761
National Average Price,2020 September,Full fat milk per 2 litre,Euro,1.69
National Average Price,2020 September,Low fat milk per 1 litre,Euro,1.023
National Average Price,2020 September,Irish cheddar per kg,Euro,8.771
National Average Price,2020 September,Large eggs per half dozen,Euro,1.78
National Average Price,2020 September,Medium eggs per half dozen,Euro,1.428
National Average Price,2020 September,Butter per lb,Euro,3.018
National Average Price,2020 September,Grapes per kg,Euro,5.027
National Average Price,2020 September,Bananas per kg,Euro,1.408
National Average Price,2020 September,Tomatoes per kg,Euro,3.302
National Average Price,2020 September,Onions per kg,Euro,1.191
National Average Price,2020 September,Broccoli per kg,Euro,2.613
National Average Price,2020 September,Carrots per kg,Euro,1.123
National Average Price,2020 September,Mushrooms per kg,Euro,3.607
National Average Price,2020 September,Tomatoes tinned per 400g,Euro,0.839
National Average Price,2020 September,Potatoes 2.5 kg,Euro,3.52
National Average Price,2020 September,Potatoes 7.5 kg,Euro,6.439
National Average Price,2020 September,Potatoes 10 kg,Euro,
National Average Price,2020 September,White granulated sugar per 1 kg,Euro,1.16
National Average Price,2020 September,Jam per lb,Euro,0.958
National Average Price,2020 September,Marmalade per lb,Euro,1.898
National Average Price,2020 September,Tea bags per 80,Euro,2.733
National Average Price,2020 September,Orange juice per litre,Euro,1.364
National Average Price,2020 September,Whiskey - take home (70cl bottle),Euro,26.011
National Average Price,2020 September,Brandy - take home (70cl bottle),Euro,32.621
National Average Price,2020 September,Vodka - take home (70cl bottle),Euro,19.61
National Average Price,2020 September,Cream liqueur - take home (70cl bottle),Euro,17.627
National Average Price,2020 September,Wine - take home (75cl bottle),Euro,
National Average Price,2020 September,Cider - take home (50cl can),Euro,2.292
National Average Price,2020 September,Sherry - take home (75cl bottle),Euro,
National Average Price,2020 September,Lager - take home (50cl can),Euro,1.917
National Average Price,2020 September,Stout - take home (50cl can),Euro,2.345
National Average Price,2020 September,Filtered cigarettes per 20 pk,Euro,13.234
National Average Price,2020 September,Stout - draught bar (1 pint),Euro,4.938
National Average Price,2020 September,Lager - draught bar (1 pint),Euro,5.211
National Average Price,2020 September,Lager - bar (33cl bottle),Euro,5.119
National Average Price,2020 September,Cider - draught bar (1 pint),Euro,5.338
National Average Price,2020 September,Ale - draught bar (1 pint),Euro,5
National Average Price,2020 September,Cider - bar (33cl bottle),Euro,5.31
National Average Price,2020 September,Flavoured alcoholic drink - bar (275ml bottle),Euro,5.695
National Average Price,2020 September,Whiskey - bar (single) per ½ glass,Euro,4.827
National Average Price,2020 September,Brandy - bar (single) per ½ glass,Euro,5.126
National Average Price,2020 September,Vodka - bar (single) per ½ glass,Euro,4.83
National Average Price,2020 September,Wine - bar (187ml bottle),Euro,
National Average Price,2020 September,Diesel per litre,Euro,1.254
National Average Price,2020 September,Petrol - unleaded per litre,Euro,1.364
National Average Price,2020 September,Cinema fee,Euro,9.963
National Average Price,2020 September,Nightclubs fee,Euro,
National Average Price,2020 September,Gent's dry cut fee,Euro,16.556
National Average Price,2020 September,"Gent's wash, cut, and blow dry fee",Euro,
National Average Price,2020 September,"Ladies' wash, cut and blow dry fee",Euro,46.95
National Average Price,2020 October,"White, self raising flour per 2 kg",Euro,1.97
National Average Price,2020 October,"Brown, wholemeal flour per 2 kg",Euro,2.792
National Average Price,2020 October,"Bread, white sliced pan, large (800g)",Euro,1.29
National Average Price,2020 October,"Bread, brown sliced pan, large (800g)",Euro,1.464
National Average Price,2020 October,Spaghetti per 500g,Euro,1.013
National Average Price,2020 October,Sirloin steak per kg,Euro,14.994
National Average Price,2020 October,Striploin steak per kg,Euro,19.911
National Average Price,2020 October,Roast beef - topside or rib per kg,Euro,12.681
National Average Price,2020 October,Sliced / diced beef pieces per kg,Euro,9.436
National Average Price,2020 October,Pork loin chops per kg,Euro,7.875
National Average Price,2020 October,Pork steak per kg,Euro,8.779
National Average Price,2020 October,Lamb - whole leg / half leg per kg,Euro,12.67
National Average Price,2020 October,Lamb loin chops per kg,Euro,18.06
National Average Price,2020 October,Lamb gigot chops per kg,Euro,
National Average Price,2020 October,Uncooked chicken medium size 1.6kg,Euro,4.692
National Average Price,2020 October,Lamb's liver per kg,Euro,
National Average Price,2020 October,Ham fillet per kg,Euro,5.729
National Average Price,2020 October,Cooked ham per kg,Euro,18.107
National Average Price,2020 October,Best back rashers per kg,Euro,9.385
National Average Price,2020 October,Pork sausages per kg,Euro,6.304
National Average Price,2020 October,Fresh fillet of whiting per kg,Euro,
National Average Price,2020 October,Fresh fillet of cod per kg,Euro,17.212
National Average Price,2020 October,Fresh salmon per kg,Euro,21.341
National Average Price,2020 October,Fresh fillet of plaice per kg,Euro,
National Average Price,2020 October,Fresh hake per kg,Euro,
National Average Price,2020 October,Smoked salmon per kg,Euro,31.761
National Average Price,2020 October,Full fat milk per 2 litre,Euro,1.687
National Average Price,2020 October,Low fat milk per 1 litre,Euro,1.025
National Average Price,2020 October,Irish cheddar per kg,Euro,8.821
National Average Price,2020 October,Large eggs per half dozen,Euro,1.78
National Average Price,2020 October,Medium eggs per half dozen,Euro,1.428
National Average Price,2020 October,Butter per lb,Euro,2.992
National Average Price,2020 October,Grapes per kg,Euro,5.037
National Average Price,2020 October,Bananas per kg,Euro,1.463
National Average Price,2020 October,Tomatoes per kg,Euro,3.362
National Average Price,2020 October,Onions per kg,Euro,1.211
National Average Price,2020 October,Broccoli per kg,Euro,2.672
National Average Price,2020 October,Carrots per kg,Euro,1.102
National Average Price,2020 October,Mushrooms per kg,Euro,3.712
National Average Price,2020 October,Tomatoes tinned per 400g,Euro,0.818
National Average Price,2020 October,Potatoes 2.5 kg,Euro,3.549
National Average Price,2020 October,Potatoes 7.5 kg,Euro,6.431
National Average Price,2020 October,Potatoes 10 kg,Euro,
National Average Price,2020 October,White granulated sugar per 1 kg,Euro,1.142
National Average Price,2020 October,Jam per lb,Euro,0.942
National Average Price,2020 October,Marmalade per lb,Euro,1.873
National Average Price,2020 October,Tea bags per 80,Euro,2.693
National Average Price,2020 October,Orange juice per litre,Euro,1.353
National Average Price,2020 October,Whiskey - take home (70cl bottle),Euro,25.578
National Average Price,2020 October,Brandy - take home (70cl bottle),Euro,31.883
National Average Price,2020 October,Vodka - take home (70cl bottle),Euro,19.226
National Average Price,2020 October,Cream liqueur - take home (70cl bottle),Euro,16.543
National Average Price,2020 October,Wine - take home (75cl bottle),Euro,
National Average Price,2020 October,Cider - take home (50cl can),Euro,2.166
National Average Price,2020 October,Sherry - take home (75cl bottle),Euro,
National Average Price,2020 October,Lager - take home (50cl can),Euro,1.933
National Average Price,2020 October,Stout - take home (50cl can),Euro,2.32
National Average Price,2020 October,Filtered cigarettes per 20 pk,Euro,13.442
National Average Price,2020 October,Stout - draught bar (1 pint),Euro,4.928
National Average Price,2020 October,Lager - draught bar (1 pint),Euro,5.224
National Average Price,2020 October,Lager - bar (33cl bottle),Euro,5.128
National Average Price,2020 October,Cider - draught bar (1 pint),Euro,5.375
National Average Price,2020 October,Ale - draught bar (1 pint),Euro,5.008
National Average Price,2020 October,Cider - bar (33cl bottle),Euro,5.319
National Average Price,2020 October,Flavoured alcoholic drink - bar (275ml bottle),Euro,5.691
National Average Price,2020 October,Whiskey - bar (single) per ½ glass,Euro,4.837
National Average Price,2020 October,Brandy - bar (single) per ½ glass,Euro,5.125
National Average Price,2020 October,Vodka - bar (single) per ½ glass,Euro,4.852
National Average Price,2020 October,Wine - bar (187ml bottle),Euro,
National Average Price,2020 October,Diesel per litre,Euro,1.244
National Average Price,2020 October,Petrol - unleaded per litre,Euro,1.361
National Average Price,2020 October,Cinema fee,Euro,
National Average Price,2020 October,Nightclubs fee,Euro,
National Average Price,2020 October,Gent's dry cut fee,Euro,16.613
National Average Price,2020 October,"Gent's wash, cut, and blow dry fee",Euro,
National Average Price,2020 October,"Ladies' wash, cut and blow dry fee",Euro,46.929
National Average Price,2020 November,"White, self raising flour per 2 kg",Euro,1.977
National Average Price,2020 November,"Brown, wholemeal flour per 2 kg",Euro,2.792
National Average Price,2020 November,"Bread, white sliced pan, large (800g)",Euro,1.294
National Average Price,2020 November,"Bread, brown sliced pan, large (800g)",Euro,1.448
National Average Price,2020 November,Spaghetti per 500g,Euro,1.019
National Average Price,2020 November,Sirloin steak per kg,Euro,14.95
National Average Price,2020 November,Striploin steak per kg,Euro,19.911
National Average Price,2020 November,Roast beef - topside or rib per kg,Euro,13.21
National Average Price,2020 November,Sliced / diced beef pieces per kg,Euro,9.758
National Average Price,2020 November,Pork loin chops per kg,Euro,7.817
National Average Price,2020 November,Pork steak per kg,Euro,8.779
National Average Price,2020 November,Lamb - whole leg / half leg per kg,Euro,12.67
National Average Price,2020 November,Lamb loin chops per kg,Euro,18.184
National Average Price,2020 November,Lamb gigot chops per kg,Euro,
National Average Price,2020 November,Uncooked chicken medium size 1.6kg,Euro,4.669
National Average Price,2020 November,Lamb's liver per kg,Euro,
National Average Price,2020 November,Ham fillet per kg,Euro,5.749
National Average Price,2020 November,Cooked ham per kg,Euro,17.994
National Average Price,2020 November,Best back rashers per kg,Euro,9.339
National Average Price,2020 November,Pork sausages per kg,Euro,6.325
National Average Price,2020 November,Fresh fillet of whiting per kg,Euro,
National Average Price,2020 November,Fresh fillet of cod per kg,Euro,17.212
National Average Price,2020 November,Fresh salmon per kg,Euro,21.327
National Average Price,2020 November,Fresh fillet of plaice per kg,Euro,
National Average Price,2020 November,Fresh hake per kg,Euro,
National Average Price,2020 November,Smoked salmon per kg,Euro,31.761
National Average Price,2020 November,Full fat milk per 2 litre,Euro,1.687
National Average Price,2020 November,Low fat milk per 1 litre,Euro,1.025
National Average Price,2020 November,Irish cheddar per kg,Euro,8.618
National Average Price,2020 November,Large eggs per half dozen,Euro,1.78
National Average Price,2020 November,Medium eggs per half dozen,Euro,1.425
National Average Price,2020 November,Butter per lb,Euro,3.079
National Average Price,2020 November,Grapes per kg,Euro,5.094
National Average Price,2020 November,Bananas per kg,Euro,1.464
National Average Price,2020 November,Tomatoes per kg,Euro,3.248
National Average Price,2020 November,Onions per kg,Euro,1.202
National Average Price,2020 November,Broccoli per kg,Euro,2.549
National Average Price,2020 November,Carrots per kg,Euro,1.121
National Average Price,2020 November,Mushrooms per kg,Euro,3.689
National Average Price,2020 November,Tomatoes tinned per 400g,Euro,0.804
National Average Price,2020 November,Potatoes 2.5 kg,Euro,3.517
National Average Price,2020 November,Potatoes 7.5 kg,Euro,6.409
National Average Price,2020 November,Potatoes 10 kg,Euro,
National Average Price,2020 November,White granulated sugar per 1 kg,Euro,1.115
National Average Price,2020 November,Jam per lb,Euro,0.965
National Average Price,2020 November,Marmalade per lb,Euro,1.851
National Average Price,2020 November,Tea bags per 80,Euro,2.77
National Average Price,2020 November,Orange juice per litre,Euro,1.317
National Average Price,2020 November,Whiskey - take home (70cl bottle),Euro,24.572
National Average Price,2020 November,Brandy - take home (70cl bottle),Euro,29.565
National Average Price,2020 November,Vodka - take home (70cl bottle),Euro,19.253
National Average Price,2020 November,Cream liqueur - take home (70cl bottle),Euro,15.624
National Average Price,2020 November,Wine - take home (75cl bottle),Euro,
National Average Price,2020 November,Cider - take home (50cl can),Euro,2.024
National Average Price,2020 November,Sherry - take home (75cl bottle),Euro,
National Average Price,2020 November,Lager - take home (50cl can),Euro,1.92
National Average Price,2020 November,Stout - take home (50cl can),Euro,2.301
National Average Price,2020 November,Filtered cigarettes per 20 pk,Euro,13.622
National Average Price,2020 November,Stout - draught bar (1 pint),Euro,
National Average Price,2020 November,Lager - draught bar (1 pint),Euro,
National Average Price,2020 November,Lager - bar (33cl bottle),Euro,
National Average Price,2020 November,Cider - draught bar (1 pint),Euro,
National Average Price,2020 November,Ale - draught bar (1 pint),Euro,
National Average Price,2020 November,Cider - bar (33cl bottle),Euro,
National Average Price,2020 November,Flavoured alcoholic drink - bar (275ml bottle),Euro,
National Average Price,2020 November,Whiskey - bar (single) per ½ glass,Euro,
National Average Price,2020 November,Brandy - bar (single) per ½ glass,Euro,
National Average Price,2020 November,Vodka - bar (single) per ½ glass,Euro,
National Average Price,2020 November,Wine - bar (187ml bottle),Euro,
National Average Price,2020 November,Diesel per litre,Euro,1.253
National Average Price,2020 November,Petrol - unleaded per litre,Euro,1.363
National Average Price,2020 November,Cinema fee,Euro,
National Average Price,2020 November,Nightclubs fee,Euro,
National Average Price,2020 November,Gent's dry cut fee,Euro,
National Average Price,2020 November,"Gent's wash, cut, and blow dry fee",Euro,
National Average Price,2020 November,"Ladies' wash, cut and blow dry fee",Euro,
National Average Price,2020 December,"White, self raising flour per 2 kg",Euro,1.964
National Average Price,2020 December,"Brown, wholemeal flour per 2 kg",Euro,2.792
National Average Price,2020 December,"Bread, white sliced pan, large (800g)",Euro,1.304
National Average Price,2020 December,"Bread, brown sliced pan, large (800g)",Euro,1.467
National Average Price,2020 December,Spaghetti per 500g,Euro,1.017
National Average Price,2020 December,Sirloin steak per kg,Euro,14.946
National Average Price,2020 December,Striploin steak per kg,Euro,19.797
National Average Price,2020 December,Roast beef - topside or rib per kg,Euro,12.249
National Average Price,2020 December,Sliced / diced beef pieces per kg,Euro,9.282
National Average Price,2020 December,Pork loin chops per kg,Euro,7.834
National Average Price,2020 December,Pork steak per kg,Euro,8.307
National Average Price,2020 December,Lamb - whole leg / half leg per kg,Euro,12.678
National Average Price,2020 December,Lamb loin chops per kg,Euro,18.001
National Average Price,2020 December,Lamb gigot chops per kg,Euro,
National Average Price,2020 December,Uncooked chicken medium size 1.6kg,Euro,4.59
National Average Price,2020 December,Lamb's liver per kg,Euro,
National Average Price,2020 December,Ham fillet per kg,Euro,5.688
National Average Price,2020 December,Cooked ham per kg,Euro,18.058
National Average Price,2020 December,Best back rashers per kg,Euro,9.237
National Average Price,2020 December,Pork sausages per kg,Euro,6.351
National Average Price,2020 December,Fresh fillet of whiting per kg,Euro,
National Average Price,2020 December,Fresh fillet of cod per kg,Euro,17.212
National Average Price,2020 December,Fresh salmon per kg,Euro,21.197
National Average Price,2020 December,Fresh fillet of plaice per kg,Euro,
National Average Price,2020 December,Fresh hake per kg,Euro,
National Average Price,2020 December,Smoked salmon per kg,Euro,31.049
National Average Price,2020 December,Full fat milk per 2 litre,Euro,1.687
National Average Price,2020 December,Low fat milk per 1 litre,Euro,1.025
National Average Price,2020 December,Irish cheddar per kg,Euro,8.992
National Average Price,2020 December,Large eggs per half dozen,Euro,1.78
National Average Price,2020 December,Medium eggs per half dozen,Euro,1.425
National Average Price,2020 December,Butter per lb,Euro,3.006
National Average Price,2020 December,Grapes per kg,Euro,5.094
National Average Price,2020 December,Bananas per kg,Euro,1.465
National Average Price,2020 December,Tomatoes per kg,Euro,3.319
National Average Price,2020 December,Onions per kg,Euro,1.21
National Average Price,2020 December,Broccoli per kg,Euro,2.586
National Average Price,2020 December,Carrots per kg,Euro,1.107
National Average Price,2020 December,Mushrooms per kg,Euro,3.673
National Average Price,2020 December,Tomatoes tinned per 400g,Euro,0.851
National Average Price,2020 December,Potatoes 2.5 kg,Euro,3.567
National Average Price,2020 December,Potatoes 7.5 kg,Euro,6.461
National Average Price,2020 December,Potatoes 10 kg,Euro,
National Average Price,2020 December,White granulated sugar per 1 kg,Euro,1.139
National Average Price,2020 December,Jam per lb,Euro,0.942
National Average Price,2020 December,Marmalade per lb,Euro,1.811
National Average Price,2020 December,Tea bags per 80,Euro,2.708
National Average Price,2020 December,Orange juice per litre,Euro,1.302
National Average Price,2020 December,Whiskey - take home (70cl bottle),Euro,23.897
National Average Price,2020 December,Brandy - take home (70cl bottle),Euro,26.974
National Average Price,2020 December,Vodka - take home (70cl bottle),Euro,18.422
National Average Price,2020 December,Cream liqueur - take home (70cl bottle),Euro,15.021
National Average Price,2020 December,Wine - take home (75cl bottle),Euro,
National Average Price,2020 December,Cider - take home (50cl can),Euro,2.074
National Average Price,2020 December,Sherry - take home (75cl bottle),Euro,
National Average Price,2020 December,Lager - take home (50cl can),Euro,1.915
National Average Price,2020 December,Stout - take home (50cl can),Euro,2.315
National Average Price,2020 December,Filtered cigarettes per 20 pk,Euro,13.63
National Average Price,2020 December,Stout - draught bar (1 pint),Euro,4.882
National Average Price,2020 December,Lager - draught bar (1 pint),Euro,5.26
National Average Price,2020 December,Lager - bar (33cl bottle),Euro,5.074
National Average Price,2020 December,Cider - draught bar (1 pint),Euro,5.355
National Average Price,2020 December,Ale - draught bar (1 pint),Euro,4.935
National Average Price,2020 December,Cider - bar (33cl bottle),Euro,5.255
National Average Price,2020 December,Flavoured alcoholic drink - bar (275ml bottle),Euro,5.731
National Average Price,2020 December,Whiskey - bar (single) per ½ glass,Euro,4.772
National Average Price,2020 December,Brandy - bar (single) per ½ glass,Euro,5.107
National Average Price,2020 December,Vodka - bar (single) per ½ glass,Euro,4.837
National Average Price,2020 December,Wine - bar (187ml bottle),Euro,
National Average Price,2020 December,Diesel per litre,Euro,1.181
National Average Price,2020 December,Petrol - unleaded per litre,Euro,1.283
National Average Price,2020 December,Cinema fee,Euro,10.052
National Average Price,2020 December,Nightclubs fee,Euro,
National Average Price,2020 December,Gent's dry cut fee,Euro,16.651
National Average Price,2020 December,"Gent's wash, cut, and blow dry fee",Euro,
National Average Price,2020 December,"Ladies' wash, cut and blow dry fee",Euro,46.983
National Average Price,2021 January,"White, self raising flour per 2 kg",Euro,1.976
National Average Price,2021 January,"Brown, wholemeal flour per 2 kg",Euro,2.758
National Average Price,2021 January,"Bread, white sliced pan, large (800g)",Euro,1.283
National Average Price,2021 January,"Bread, brown sliced pan, large (800g)",Euro,1.447
National Average Price,2021 January,Spaghetti per 500g,Euro,0.979
National Average Price,2021 January,Sirloin steak per kg,Euro,14.714
National Average Price,2021 January,Striploin steak per kg,Euro,19.403
National Average Price,2021 January,Roast beef - topside or rib per kg,Euro,12.628
National Average Price,2021 January,Sliced / diced beef pieces per kg,Euro,9.648
National Average Price,2021 January,Pork loin chops per kg,Euro,7.652
National Average Price,2021 January,Pork steak per kg,Euro,8.415
National Average Price,2021 January,Lamb - whole leg / half leg per kg,Euro,12.258
National Average Price,2021 January,Lamb loin chops per kg,Euro,18.269
National Average Price,2021 January,Lamb gigot chops per kg,Euro,
National Average Price,2021 January,Uncooked chicken medium size 1.6kg,Euro,4.601
National Average Price,2021 January,Lamb's liver per kg,Euro,
National Average Price,2021 January,Ham fillet per kg,Euro,5.708
National Average Price,2021 January,Cooked ham per kg,Euro,17.932
National Average Price,2021 January,Best back rashers per kg,Euro,9.259
National Average Price,2021 January,Pork sausages per kg,Euro,6.242
National Average Price,2021 January,Fresh fillet of whiting per kg,Euro,
National Average Price,2021 January,Fresh fillet of cod per kg,Euro,17.212
National Average Price,2021 January,Fresh salmon per kg,Euro,21.379
National Average Price,2021 January,Fresh fillet of plaice per kg,Euro,
National Average Price,2021 January,Fresh hake per kg,Euro,
National Average Price,2021 January,Smoked salmon per kg,Euro,32.841
National Average Price,2021 January,Full fat milk per 2 litre,Euro,1.687
National Average Price,2021 January,Low fat milk per 1 litre,Euro,1.023
National Average Price,2021 January,Irish cheddar per kg,Euro,9.071
National Average Price,2021 January,Large eggs per half dozen,Euro,1.78
National Average Price,2021 January,Medium eggs per half dozen,Euro,1.414
National Average Price,2021 January,Butter per lb,Euro,3.07
National Average Price,2021 January,Grapes per kg,Euro,5.121
National Average Price,2021 January,Bananas per kg,Euro,1.293
National Average Price,2021 January,Tomatoes per kg,Euro,3.292
National Average Price,2021 January,Onions per kg,Euro,1.193
National Average Price,2021 January,Broccoli per kg,Euro,2.635
National Average Price,2021 January,Carrots per kg,Euro,1.102
National Average Price,2021 January,Mushrooms per kg,Euro,3.704
National Average Price,2021 January,Tomatoes tinned per 400g,Euro,0.844
National Average Price,2021 January,Potatoes 2.5 kg,Euro,3.58
National Average Price,2021 January,Potatoes 7.5 kg,Euro,6.354
National Average Price,2021 January,Potatoes 10 kg,Euro,
National Average Price,2021 January,White granulated sugar per 1 kg,Euro,1.177
National Average Price,2021 January,Jam per lb,Euro,0.945
National Average Price,2021 January,Marmalade per lb,Euro,1.84
National Average Price,2021 January,Tea bags per 80,Euro,2.721
National Average Price,2021 January,Orange juice per litre,Euro,1.363
National Average Price,2021 January,Whiskey - take home (70cl bottle),Euro,27.158
National Average Price,2021 January,Brandy - take home (70cl bottle),Euro,31.256
National Average Price,2021 January,Vodka - take home (70cl bottle),Euro,20.692
National Average Price,2021 January,Cream liqueur - take home (70cl bottle),Euro,16.897
National Average Price,2021 January,Wine - take home (75cl bottle),Euro,
National Average Price,2021 January,Cider - take home (50cl can),Euro,2.146
National Average Price,2021 January,Sherry - take home (75cl bottle),Euro,
National Average Price,2021 January,Lager - take home (50cl can),Euro,1.873
National Average Price,2021 January,Stout - take home (50cl can),Euro,2.248
National Average Price,2021 January,Filtered cigarettes per 20 pk,Euro,13.642
National Average Price,2021 January,Stout - draught bar (1 pint),Euro,
National Average Price,2021 January,Lager - draught bar (1 pint),Euro,
National Average Price,2021 January,Lager - bar (33cl bottle),Euro,
National Average Price,2021 January,Cider - draught bar (1 pint),Euro,
National Average Price,2021 January,Ale - draught bar (1 pint),Euro,
National Average Price,2021 January,Cider - bar (33cl bottle),Euro,
National Average Price,2021 January,Flavoured alcoholic drink - bar (275ml bottle),Euro,
National Average Price,2021 January,Whiskey - bar (single) per ½ glass,Euro,
National Average Price,2021 January,Brandy - bar (single) per ½ glass,Euro,
National Average Price,2021 January,Vodka - bar (single) per ½ glass,Euro,
National Average Price,2021 January,Wine - bar (187ml bottle),Euro,
National Average Price,2021 January,Diesel per litre,Euro,1.214
National Average Price,2021 January,Petrol - unleaded per litre,Euro,1.314
National Average Price,2021 January,Cinema fee,Euro,
National Average Price,2021 January,Nightclubs fee,Euro,
National Average Price,2021 January,Gent's dry cut fee,Euro,
National Average Price,2021 January,"Gent's wash, cut, and blow dry fee",Euro,
National Average Price,2021 January,"Ladies' wash, cut and blow dry fee",Euro,
National Average Price,2021 February,"White, self raising flour per 2 kg",Euro,1.976
National Average Price,2021 February,"Brown, wholemeal flour per 2 kg",Euro,2.788
National Average Price,2021 February,"Bread, white sliced pan, large (800g)",Euro,1.302
National Average Price,2021 February,"Bread, brown sliced pan, large (800g)",Euro,1.44
National Average Price,2021 February,Spaghetti per 500g,Euro,1.009
National Average Price,2021 February,Sirloin steak per kg,Euro,14.573
National Average Price,2021 February,Striploin steak per kg,Euro,18.929
National Average Price,2021 February,Roast beef - topside or rib per kg,Euro,12.778
National Average Price,2021 February,Sliced / diced beef pieces per kg,Euro,9.367
National Average Price,2021 February,Pork loin chops per kg,Euro,7.742
National Average Price,2021 February,Pork steak per kg,Euro,7.916
National Average Price,2021 February,Lamb - whole leg / half leg per kg,Euro,10.251
National Average Price,2021 February,Lamb loin chops per kg,Euro,18.036
National Average Price,2021 February,Lamb gigot chops per kg,Euro,
National Average Price,2021 February,Uncooked chicken medium size 1.6kg,Euro,4.569
National Average Price,2021 February,Lamb's liver per kg,Euro,
National Average Price,2021 February,Ham fillet per kg,Euro,5.702
National Average Price,2021 February,Cooked ham per kg,Euro,17.954
National Average Price,2021 February,Best back rashers per kg,Euro,9.283
National Average Price,2021 February,Pork sausages per kg,Euro,6.307
National Average Price,2021 February,Fresh fillet of whiting per kg,Euro,
National Average Price,2021 February,Fresh fillet of cod per kg,Euro,17.212
National Average Price,2021 February,Fresh salmon per kg,Euro,20.922
National Average Price,2021 February,Fresh fillet of plaice per kg,Euro,
National Average Price,2021 February,Fresh hake per kg,Euro,
National Average Price,2021 February,Smoked salmon per kg,Euro,32.202
National Average Price,2021 February,Full fat milk per 2 litre,Euro,1.687
National Average Price,2021 February,Low fat milk per 1 litre,Euro,1.025
National Average Price,2021 February,Irish cheddar per kg,Euro,8.646
National Average Price,2021 February,Large eggs per half dozen,Euro,1.776
National Average Price,2021 February,Medium eggs per half dozen,Euro,1.396
National Average Price,2021 February,Butter per lb,Euro,3.095
National Average Price,2021 February,Grapes per kg,Euro,5.121
National Average Price,2021 February,Bananas per kg,Euro,1.443
National Average Price,2021 February,Tomatoes per kg,Euro,3.362
National Average Price,2021 February,Onions per kg,Euro,1.181
National Average Price,2021 February,Broccoli per kg,Euro,2.758
National Average Price,2021 February,Carrots per kg,Euro,1.124
National Average Price,2021 February,Mushrooms per kg,Euro,3.665
National Average Price,2021 February,Tomatoes tinned per 400g,Euro,0.825
National Average Price,2021 February,Potatoes 2.5 kg,Euro,3.556
National Average Price,2021 February,Potatoes 7.5 kg,Euro,6.448
National Average Price,2021 February,Potatoes 10 kg,Euro,
National Average Price,2021 February,White granulated sugar per 1 kg,Euro,1.162
National Average Price,2021 February,Jam per lb,Euro,0.929
National Average Price,2021 February,Marmalade per lb,Euro,1.86
National Average Price,2021 February,Tea bags per 80,Euro,2.728
National Average Price,2021 February,Orange juice per litre,Euro,1.353
National Average Price,2021 February,Whiskey - take home (70cl bottle),Euro,27.178
National Average Price,2021 February,Brandy - take home (70cl bottle),Euro,30.901
National Average Price,2021 February,Vodka - take home (70cl bottle),Euro,20.809
National Average Price,2021 February,Cream liqueur - take home (70cl bottle),Euro,15.654
National Average Price,2021 February,Wine - take home (75cl bottle),Euro,
National Average Price,2021 February,Cider - take home (50cl can),Euro,2.223
National Average Price,2021 February,Sherry - take home (75cl bottle),Euro,
National Average Price,2021 February,Lager - take home (50cl can),Euro,1.91
National Average Price,2021 February,Stout - take home (50cl can),Euro,2.298
National Average Price,2021 February,Filtered cigarettes per 20 pk,Euro,13.645
National Average Price,2021 February,Stout - draught bar (1 pint),Euro,
National Average Price,2021 February,Lager - draught bar (1 pint),Euro,
National Average Price,2021 February,Lager - bar (33cl bottle),Euro,
National Average Price,2021 February,Cider - draught bar (1 pint),Euro,
National Average Price,2021 February,Ale - draught bar (1 pint),Euro,
National Average Price,2021 February,Cider - bar (33cl bottle),Euro,
National Average Price,2021 February,Flavoured alcoholic drink - bar (275ml bottle),Euro,
National Average Price,2021 February,Whiskey - bar (single) per ½ glass,Euro,
National Average Price,2021 February,Brandy - bar (single) per ½ glass,Euro,
National Average Price,2021 February,Vodka - bar (single) per ½ glass,Euro,
National Average Price,2021 February,Wine - bar (187ml bottle),Euro,
National Average Price,2021 February,Diesel per litre,Euro,1.251
National Average Price,2021 February,Petrol - unleaded per litre,Euro,1.346
National Average Price,2021 February,Cinema fee,Euro,
National Average Price,2021 February,Nightclubs fee,Euro,
National Average Price,2021 February,Gent's dry cut fee,Euro,
National Average Price,2021 February,"Gent's wash, cut, and blow dry fee",Euro,
National Average Price,2021 February,"Ladies' wash, cut and blow dry fee",Euro,
National Average Price,2021 March,"White, self raising flour per 2 kg",Euro,1.976
National Average Price,2021 March,"Brown, wholemeal flour per 2 kg",Euro,2.788
National Average Price,2021 March,"Bread, white sliced pan, large (800g)",Euro,1.303
National Average Price,2021 March,"Bread, brown sliced pan, large (800g)",Euro,1.416
National Average Price,2021 March,Spaghetti per 500g,Euro,1.022
National Average Price,2021 March,Sirloin steak per kg,Euro,14.595
National Average Price,2021 March,Striploin steak per kg,Euro,19.911
National Average Price,2021 March,Roast beef - topside or rib per kg,Euro,12.399
National Average Price,2021 March,Sliced / diced beef pieces per kg,Euro,9.468
National Average Price,2021 March,Pork loin chops per kg,Euro,7.667
National Average Price,2021 March,Pork steak per kg,Euro,8.779
National Average Price,2021 March,Lamb - whole leg / half leg per kg,Euro,11.593
National Average Price,2021 March,Lamb loin chops per kg,Euro,18.434
National Average Price,2021 March,Lamb gigot chops per kg,Euro,
National Average Price,2021 March,Uncooked chicken medium size 1.6kg,Euro,4.598
National Average Price,2021 March,Lamb's liver per kg,Euro,
National Average Price,2021 March,Ham fillet per kg,Euro,5.711
National Average Price,2021 March,Cooked ham per kg,Euro,17.934
National Average Price,2021 March,Best back rashers per kg,Euro,9.31
National Average Price,2021 March,Pork sausages per kg,Euro,6.322
National Average Price,2021 March,Fresh fillet of whiting per kg,Euro,
National Average Price,2021 March,Fresh fillet of cod per kg,Euro,17.212
National Average Price,2021 March,Fresh salmon per kg,Euro,21.269
National Average Price,2021 March,Fresh fillet of plaice per kg,Euro,
National Average Price,2021 March,Fresh hake per kg,Euro,
National Average Price,2021 March,Smoked salmon per kg,Euro,32.441
National Average Price,2021 March,Full fat milk per 2 litre,Euro,1.687
National Average Price,2021 March,Low fat milk per 1 litre,Euro,1.027
National Average Price,2021 March,Irish cheddar per kg,Euro,8.802
National Average Price,2021 March,Large eggs per half dozen,Euro,1.782
National Average Price,2021 March,Medium eggs per half dozen,Euro,1.398
National Average Price,2021 March,Butter per lb,Euro,3.078
National Average Price,2021 March,Grapes per kg,Euro,4.856
National Average Price,2021 March,Bananas per kg,Euro,1.443
National Average Price,2021 March,Tomatoes per kg,Euro,3.337
National Average Price,2021 March,Onions per kg,Euro,1.196
National Average Price,2021 March,Broccoli per kg,Euro,2.549
National Average Price,2021 March,Carrots per kg,Euro,1.111
National Average Price,2021 March,Mushrooms per kg,Euro,3.721
National Average Price,2021 March,Tomatoes tinned per 400g,Euro,0.855
National Average Price,2021 March,Potatoes 2.5 kg,Euro,3.526
National Average Price,2021 March,Potatoes 7.5 kg,Euro,6.434
National Average Price,2021 March,Potatoes 10 kg,Euro,
National Average Price,2021 March,White granulated sugar per 1 kg,Euro,1.176
National Average Price,2021 March,Jam per lb,Euro,0.96
National Average Price,2021 March,Marmalade per lb,Euro,1.85
National Average Price,2021 March,Tea bags per 80,Euro,2.773
National Average Price,2021 March,Orange juice per litre,Euro,1.373
National Average Price,2021 March,Whiskey - take home (70cl bottle),Euro,26.024
National Average Price,2021 March,Brandy - take home (70cl bottle),Euro,31.552
National Average Price,2021 March,Vodka - take home (70cl bottle),Euro,20.721
National Average Price,2021 March,Cream liqueur - take home (70cl bottle),Euro,16.624
National Average Price,2021 March,Wine - take home (75cl bottle),Euro,
National Average Price,2021 March,Cider - take home (50cl can),Euro,2.186
National Average Price,2021 March,Sherry - take home (75cl bottle),Euro,
National Average Price,2021 March,Lager - take home (50cl can),Euro,1.839
National Average Price,2021 March,Stout - take home (50cl can),Euro,2.298
National Average Price,2021 March,Filtered cigarettes per 20 pk,Euro,13.841
National Average Price,2021 March,Stout - draught bar (1 pint),Euro,
National Average Price,2021 March,Lager - draught bar (1 pint),Euro,
National Average Price,2021 March,Lager - bar (33cl bottle),Euro,
National Average Price,2021 March,Cider - draught bar (1 pint),Euro,
National Average Price,2021 March,Ale - draught bar (1 pint),Euro,
National Average Price,2021 March,Cider - bar (33cl bottle),Euro,
National Average Price,2021 March,Flavoured alcoholic drink - bar (275ml bottle),Euro,
National Average Price,2021 March,Whiskey - bar (single) per ½ glass,Euro,
National Average Price,2021 March,Brandy - bar (single) per ½ glass,Euro,
National Average Price,2021 March,Vodka - bar (single) per ½ glass,Euro,
National Average Price,2021 March,Wine - bar (187ml bottle),Euro,
National Average Price,2021 March,Diesel per litre,Euro,1.332
National Average Price,2021 March,Petrol - unleaded per litre,Euro,1.429
National Average Price,2021 March,Cinema fee,Euro,
National Average Price,2021 March,Nightclubs fee,Euro,
National Average Price,2021 March,Gent's dry cut fee,Euro,
National Average Price,2021 March,"Gent's wash, cut, and blow dry fee",Euro,
National Average Price,2021 March,"Ladies' wash, cut and blow dry fee",Euro,
National Average Price,2021 April,"White, self raising flour per 2 kg",Euro,1.976
National Average Price,2021 April,"Brown, wholemeal flour per 2 kg",Euro,2.788
National Average Price,2021 April,"Bread, white sliced pan, large (800g)",Euro,1.338
National Average Price,2021 April,"Bread, brown sliced pan, large (800g)",Euro,1.538
National Average Price,2021 April,Spaghetti per 500g,Euro,1.029
National Average Price,2021 April,Sirloin steak per kg,Euro,14.848
National Average Price,2021 April,Striploin steak per kg,Euro,19.669
National Average Price,2021 April,Roast beef - topside or rib per kg,Euro,12.316
National Average Price,2021 April,Sliced / diced beef pieces per kg,Euro,9.475
National Average Price,2021 April,Pork loin chops per kg,Euro,7.75
National Average Price,2021 April,Pork steak per kg,Euro,7.969
National Average Price,2021 April,Lamb - whole leg / half leg per kg,Euro,12.046
National Average Price,2021 April,Lamb loin chops per kg,Euro,18.434
National Average Price,2021 April,Lamb gigot chops per kg,Euro,
National Average Price,2021 April,Uncooked chicken medium size 1.6kg,Euro,4.608
National Average Price,2021 April,Lamb's liver per kg,Euro,
National Average Price,2021 April,Ham fillet per kg,Euro,5.762
National Average Price,2021 April,Cooked ham per kg,Euro,17.828
National Average Price,2021 April,Best back rashers per kg,Euro,9.263
National Average Price,2021 April,Pork sausages per kg,Euro,6.254
National Average Price,2021 April,Fresh fillet of whiting per kg,Euro,
National Average Price,2021 April,Fresh fillet of cod per kg,Euro,16.513
National Average Price,2021 April,Fresh salmon per kg,Euro,21.313
National Average Price,2021 April,Fresh fillet of plaice per kg,Euro,
National Average Price,2021 April,Fresh hake per kg,Euro,
National Average Price,2021 April,Smoked salmon per kg,Euro,32.42
National Average Price,2021 April,Full fat milk per 2 litre,Euro,1.687
National Average Price,2021 April,Low fat milk per 1 litre,Euro,1.025
National Average Price,2021 April,Irish cheddar per kg,Euro,8.7
National Average Price,2021 April,Large eggs per half dozen,Euro,1.782
National Average Price,2021 April,Medium eggs per half dozen,Euro,1.387
National Average Price,2021 April,Butter per lb,Euro,3.018
National Average Price,2021 April,Grapes per kg,Euro,4.774
National Average Price,2021 April,Bananas per kg,Euro,1.422
National Average Price,2021 April,Tomatoes per kg,Euro,3.375
National Average Price,2021 April,Onions per kg,Euro,1.195
National Average Price,2021 April,Broccoli per kg,Euro,2.624
National Average Price,2021 April,Carrots per kg,Euro,1.128
National Average Price,2021 April,Mushrooms per kg,Euro,3.698
National Average Price,2021 April,Tomatoes tinned per 400g,Euro,0.848
National Average Price,2021 April,Potatoes 2.5 kg,Euro,3.563
National Average Price,2021 April,Potatoes 7.5 kg,Euro,6.39
National Average Price,2021 April,Potatoes 10 kg,Euro,
National Average Price,2021 April,White granulated sugar per 1 kg,Euro,1.144
National Average Price,2021 April,Jam per lb,Euro,0.943
National Average Price,2021 April,Marmalade per lb,Euro,1.87
National Average Price,2021 April,Tea bags per 80,Euro,2.722
National Average Price,2021 April,Orange juice per litre,Euro,1.421
National Average Price,2021 April,Whiskey - take home (70cl bottle),Euro,26.357
National Average Price,2021 April,Brandy - take home (70cl bottle),Euro,29.682
National Average Price,2021 April,Vodka - take home (70cl bottle),Euro,20.71
National Average Price,2021 April,Cream liqueur - take home (70cl bottle),Euro,16.718
National Average Price,2021 April,Wine - take home (75cl bottle),Euro,
National Average Price,2021 April,Cider - take home (50cl can),Euro,2.215
National Average Price,2021 April,Sherry - take home (75cl bottle),Euro,
National Average Price,2021 April,Lager - take home (50cl can),Euro,1.881
National Average Price,2021 April,Stout - take home (50cl can),Euro,2.307
National Average Price,2021 April,Filtered cigarettes per 20 pk,Euro,13.984
National Average Price,2021 April,Stout - draught bar (1 pint),Euro,
National Average Price,2021 April,Lager - draught bar (1 pint),Euro,
National Average Price,2021 April,Lager - bar (33cl bottle),Euro,
National Average Price,2021 April,Cider - draught bar (1 pint),Euro,
National Average Price,2021 April,Ale - draught bar (1 pint),Euro,
National Average Price,2021 April,Cider - bar (33cl bottle),Euro,
National Average Price,2021 April,Flavoured alcoholic drink - bar (275ml bottle),Euro,
National Average Price,2021 April,Whiskey - bar (single) per ½ glass,Euro,
National Average Price,2021 April,Brandy - bar (single) per ½ glass,Euro,
National Average Price,2021 April,Vodka - bar (single) per ½ glass,Euro,
National Average Price,2021 April,Wine - bar (187ml bottle),Euro,
National Average Price,2021 April,Diesel per litre,Euro,1.35
National Average Price,2021 April,Petrol - unleaded per litre,Euro,1.46
National Average Price,2021 April,Cinema fee,Euro,
National Average Price,2021 April,Nightclubs fee,Euro,
National Average Price,2021 April,Gent's dry cut fee,Euro,16.739
National Average Price,2021 April,"Gent's wash, cut, and blow dry fee",Euro,
National Average Price,2021 April,"Ladies' wash, cut and blow dry fee",Euro,47.397
National Average Price,2021 May,"White, self raising flour per 2 kg",Euro,1.968
National Average Price,2021 May,"Brown, wholemeal flour per 2 kg",Euro,2.788
National Average Price,2021 May,"Bread, white sliced pan, large (800g)",Euro,1.36
National Average Price,2021 May,"Bread, brown sliced pan, large (800g)",Euro,1.535
National Average Price,2021 May,Spaghetti per 500g,Euro,1.016
National Average Price,2021 May,Sirloin steak per kg,Euro,14.04
National Average Price,2021 May,Striploin steak per kg,Euro,19.719
National Average Price,2021 May,Roast beef - topside or rib per kg,Euro,12.109
National Average Price,2021 May,Sliced / diced beef pieces per kg,Euro,9.545
National Average Price,2021 May,Pork loin chops per kg,Euro,7.472
National Average Price,2021 May,Pork steak per kg,Euro,8.373
National Average Price,2021 May,Lamb - whole leg / half leg per kg,Euro,12.704
National Average Price,2021 May,Lamb loin chops per kg,Euro,18.434
National Average Price,2021 May,Lamb gigot chops per kg,Euro,
National Average Price,2021 May,Uncooked chicken medium size 1.6kg,Euro,4.652
National Average Price,2021 May,Lamb's liver per kg,Euro,
National Average Price,2021 May,Ham fillet per kg,Euro,5.65
National Average Price,2021 May,Cooked ham per kg,Euro,17.256
National Average Price,2021 May,Best back rashers per kg,Euro,9.265
National Average Price,2021 May,Pork sausages per kg,Euro,6.351
National Average Price,2021 May,Fresh fillet of whiting per kg,Euro,
National Average Price,2021 May,Fresh fillet of cod per kg,Euro,17.212
National Average Price,2021 May,Fresh salmon per kg,Euro,21.157
National Average Price,2021 May,Fresh fillet of plaice per kg,Euro,
National Average Price,2021 May,Fresh hake per kg,Euro,
National Average Price,2021 May,Smoked salmon per kg,Euro,32.868
National Average Price,2021 May,Full fat milk per 2 litre,Euro,1.687
National Average Price,2021 May,Low fat milk per 1 litre,Euro,1.023
National Average Price,2021 May,Irish cheddar per kg,Euro,8.958
National Average Price,2021 May,Large eggs per half dozen,Euro,1.773
National Average Price,2021 May,Medium eggs per half dozen,Euro,1.365
National Average Price,2021 May,Butter per lb,Euro,2.975
National Average Price,2021 May,Grapes per kg,Euro,4.709
National Average Price,2021 May,Bananas per kg,Euro,1.531
National Average Price,2021 May,Tomatoes per kg,Euro,3.371
National Average Price,2021 May,Onions per kg,Euro,1.208
National Average Price,2021 May,Broccoli per kg,Euro,2.756
National Average Price,2021 May,Carrots per kg,Euro,1.128
National Average Price,2021 May,Mushrooms per kg,Euro,3.664
National Average Price,2021 May,Tomatoes tinned per 400g,Euro,0.854
National Average Price,2021 May,Potatoes 2.5 kg,Euro,3.59
National Average Price,2021 May,Potatoes 7.5 kg,Euro,6.305
National Average Price,2021 May,Potatoes 10 kg,Euro,
National Average Price,2021 May,White granulated sugar per 1 kg,Euro,1.176
National Average Price,2021 May,Jam per lb,Euro,0.923
National Average Price,2021 May,Marmalade per lb,Euro,1.859
National Average Price,2021 May,Tea bags per 80,Euro,2.791
National Average Price,2021 May,Orange juice per litre,Euro,1.368
National Average Price,2021 May,Whiskey - take home (70cl bottle),Euro,26.004
National Average Price,2021 May,Brandy - take home (70cl bottle),Euro,29.713
National Average Price,2021 May,Vodka - take home (70cl bottle),Euro,20.82
National Average Price,2021 May,Cream liqueur - take home (70cl bottle),Euro,16.745
National Average Price,2021 May,Wine - take home (75cl bottle),Euro,
National Average Price,2021 May,Cider - take home (50cl can),Euro,2.172
National Average Price,2021 May,Sherry - take home (75cl bottle),Euro,
National Average Price,2021 May,Lager - take home (50cl can),Euro,1.897
National Average Price,2021 May,Stout - take home (50cl can),Euro,2.26
National Average Price,2021 May,Filtered cigarettes per 20 pk,Euro,13.948
National Average Price,2021 May,Stout - draught bar (1 pint),Euro,
National Average Price,2021 May,Lager - draught bar (1 pint),Euro,
National Average Price,2021 May,Lager - bar (33cl bottle),Euro,
National Average Price,2021 May,Cider - draught bar (1 pint),Euro,
National Average Price,2021 May,Ale - draught bar (1 pint),Euro,
National Average Price,2021 May,Cider - bar (33cl bottle),Euro,
National Average Price,2021 May,Flavoured alcoholic drink - bar (275ml bottle),Euro,
National Average Price,2021 May,Whiskey - bar (single) per ½ glass,Euro,
National Average Price,2021 May,Brandy - bar (single) per ½ glass,Euro,
National Average Price,2021 May,Vodka - bar (single) per ½ glass,Euro,
National Average Price,2021 May,Wine - bar (187ml bottle),Euro,
National Average Price,2021 May,Diesel per litre,Euro,1.364
National Average Price,2021 May,Petrol - unleaded per litre,Euro,1.475
National Average Price,2021 May,Cinema fee,Euro,
National Average Price,2021 May,Nightclubs fee,Euro,
National Average Price,2021 May,Gent's dry cut fee,Euro,17.11
National Average Price,2021 May,"Gent's wash, cut, and blow dry fee",Euro,
National Average Price,2021 May,"Ladies' wash, cut and blow dry fee",Euro,46.684
National Average Price,2021 June,"White, self raising flour per 2 kg",Euro,1.998
National Average Price,2021 June,"Brown, wholemeal flour per 2 kg",Euro,2.788
National Average Price,2021 June,"Bread, white sliced pan, large (800g)",Euro,1.371
National Average Price,2021 June,"Bread, brown sliced pan, large (800g)",Euro,1.582
National Average Price,2021 June,Spaghetti per 500g,Euro,1.015
National Average Price,2021 June,Sirloin steak per kg,Euro,14.195
National Average Price,2021 June,Striploin steak per kg,Euro,19.744
National Average Price,2021 June,Roast beef - topside or rib per kg,Euro,12.074
National Average Price,2021 June,Sliced / diced beef pieces per kg,Euro,9.455
National Average Price,2021 June,Pork loin chops per kg,Euro,7.501
National Average Price,2021 June,Pork steak per kg,Euro,8.725
National Average Price,2021 June,Lamb - whole leg / half leg per kg,Euro,11.6
National Average Price,2021 June,Lamb loin chops per kg,Euro,18.7
National Average Price,2021 June,Lamb gigot chops per kg,Euro,
National Average Price,2021 June,Uncooked chicken medium size 1.6kg,Euro,4.637
National Average Price,2021 June,Lamb's liver per kg,Euro,
National Average Price,2021 June,Ham fillet per kg,Euro,5.654
National Average Price,2021 June,Cooked ham per kg,Euro,17.921
National Average Price,2021 June,Best back rashers per kg,Euro,9.235
National Average Price,2021 June,Pork sausages per kg,Euro,6.286
National Average Price,2021 June,Fresh fillet of whiting per kg,Euro,
National Average Price,2021 June,Fresh fillet of cod per kg,Euro,17.212
National Average Price,2021 June,Fresh salmon per kg,Euro,20.911
National Average Price,2021 June,Fresh fillet of plaice per kg,Euro,
National Average Price,2021 June,Fresh hake per kg,Euro,
National Average Price,2021 June,Smoked salmon per kg,Euro,32.56
National Average Price,2021 June,Full fat milk per 2 litre,Euro,1.687
National Average Price,2021 June,Low fat milk per 1 litre,Euro,1.026
National Average Price,2021 June,Irish cheddar per kg,Euro,8.71
National Average Price,2021 June,Large eggs per half dozen,Euro,1.782
National Average Price,2021 June,Medium eggs per half dozen,Euro,1.383
National Average Price,2021 June,Butter per lb,Euro,2.98
National Average Price,2021 June,Grapes per kg,Euro,4.79
National Average Price,2021 June,Bananas per kg,Euro,1.531
National Average Price,2021 June,Tomatoes per kg,Euro,3.287
National Average Price,2021 June,Onions per kg,Euro,1.205
National Average Price,2021 June,Broccoli per kg,Euro,2.686
National Average Price,2021 June,Carrots per kg,Euro,1.128
National Average Price,2021 June,Mushrooms per kg,Euro,3.689
National Average Price,2021 June,Tomatoes tinned per 400g,Euro,0.844
National Average Price,2021 June,Potatoes 2.5 kg,Euro,3.59
National Average Price,2021 June,Potatoes 7.5 kg,Euro,6.4
National Average Price,2021 June,Potatoes 10 kg,Euro,
National Average Price,2021 June,White granulated sugar per 1 kg,Euro,1.179
National Average Price,2021 June,Jam per lb,Euro,0.965
National Average Price,2021 June,Marmalade per lb,Euro,1.82
National Average Price,2021 June,Tea bags per 80,Euro,2.752
National Average Price,2021 June,Orange juice per litre,Euro,1.396
National Average Price,2021 June,Whiskey - take home (70cl bottle),Euro,25.679
National Average Price,2021 June,Brandy - take home (70cl bottle),Euro,31.642
National Average Price,2021 June,Vodka - take home (70cl bottle),Euro,20.788
National Average Price,2021 June,Cream liqueur - take home (70cl bottle),Euro,16.91
National Average Price,2021 June,Wine - take home (75cl bottle),Euro,
National Average Price,2021 June,Cider - take home (50cl can),Euro,2.214
National Average Price,2021 June,Sherry - take home (75cl bottle),Euro,
National Average Price,2021 June,Lager - take home (50cl can),Euro,1.88
National Average Price,2021 June,Stout - take home (50cl can),Euro,2.257
National Average Price,2021 June,Filtered cigarettes per 20 pk,Euro,14.031
National Average Price,2021 June,Stout - draught bar (1 pint),Euro,4.958
National Average Price,2021 June,Lager - draught bar (1 pint),Euro,5.308
National Average Price,2021 June,Lager - bar (33cl bottle),Euro,5.094
National Average Price,2021 June,Cider - draught bar (1 pint),Euro,5.378
National Average Price,2021 June,Ale - draught bar (1 pint),Euro,4.999
National Average Price,2021 June,Cider - bar (33cl bottle),Euro,5.182
National Average Price,2021 June,Flavoured alcoholic drink - bar (275ml bottle),Euro,5.746
National Average Price,2021 June,Whiskey - bar (single) per ½ glass,Euro,4.827
National Average Price,2021 June,Brandy - bar (single) per ½ glass,Euro,5.116
National Average Price,2021 June,Vodka - bar (single) per ½ glass,Euro,4.86
National Average Price,2021 June,Wine - bar (187ml bottle),Euro,
National Average Price,2021 June,Diesel per litre,Euro,1.389
National Average Price,2021 June,Petrol - unleaded per litre,Euro,1.493
National Average Price,2021 June,Cinema fee,Euro,9.377
National Average Price,2021 June,Nightclubs fee,Euro,
National Average Price,2021 June,Gent's dry cut fee,Euro,16.969
National Average Price,2021 June,"Gent's wash, cut, and blow dry fee",Euro,
National Average Price,2021 June,"Ladies' wash, cut and blow dry fee",Euro,46.124
National Average Price,2021 July,"White, self raising flour per 2 kg",Euro,2.026
National Average Price,2021 July,"Brown, wholemeal flour per 2 kg",Euro,2.731
National Average Price,2021 July,"Bread, white sliced pan, large (800g)",Euro,1.37
National Average Price,2021 July,"Bread, brown sliced pan, large (800g)",Euro,1.513
National Average Price,2021 July,Spaghetti per 500g,Euro,1.016
National Average Price,2021 July,Sirloin steak per kg,Euro,14.192
National Average Price,2021 July,Striploin steak per kg,Euro,19.782
National Average Price,2021 July,Roast beef - topside or rib per kg,Euro,12.074
National Average Price,2021 July,Sliced / diced beef pieces per kg,Euro,9.461
National Average Price,2021 July,Pork loin chops per kg,Euro,7.458
National Average Price,2021 July,Pork steak per kg,Euro,8.725
National Average Price,2021 July,Lamb - whole leg / half leg per kg,Euro,12.327
National Average Price,2021 July,Lamb loin chops per kg,Euro,18.635
National Average Price,2021 July,Lamb gigot chops per kg,Euro,
National Average Price,2021 July,Uncooked chicken medium size 1.6kg,Euro,4.642
National Average Price,2021 July,Lamb's liver per kg,Euro,
National Average Price,2021 July,Ham fillet per kg,Euro,5.645
National Average Price,2021 July,Cooked ham per kg,Euro,17.892
National Average Price,2021 July,Best back rashers per kg,Euro,9.258
National Average Price,2021 July,Pork sausages per kg,Euro,6.286
National Average Price,2021 July,Fresh fillet of whiting per kg,Euro,
National Average Price,2021 July,Fresh fillet of cod per kg,Euro,17.212
National Average Price,2021 July,Fresh salmon per kg,Euro,21.292
National Average Price,2021 July,Fresh fillet of plaice per kg,Euro,
National Average Price,2021 July,Fresh hake per kg,Euro,
National Average Price,2021 July,Smoked salmon per kg,Euro,32.518
National Average Price,2021 July,Full fat milk per 2 litre,Euro,1.693
National Average Price,2021 July,Low fat milk per 1 litre,Euro,1.025
National Average Price,2021 July,Irish cheddar per kg,Euro,8.805
National Average Price,2021 July,Large eggs per half dozen,Euro,1.782
National Average Price,2021 July,Medium eggs per half dozen,Euro,1.394
National Average Price,2021 July,Butter per lb,Euro,2.939
National Average Price,2021 July,Grapes per kg,Euro,4.79
National Average Price,2021 July,Bananas per kg,Euro,1.531
National Average Price,2021 July,Tomatoes per kg,Euro,3.322
National Average Price,2021 July,Onions per kg,Euro,1.204
National Average Price,2021 July,Broccoli per kg,Euro,2.656
National Average Price,2021 July,Carrots per kg,Euro,1.128
National Average Price,2021 July,Mushrooms per kg,Euro,3.697
National Average Price,2021 July,Tomatoes tinned per 400g,Euro,0.876
National Average Price,2021 July,Potatoes 2.5 kg,Euro,3.524
National Average Price,2021 July,Potatoes 7.5 kg,Euro,6.397
National Average Price,2021 July,Potatoes 10 kg,Euro,
National Average Price,2021 July,White granulated sugar per 1 kg,Euro,1.179
National Average Price,2021 July,Jam per lb,Euro,0.935
National Average Price,2021 July,Marmalade per lb,Euro,1.867
National Average Price,2021 July,Tea bags per 80,Euro,2.766
National Average Price,2021 July,Orange juice per litre,Euro,1.388
National Average Price,2021 July,Whiskey - take home (70cl bottle),Euro,26.365
National Average Price,2021 July,Brandy - take home (70cl bottle),Euro,31.642
National Average Price,2021 July,Vodka - take home (70cl bottle),Euro,20.146
National Average Price,2021 July,Cream liqueur - take home (70cl bottle),Euro,16.835
National Average Price,2021 July,Wine - take home (75cl bottle),Euro,
National Average Price,2021 July,Cider - take home (50cl can),Euro,2.202
National Average Price,2021 July,Sherry - take home (75cl bottle),Euro,
National Average Price,2021 July,Lager - take home (50cl can),Euro,1.888
National Average Price,2021 July,Stout - take home (50cl can),Euro,2.334
National Average Price,2021 July,Filtered cigarettes per 20 pk,Euro,14.112
National Average Price,2021 July,Stout - draught bar (1 pint),Euro,4.954
National Average Price,2021 July,Lager - draught bar (1 pint),Euro,5.297
National Average Price,2021 July,Lager - bar (33cl bottle),Euro,5.079
National Average Price,2021 July,Cider - draught bar (1 pint),Euro,5.398
National Average Price,2021 July,Ale - draught bar (1 pint),Euro,5.009
National Average Price,2021 July,Cider - bar (33cl bottle),Euro,5.159
National Average Price,2021 July,Flavoured alcoholic drink - bar (275ml bottle),Euro,5.762
National Average Price,2021 July,Whiskey - bar (single) per ½ glass,Euro,4.83
National Average Price,2021 July,Brandy - bar (single) per ½ glass,Euro,5.127
National Average Price,2021 July,Vodka - bar (single) per ½ glass,Euro,4.861
National Average Price,2021 July,Wine - bar (187ml bottle),Euro,
National Average Price,2021 July,Diesel per litre,Euro,1.429
National Average Price,2021 July,Petrol - unleaded per litre,Euro,1.536
National Average Price,2021 July,Cinema fee,Euro,9.975
National Average Price,2021 July,Nightclubs fee,Euro,
National Average Price,2021 July,Gent's dry cut fee,Euro,16.978
National Average Price,2021 July,"Gent's wash, cut, and blow dry fee",Euro,
National Average Price,2021 July,"Ladies' wash, cut and blow dry fee",Euro,46.212
National Average Price,2021 August,"White, self raising flour per 2 kg",Euro,2.032
National Average Price,2021 August,"Brown, wholemeal flour per 2 kg",Euro,2.899
National Average Price,2021 August,"Bread, white sliced pan, large (800g)",Euro,1.378
National Average Price,2021 August,"Bread, brown sliced pan, large (800g)",Euro,1.589
National Average Price,2021 August,Spaghetti per 500g,Euro,1.024
National Average Price,2021 August,Sirloin steak per kg,Euro,14.041
National Average Price,2021 August,Striploin steak per kg,Euro,20.041
National Average Price,2021 August,Roast beef - topside or rib per kg,Euro,11.899
National Average Price,2021 August,Sliced / diced beef pieces per kg,Euro,9.471
National Average Price,2021 August,Pork loin chops per kg,Euro,7.501
National Average Price,2021 August,Pork steak per kg,Euro,8.649
National Average Price,2021 August,Lamb - whole leg / half leg per kg,Euro,12.327
National Average Price,2021 August,Lamb loin chops per kg,Euro,18.274
National Average Price,2021 August,Lamb gigot chops per kg,Euro,
National Average Price,2021 August,Uncooked chicken medium size 1.6kg,Euro,4.626
National Average Price,2021 August,Lamb's liver per kg,Euro,
National Average Price,2021 August,Ham fillet per kg,Euro,5.669
National Average Price,2021 August,Cooked ham per kg,Euro,17.941
National Average Price,2021 August,Best back rashers per kg,Euro,9.168
National Average Price,2021 August,Pork sausages per kg,Euro,6.263
National Average Price,2021 August,Fresh fillet of whiting per kg,Euro,
National Average Price,2021 August,Fresh fillet of cod per kg,Euro,17.212
National Average Price,2021 August,Fresh salmon per kg,Euro,21.258
National Average Price,2021 August,Fresh fillet of plaice per kg,Euro,
National Average Price,2021 August,Fresh hake per kg,Euro,
National Average Price,2021 August,Smoked salmon per kg,Euro,32.441
National Average Price,2021 August,Full fat milk per 2 litre,Euro,1.693
National Average Price,2021 August,Low fat milk per 1 litre,Euro,1.027
National Average Price,2021 August,Irish cheddar per kg,Euro,8.872
National Average Price,2021 August,Large eggs per half dozen,Euro,1.782
National Average Price,2021 August,Medium eggs per half dozen,Euro,1.379
National Average Price,2021 August,Butter per lb,Euro,3.022
National Average Price,2021 August,Grapes per kg,Euro,4.79
National Average Price,2021 August,Bananas per kg,Euro,1.493
National Average Price,2021 August,Tomatoes per kg,Euro,3.31
National Average Price,2021 August,Onions per kg,Euro,1.22
National Average Price,2021 August,Broccoli per kg,Euro,2.656
National Average Price,2021 August,Carrots per kg,Euro,1.128
National Average Price,2021 August,Mushrooms per kg,Euro,3.718
National Average Price,2021 August,Tomatoes tinned per 400g,Euro,0.882
National Average Price,2021 August,Potatoes 2.5 kg,Euro,3.479
National Average Price,2021 August,Potatoes 7.5 kg,Euro,6.41
National Average Price,2021 August,Potatoes 10 kg,Euro,
National Average Price,2021 August,White granulated sugar per 1 kg,Euro,1.179
National Average Price,2021 August,Jam per lb,Euro,0.927
National Average Price,2021 August,Marmalade per lb,Euro,1.865
National Average Price,2021 August,Tea bags per 80,Euro,2.708
National Average Price,2021 August,Orange juice per litre,Euro,1.402
National Average Price,2021 August,Whiskey - take home (70cl bottle),Euro,26.272
National Average Price,2021 August,Brandy - take home (70cl bottle),Euro,31.642
National Average Price,2021 August,Vodka - take home (70cl bottle),Euro,20.57
National Average Price,2021 August,Cream liqueur - take home (70cl bottle),Euro,17.212
National Average Price,2021 August,Wine - take home (75cl bottle),Euro,
National Average Price,2021 August,Cider - take home (50cl can),Euro,2.185
National Average Price,2021 August,Sherry - take home (75cl bottle),Euro,
National Average Price,2021 August,Lager - take home (50cl can),Euro,1.936
National Average Price,2021 August,Stout - take home (50cl can),Euro,2.388
National Average Price,2021 August,Filtered cigarettes per 20 pk,Euro,14.099
National Average Price,2021 August,Stout - draught bar (1 pint),Euro,4.953
National Average Price,2021 August,Lager - draught bar (1 pint),Euro,5.286
National Average Price,2021 August,Lager - bar (33cl bottle),Euro,5.048
National Average Price,2021 August,Cider - draught bar (1 pint),Euro,5.431
National Average Price,2021 August,Ale - draught bar (1 pint),Euro,5.013
National Average Price,2021 August,Cider - bar (33cl bottle),Euro,5.187
National Average Price,2021 August,Flavoured alcoholic drink - bar (275ml bottle),Euro,5.731
National Average Price,2021 August,Whiskey - bar (single) per ½ glass,Euro,4.829
National Average Price,2021 August,Brandy - bar (single) per ½ glass,Euro,5.139
National Average Price,2021 August,Vodka - bar (single) per ½ glass,Euro,4.852
National Average Price,2021 August,Wine - bar (187ml bottle),Euro,
National Average Price,2021 August,Diesel per litre,Euro,1.432
National Average Price,2021 August,Petrol - unleaded per litre,Euro,1.545
National Average Price,2021 August,Cinema fee,Euro,10.08
National Average Price,2021 August,Nightclubs fee,Euro,
National Average Price,2021 August,Gent's dry cut fee,Euro,17.053
National Average Price,2021 August,"Gent's wash, cut, and blow dry fee",Euro,
National Average Price,2021 August,"Ladies' wash, cut and blow dry fee",Euro,46.409
National Average Price,2021 September,"White, self raising flour per 2 kg",Euro,2.037
National Average Price,2021 September,"Brown, wholemeal flour per 2 kg",Euro,2.663
National Average Price,2021 September,"Bread, white sliced pan, large (800g)",Euro,1.364
National Average Price,2021 September,"Bread, brown sliced pan, large (800g)",Euro,1.581
National Average Price,2021 September,Spaghetti per 500g,Euro,1.015
National Average Price,2021 September,Sirloin steak per kg,Euro,14.221
National Average Price,2021 September,Striploin steak per kg,Euro,20.177
National Average Price,2021 September,Roast beef - topside or rib per kg,Euro,12.242
National Average Price,2021 September,Sliced / diced beef pieces per kg,Euro,9.301
National Average Price,2021 September,Pork loin chops per kg,Euro,7.461
National Average Price,2021 September,Pork steak per kg,Euro,8.649
National Average Price,2021 September,Lamb - whole leg / half leg per kg,Euro,12.975
National Average Price,2021 September,Lamb loin chops per kg,Euro,18.56
National Average Price,2021 September,Lamb gigot chops per kg,Euro,
National Average Price,2021 September,Uncooked chicken medium size 1.6kg,Euro,4.668
National Average Price,2021 September,Lamb's liver per kg,Euro,
National Average Price,2021 September,Ham fillet per kg,Euro,5.589
National Average Price,2021 September,Cooked ham per kg,Euro,17.534
National Average Price,2021 September,Best back rashers per kg,Euro,9.166
National Average Price,2021 September,Pork sausages per kg,Euro,6.211
National Average Price,2021 September,Fresh fillet of whiting per kg,Euro,
National Average Price,2021 September,Fresh fillet of cod per kg,Euro,17.212
National Average Price,2021 September,Fresh salmon per kg,Euro,21.183
National Average Price,2021 September,Fresh fillet of plaice per kg,Euro,
National Average Price,2021 September,Fresh hake per kg,Euro,
National Average Price,2021 September,Smoked salmon per kg,Euro,32.584
National Average Price,2021 September,Full fat milk per 2 litre,Euro,1.693
National Average Price,2021 September,Low fat milk per 1 litre,Euro,1.025
National Average Price,2021 September,Irish cheddar per kg,Euro,8.756
National Average Price,2021 September,Large eggs per half dozen,Euro,1.782
National Average Price,2021 September,Medium eggs per half dozen,Euro,1.375
National Average Price,2021 September,Butter per lb,Euro,2.975
National Average Price,2021 September,Grapes per kg,Euro,4.79
National Average Price,2021 September,Bananas per kg,Euro,1.435
National Average Price,2021 September,Tomatoes per kg,Euro,3.368
National Average Price,2021 September,Onions per kg,Euro,1.219
National Average Price,2021 September,Broccoli per kg,Euro,2.695
National Average Price,2021 September,Carrots per kg,Euro,1.127
National Average Price,2021 September,Mushrooms per kg,Euro,3.686
National Average Price,2021 September,Tomatoes tinned per 400g,Euro,0.89
National Average Price,2021 September,Potatoes 2.5 kg,Euro,3.46
National Average Price,2021 September,Potatoes 7.5 kg,Euro,6.18
National Average Price,2021 September,Potatoes 10 kg,Euro,
National Average Price,2021 September,White granulated sugar per 1 kg,Euro,1.17
National Average Price,2021 September,Jam per lb,Euro,0.911
National Average Price,2021 September,Marmalade per lb,Euro,1.866
National Average Price,2021 September,Tea bags per 80,Euro,2.76
National Average Price,2021 September,Orange juice per litre,Euro,1.368
National Average Price,2021 September,Whiskey - take home (70cl bottle),Euro,26.515
National Average Price,2021 September,Brandy - take home (70cl bottle),Euro,32.886
National Average Price,2021 September,Vodka - take home (70cl bottle),Euro,21.544
National Average Price,2021 September,Cream liqueur - take home (70cl bottle),Euro,17.707
National Average Price,2021 September,Wine - take home (75cl bottle),Euro,
National Average Price,2021 September,Cider - take home (50cl can),Euro,2.214
National Average Price,2021 September,Sherry - take home (75cl bottle),Euro,
National Average Price,2021 September,Lager - take home (50cl can),Euro,1.948
National Average Price,2021 September,Stout - take home (50cl can),Euro,2.387
National Average Price,2021 September,Filtered cigarettes per 20 pk,Euro,14.115
National Average Price,2021 September,Stout - draught bar (1 pint),Euro,4.953
National Average Price,2021 September,Lager - draught bar (1 pint),Euro,5.297
National Average Price,2021 September,Lager - bar (33cl bottle),Euro,5.063
National Average Price,2021 September,Cider - draught bar (1 pint),Euro,5.41
National Average Price,2021 September,Ale - draught bar (1 pint),Euro,5.003
National Average Price,2021 September,Cider - bar (33cl bottle),Euro,5.17
National Average Price,2021 September,Flavoured alcoholic drink - bar (275ml bottle),Euro,5.728
National Average Price,2021 September,Whiskey - bar (single) per ½ glass,Euro,4.811
National Average Price,2021 September,Brandy - bar (single) per ½ glass,Euro,5.142
National Average Price,2021 September,Vodka - bar (single) per ½ glass,Euro,4.849
National Average Price,2021 September,Wine - bar (187ml bottle),Euro,
National Average Price,2021 September,Diesel per litre,Euro,1.449
National Average Price,2021 September,Petrol - unleaded per litre,Euro,1.563
National Average Price,2021 September,Cinema fee,Euro,10.041
National Average Price,2021 September,Nightclubs fee,Euro,
National Average Price,2021 September,Gent's dry cut fee,Euro,17.082
National Average Price,2021 September,"Gent's wash, cut, and blow dry fee",Euro,
National Average Price,2021 September,"Ladies' wash, cut and blow dry fee",Euro,46.775
National Average Price,2021 October,"White, self raising flour per 2 kg",Euro,2.068
National Average Price,2021 October,"Brown, wholemeal flour per 2 kg",Euro,2.752
National Average Price,2021 October,"Bread, white sliced pan, large (800g)",Euro,1.37
National Average Price,2021 October,"Bread, brown sliced pan, large (800g)",Euro,1.577
National Average Price,2021 October,Spaghetti per 500g,Euro,1.021
National Average Price,2021 October,Sirloin steak per kg,Euro,14.209
National Average Price,2021 October,Striploin steak per kg,Euro,20.177
National Average Price,2021 October,Roast beef - topside or rib per kg,Euro,11.632
National Average Price,2021 October,Sliced / diced beef pieces per kg,Euro,9.523
National Average Price,2021 October,Pork loin chops per kg,Euro,7.543
National Average Price,2021 October,Pork steak per kg,Euro,7.845
National Average Price,2021 October,Lamb - whole leg / half leg per kg,Euro,12.975
National Average Price,2021 October,Lamb loin chops per kg,Euro,18.342
National Average Price,2021 October,Lamb gigot chops per kg,Euro,
National Average Price,2021 October,Uncooked chicken medium size 1.6kg,Euro,4.667
National Average Price,2021 October,Lamb's liver per kg,Euro,
National Average Price,2021 October,Ham fillet per kg,Euro,5.65
National Average Price,2021 October,Cooked ham per kg,Euro,17.967
National Average Price,2021 October,Best back rashers per kg,Euro,9.249
National Average Price,2021 October,Pork sausages per kg,Euro,6.221
National Average Price,2021 October,Fresh fillet of whiting per kg,Euro,
National Average Price,2021 October,Fresh fillet of cod per kg,Euro,17.212
National Average Price,2021 October,Fresh salmon per kg,Euro,21.155
National Average Price,2021 October,Fresh fillet of plaice per kg,Euro,
National Average Price,2021 October,Fresh hake per kg,Euro,
National Average Price,2021 October,Smoked salmon per kg,Euro,32.321
National Average Price,2021 October,Full fat milk per 2 litre,Euro,1.693
National Average Price,2021 October,Low fat milk per 1 litre,Euro,1.027
National Average Price,2021 October,Irish cheddar per kg,Euro,8.863
National Average Price,2021 October,Large eggs per half dozen,Euro,1.782
National Average Price,2021 October,Medium eggs per half dozen,Euro,1.381
National Average Price,2021 October,Butter per lb,Euro,3.1
National Average Price,2021 October,Grapes per kg,Euro,4.702
National Average Price,2021 October,Bananas per kg,Euro,1.494
National Average Price,2021 October,Tomatoes per kg,Euro,3.364
National Average Price,2021 October,Onions per kg,Euro,1.18
National Average Price,2021 October,Broccoli per kg,Euro,2.688
National Average Price,2021 October,Carrots per kg,Euro,1.088
National Average Price,2021 October,Mushrooms per kg,Euro,3.628
National Average Price,2021 October,Tomatoes tinned per 400g,Euro,0.883
National Average Price,2021 October,Potatoes 2.5 kg,Euro,3.438
National Average Price,2021 October,Potatoes 7.5 kg,Euro,5.967
National Average Price,2021 October,Potatoes 10 kg,Euro,
National Average Price,2021 October,White granulated sugar per 1 kg,Euro,1.155
National Average Price,2021 October,Jam per lb,Euro,0.956
National Average Price,2021 October,Marmalade per lb,Euro,1.888
National Average Price,2021 October,Tea bags per 80,Euro,2.735
National Average Price,2021 October,Orange juice per litre,Euro,1.407
National Average Price,2021 October,Whiskey - take home (70cl bottle),Euro,25.055
National Average Price,2021 October,Brandy - take home (70cl bottle),Euro,32.148
National Average Price,2021 October,Vodka - take home (70cl bottle),Euro,20.497
National Average Price,2021 October,Cream liqueur - take home (70cl bottle),Euro,17.393
National Average Price,2021 October,Wine - take home (75cl bottle),Euro,
National Average Price,2021 October,Cider - take home (50cl can),Euro,2.195
National Average Price,2021 October,Sherry - take home (75cl bottle),Euro,
National Average Price,2021 October,Lager - take home (50cl can),Euro,1.934
National Average Price,2021 October,Stout - take home (50cl can),Euro,2.284
National Average Price,2021 October,Filtered cigarettes per 20 pk,Euro,14.288
National Average Price,2021 October,Stout - draught bar (1 pint),Euro,4.95
National Average Price,2021 October,Lager - draught bar (1 pint),Euro,5.304
National Average Price,2021 October,Lager - bar (33cl bottle),Euro,5.068
National Average Price,2021 October,Cider - draught bar (1 pint),Euro,5.423
National Average Price,2021 October,Ale - draught bar (1 pint),Euro,5.008
National Average Price,2021 October,Cider - bar (33cl bottle),Euro,5.205
National Average Price,2021 October,Flavoured alcoholic drink - bar (275ml bottle),Euro,5.727
National Average Price,2021 October,Whiskey - bar (single) per ½ glass,Euro,4.805
National Average Price,2021 October,Brandy - bar (single) per ½ glass,Euro,5.134
National Average Price,2021 October,Vodka - bar (single) per ½ glass,Euro,4.851
National Average Price,2021 October,Wine - bar (187ml bottle),Euro,
National Average Price,2021 October,Diesel per litre,Euro,1.558
National Average Price,2021 October,Petrol - unleaded per litre,Euro,1.654
National Average Price,2021 October,Cinema fee,Euro,10.616
National Average Price,2021 October,Nightclubs fee,Euro,
National Average Price,2021 October,Gent's dry cut fee,Euro,17.06
National Average Price,2021 October,"Gent's wash, cut, and blow dry fee",Euro,
National Average Price,2021 October,"Ladies' wash, cut and blow dry fee",Euro,46.854
National Average Price,2021 November,"White, self raising flour per 2 kg",Euro,2.079
National Average Price,2021 November,"Brown, wholemeal flour per 2 kg",Euro,2.787
National Average Price,2021 November,"Bread, white sliced pan, large (800g)",Euro,1.376
National Average Price,2021 November,"Bread, brown sliced pan, large (800g)",Euro,1.549
National Average Price,2021 November,Spaghetti per 500g,Euro,1.061
National Average Price,2021 November,Sirloin steak per kg,Euro,14.209
National Average Price,2021 November,Striploin steak per kg,Euro,19.411
National Average Price,2021 November,Roast beef - topside or rib per kg,Euro,11.757
National Average Price,2021 November,Sliced / diced beef pieces per kg,Euro,9.554
National Average Price,2021 November,Pork loin chops per kg,Euro,7.394
National Average Price,2021 November,Pork steak per kg,Euro,8.725
National Average Price,2021 November,Lamb - whole leg / half leg per kg,Euro,12.116
National Average Price,2021 November,Lamb loin chops per kg,Euro,18.875
National Average Price,2021 November,Lamb gigot chops per kg,Euro,
National Average Price,2021 November,Uncooked chicken medium size 1.6kg,Euro,4.685
National Average Price,2021 November,Lamb's liver per kg,Euro,
National Average Price,2021 November,Ham fillet per kg,Euro,5.657
National Average Price,2021 November,Cooked ham per kg,Euro,17.964
National Average Price,2021 November,Best back rashers per kg,Euro,9.332
National Average Price,2021 November,Pork sausages per kg,Euro,6.188
National Average Price,2021 November,Fresh fillet of whiting per kg,Euro,
National Average Price,2021 November,Fresh fillet of cod per kg,Euro,17.212
National Average Price,2021 November,Fresh salmon per kg,Euro,21.022
National Average Price,2021 November,Fresh fillet of plaice per kg,Euro,
National Average Price,2021 November,Fresh hake per kg,Euro,
National Average Price,2021 November,Smoked salmon per kg,Euro,32.428
National Average Price,2021 November,Full fat milk per 2 litre,Euro,1.688
National Average Price,2021 November,Low fat milk per 1 litre,Euro,1.026
National Average Price,2021 November,Irish cheddar per kg,Euro,8.852
National Average Price,2021 November,Large eggs per half dozen,Euro,1.781
National Average Price,2021 November,Medium eggs per half dozen,Euro,1.371
National Average Price,2021 November,Butter per lb,Euro,3.014
National Average Price,2021 November,Grapes per kg,Euro,4.734
National Average Price,2021 November,Bananas per kg,Euro,1.531
National Average Price,2021 November,Tomatoes per kg,Euro,3.368
National Average Price,2021 November,Onions per kg,Euro,1.165
National Average Price,2021 November,Broccoli per kg,Euro,2.717
National Average Price,2021 November,Carrots per kg,Euro,1.09
National Average Price,2021 November,Mushrooms per kg,Euro,3.674
National Average Price,2021 November,Tomatoes tinned per 400g,Euro,0.886
National Average Price,2021 November,Potatoes 2.5 kg,Euro,3.407
National Average Price,2021 November,Potatoes 7.5 kg,Euro,5.891
National Average Price,2021 November,Potatoes 10 kg,Euro,
National Average Price,2021 November,White granulated sugar per 1 kg,Euro,1.125
National Average Price,2021 November,Jam per lb,Euro,0.988
National Average Price,2021 November,Marmalade per lb,Euro,1.898
National Average Price,2021 November,Tea bags per 80,Euro,2.759
National Average Price,2021 November,Orange juice per litre,Euro,1.393
National Average Price,2021 November,Whiskey - take home (70cl bottle),Euro,22.931
National Average Price,2021 November,Brandy - take home (70cl bottle),Euro,33.338
National Average Price,2021 November,Vodka - take home (70cl bottle),Euro,19.404
National Average Price,2021 November,Cream liqueur - take home (70cl bottle),Euro,16.224
National Average Price,2021 November,Wine - take home (75cl bottle),Euro,
National Average Price,2021 November,Cider - take home (50cl can),Euro,2.187
National Average Price,2021 November,Sherry - take home (75cl bottle),Euro,
National Average Price,2021 November,Lager - take home (50cl can),Euro,1.909
National Average Price,2021 November,Stout - take home (50cl can),Euro,2.238
National Average Price,2021 November,Filtered cigarettes per 20 pk,Euro,14.638
National Average Price,2021 November,Stout - draught bar (1 pint),Euro,4.948
National Average Price,2021 November,Lager - draught bar (1 pint),Euro,5.308
National Average Price,2021 November,Lager - bar (33cl bottle),Euro,5.127
National Average Price,2021 November,Cider - draught bar (1 pint),Euro,5.416
National Average Price,2021 November,Ale - draught bar (1 pint),Euro,4.974
National Average Price,2021 November,Cider - bar (33cl bottle),Euro,5.128
National Average Price,2021 November,Flavoured alcoholic drink - bar (275ml bottle),Euro,5.873
National Average Price,2021 November,Whiskey - bar (single) per ½ glass,Euro,4.788
National Average Price,2021 November,Brandy - bar (single) per ½ glass,Euro,5.161
National Average Price,2021 November,Vodka - bar (single) per ½ glass,Euro,4.818
National Average Price,2021 November,Wine - bar (187ml bottle),Euro,
National Average Price,2021 November,Diesel per litre,Euro,1.614
National Average Price,2021 November,Petrol - unleaded per litre,Euro,1.716
National Average Price,2021 November,Cinema fee,Euro,10.239
National Average Price,2021 November,Nightclubs fee,Euro,
National Average Price,2021 November,Gent's dry cut fee,Euro,17.283
National Average Price,2021 November,"Gent's wash, cut, and blow dry fee",Euro,
National Average Price,2021 November,"Ladies' wash, cut and blow dry fee",Euro,45.351
National Average Price,2021 December,"White, self raising flour per 2 kg",Euro,2.063
National Average Price,2021 December,"Brown, wholemeal flour per 2 kg",Euro,2.712
National Average Price,2021 December,"Bread, white sliced pan, large (800g)",Euro,1.404
National Average Price,2021 December,"Bread, brown sliced pan, large (800g)",Euro,1.599
National Average Price,2021 December,Spaghetti per 500g,Euro,1.107
National Average Price,2021 December,Sirloin steak per kg,Euro,14.258
National Average Price,2021 December,Striploin steak per kg,Euro,20.36
National Average Price,2021 December,Roast beef - topside or rib per kg,Euro,11.634
National Average Price,2021 December,Sliced / diced beef pieces per kg,Euro,9.569
National Average Price,2021 December,Pork loin chops per kg,Euro,7.564
National Average Price,2021 December,Pork steak per kg,Euro,7.402
National Average Price,2021 December,Lamb - whole leg / half leg per kg,Euro,12.689
National Average Price,2021 December,Lamb loin chops per kg,Euro,18.893
National Average Price,2021 December,Lamb gigot chops per kg,Euro,
National Average Price,2021 December,Uncooked chicken medium size 1.6kg,Euro,4.795
National Average Price,2021 December,Lamb's liver per kg,Euro,
National Average Price,2021 December,Ham fillet per kg,Euro,5.538
National Average Price,2021 December,Cooked ham per kg,Euro,17.998
National Average Price,2021 December,Best back rashers per kg,Euro,9.173
National Average Price,2021 December,Pork sausages per kg,Euro,6.221
National Average Price,2021 December,Fresh fillet of whiting per kg,Euro,
National Average Price,2021 December,Fresh fillet of cod per kg,Euro,17.228
National Average Price,2021 December,Fresh salmon per kg,Euro,20.997
National Average Price,2021 December,Fresh fillet of plaice per kg,Euro,
National Average Price,2021 December,Fresh hake per kg,Euro,
National Average Price,2021 December,Smoked salmon per kg,Euro,31.971
National Average Price,2021 December,Full fat milk per 2 litre,Euro,1.691
National Average Price,2021 December,Low fat milk per 1 litre,Euro,1.02
National Average Price,2021 December,Irish cheddar per kg,Euro,8.978
National Average Price,2021 December,Large eggs per half dozen,Euro,1.781
National Average Price,2021 December,Medium eggs per half dozen,Euro,1.376
National Average Price,2021 December,Butter per lb,Euro,3.126
National Average Price,2021 December,Grapes per kg,Euro,4.79
National Average Price,2021 December,Bananas per kg,Euro,1.531
National Average Price,2021 December,Tomatoes per kg,Euro,3.376
National Average Price,2021 December,Onions per kg,Euro,1.206
National Average Price,2021 December,Broccoli per kg,Euro,2.763
National Average Price,2021 December,Carrots per kg,Euro,1.048
National Average Price,2021 December,Mushrooms per kg,Euro,3.759
National Average Price,2021 December,Tomatoes tinned per 400g,Euro,0.909
National Average Price,2021 December,Potatoes 2.5 kg,Euro,3.337
National Average Price,2021 December,Potatoes 7.5 kg,Euro,5.93
National Average Price,2021 December,Potatoes 10 kg,Euro,
National Average Price,2021 December,White granulated sugar per 1 kg,Euro,1.165
National Average Price,2021 December,Jam per lb,Euro,0.952
National Average Price,2021 December,Marmalade per lb,Euro,1.855
National Average Price,2021 December,Tea bags per 80,Euro,2.76
National Average Price,2021 December,Orange juice per litre,Euro,1.36
National Average Price,2021 December,Whiskey - take home (70cl bottle),Euro,22.379
National Average Price,2021 December,Brandy - take home (70cl bottle),Euro,33.265
National Average Price,2021 December,Vodka - take home (70cl bottle),Euro,18.688
National Average Price,2021 December,Cream liqueur - take home (70cl bottle),Euro,15.29
National Average Price,2021 December,Wine - take home (75cl bottle),Euro,
National Average Price,2021 December,Cider - take home (50cl can),Euro,2.178
National Average Price,2021 December,Sherry - take home (75cl bottle),Euro,
National Average Price,2021 December,Lager - take home (50cl can),Euro,1.822
National Average Price,2021 December,Stout - take home (50cl can),Euro,2.224
National Average Price,2021 December,Filtered cigarettes per 20 pk,Euro,14.665
National Average Price,2021 December,Stout - draught bar (1 pint),Euro,4.943
National Average Price,2021 December,Lager - draught bar (1 pint),Euro,5.309
National Average Price,2021 December,Lager - bar (33cl bottle),Euro,5.128
National Average Price,2021 December,Cider - draught bar (1 pint),Euro,5.433
National Average Price,2021 December,Ale - draught bar (1 pint),Euro,4.97
National Average Price,2021 December,Cider - bar (33cl bottle),Euro,5.04
National Average Price,2021 December,Flavoured alcoholic drink - bar (275ml bottle),Euro,5.868
National Average Price,2021 December,Whiskey - bar (single) per ½ glass,Euro,4.761
National Average Price,2021 December,Brandy - bar (single) per ½ glass,Euro,5.178
National Average Price,2021 December,Vodka - bar (single) per ½ glass,Euro,4.759
National Average Price,2021 December,Wine - bar (187ml bottle),Euro,
National Average Price,2021 December,Diesel per litre,Euro,1.604
National Average Price,2021 December,Petrol - unleaded per litre,Euro,1.69
National Average Price,2021 December,Cinema fee,Euro,10.157
National Average Price,2021 December,Nightclubs fee,Euro,
National Average Price,2021 December,Gent's dry cut fee,Euro,17.329
National Average Price,2021 December,"Gent's wash, cut, and blow dry fee",Euro,
National Average Price,2021 December,"Ladies' wash, cut and blow dry fee",Euro,46.536
National Average Price,2022 January,"White, self raising flour per 2 kg",Euro,2.074
National Average Price,2022 January,"Brown, wholemeal flour per 2 kg",Euro,2.752
National Average Price,2022 January,"Bread, white sliced pan, large (800g)",Euro,1.404
National Average Price,2022 January,"Bread, brown sliced pan, large (800g)",Euro,1.62
National Average Price,2022 January,Spaghetti per 500g,Euro,1.078
National Average Price,2022 January,Sirloin steak per kg,Euro,14.258
National Average Price,2022 January,Striploin steak per kg,Euro,20.437
National Average Price,2022 January,Roast beef - topside or rib per kg,Euro,11.182
National Average Price,2022 January,Sliced / diced beef pieces per kg,Euro,9.584
National Average Price,2022 January,Pork loin chops per kg,Euro,7.462
National Average Price,2022 January,Pork steak per kg,Euro,8.372
National Average Price,2022 January,Lamb - whole leg / half leg per kg,Euro,13.903
National Average Price,2022 January,Lamb loin chops per kg,Euro,19.257
National Average Price,2022 January,Lamb gigot chops per kg,Euro,
National Average Price,2022 January,Uncooked chicken medium size 1.6kg,Euro,4.773
National Average Price,2022 January,Lamb's liver per kg,Euro,
National Average Price,2022 January,Ham fillet per kg,Euro,5.628
National Average Price,2022 January,Cooked ham per kg,Euro,18.07
National Average Price,2022 January,Best back rashers per kg,Euro,9.305
National Average Price,2022 January,Pork sausages per kg,Euro,6.208
National Average Price,2022 January,Fresh fillet of whiting per kg,Euro,
National Average Price,2022 January,Fresh fillet of cod per kg,Euro,17.291
National Average Price,2022 January,Fresh salmon per kg,Euro,20.78
National Average Price,2022 January,Fresh fillet of plaice per kg,Euro,
National Average Price,2022 January,Fresh hake per kg,Euro,
National Average Price,2022 January,Smoked salmon per kg,Euro,32.43
National Average Price,2022 January,Full fat milk per 2 litre,Euro,1.732
National Average Price,2022 January,Low fat milk per 1 litre,Euro,1.049
National Average Price,2022 January,Irish cheddar per kg,Euro,9.011
National Average Price,2022 January,Large eggs per half dozen,Euro,1.787
National Average Price,2022 January,Medium eggs per half dozen,Euro,1.407
National Average Price,2022 January,Butter per lb,Euro,3.1
National Average Price,2022 January,Grapes per kg,Euro,4.702
National Average Price,2022 January,Bananas per kg,Euro,1.395
National Average Price,2022 January,Tomatoes per kg,Euro,3.228
National Average Price,2022 January,Onions per kg,Euro,1.22
National Average Price,2022 January,Broccoli per kg,Euro,2.757
National Average Price,2022 January,Carrots per kg,Euro,1.109
National Average Price,2022 January,Mushrooms per kg,Euro,3.736
National Average Price,2022 January,Tomatoes tinned per 400g,Euro,0.892
National Average Price,2022 January,Potatoes 2.5 kg,Euro,3.351
National Average Price,2022 January,Potatoes 7.5 kg,Euro,5.8
National Average Price,2022 January,Potatoes 10 kg,Euro,
National Average Price,2022 January,White granulated sugar per 1 kg,Euro,1.221
National Average Price,2022 January,Jam per lb,Euro,0.966
National Average Price,2022 January,Marmalade per lb,Euro,1.948
National Average Price,2022 January,Tea bags per 80,Euro,2.738
National Average Price,2022 January,Orange juice per litre,Euro,1.425
National Average Price,2022 January,Whiskey - take home (70cl bottle),Euro,27.657
National Average Price,2022 January,Brandy - take home (70cl bottle),Euro,41.54
National Average Price,2022 January,Vodka - take home (70cl bottle),Euro,24.544
National Average Price,2022 January,Cream liqueur - take home (70cl bottle),Euro,17.569
National Average Price,2022 January,Wine - take home (75cl bottle),Euro,
National Average Price,2022 January,Cider - take home (50cl can),Euro,2.314
National Average Price,2022 January,Sherry - take home (75cl bottle),Euro,
National Average Price,2022 January,Lager - take home (50cl can),Euro,2.17
National Average Price,2022 January,Stout - take home (50cl can),Euro,2.349
National Average Price,2022 January,Filtered cigarettes per 20 pk,Euro,14.634
National Average Price,2022 January,Stout - draught bar (1 pint),Euro,4.946
National Average Price,2022 January,Lager - draught bar (1 pint),Euro,5.325
National Average Price,2022 January,Lager - bar (33cl bottle),Euro,5.105
National Average Price,2022 January,Cider - draught bar (1 pint),Euro,5.444
National Average Price,2022 January,Ale - draught bar (1 pint),Euro,4.992
National Average Price,2022 January,Cider - bar (33cl bottle),Euro,5.051
National Average Price,2022 January,Flavoured alcoholic drink - bar (275ml bottle),Euro,5.889
National Average Price,2022 January,Whiskey - bar (single) per ½ glass,Euro,4.779
National Average Price,2022 January,Brandy - bar (single) per ½ glass,Euro,5.21
National Average Price,2022 January,Vodka - bar (single) per ½ glass,Euro,4.813
National Average Price,2022 January,Wine - bar (187ml bottle),Euro,
National Average Price,2022 January,Diesel per litre,Euro,1.603
National Average Price,2022 January,Petrol - unleaded per litre,Euro,1.702
National Average Price,2022 January,Cinema fee,Euro,10.074
National Average Price,2022 January,Nightclubs fee,Euro,
National Average Price,2022 January,Gent's dry cut fee,Euro,17.11
National Average Price,2022 January,"Gent's wash, cut, and blow dry fee",Euro,
National Average Price,2022 January,"Ladies' wash, cut and blow dry fee",Euro,46.78
National Average Price,2022 February,"White, self raising flour per 2 kg",Euro,2.083
National Average Price,2022 February,"Brown, wholemeal flour per 2 kg",Euro,2.793
National Average Price,2022 February,"Bread, white sliced pan, large (800g)",Euro,1.438
National Average Price,2022 February,"Bread, brown sliced pan, large (800g)",Euro,1.646
National Average Price,2022 February,Spaghetti per 500g,Euro,1.177
National Average Price,2022 February,Sirloin steak per kg,Euro,14.254
National Average Price,2022 February,Striploin steak per kg,Euro,20.47
National Average Price,2022 February,Roast beef - topside or rib per kg,Euro,11.379
National Average Price,2022 February,Sliced / diced beef pieces per kg,Euro,9.599
National Average Price,2022 February,Pork loin chops per kg,Euro,7.399
National Average Price,2022 February,Pork steak per kg,Euro,8.548
National Average Price,2022 February,Lamb - whole leg / half leg per kg,Euro,14.231
National Average Price,2022 February,Lamb loin chops per kg,Euro,19.017
National Average Price,2022 February,Lamb gigot chops per kg,Euro,
National Average Price,2022 February,Uncooked chicken medium size 1.6kg,Euro,4.913
National Average Price,2022 February,Lamb's liver per kg,Euro,5.999
National Average Price,2022 February,Ham fillet per kg,Euro,5.682
National Average Price,2022 February,Cooked ham per kg,Euro,18.652
National Average Price,2022 February,Best back rashers per kg,Euro,9.239
National Average Price,2022 February,Pork sausages per kg,Euro,6.326
National Average Price,2022 February,Fresh fillet of whiting per kg,Euro,
National Average Price,2022 February,Fresh fillet of cod per kg,Euro,17.445
National Average Price,2022 February,Fresh salmon per kg,Euro,20.915
National Average Price,2022 February,Fresh fillet of plaice per kg,Euro,
National Average Price,2022 February,Fresh hake per kg,Euro,11.705
National Average Price,2022 February,Smoked salmon per kg,Euro,32.555
National Average Price,2022 February,Full fat milk per 2 litre,Euro,1.794
National Average Price,2022 February,Low fat milk per 1 litre,Euro,1.077
National Average Price,2022 February,Irish cheddar per kg,Euro,9.114
National Average Price,2022 February,Large eggs per half dozen,Euro,1.795
National Average Price,2022 February,Medium eggs per half dozen,Euro,1.409
National Average Price,2022 February,Butter per lb,Euro,3.148
National Average Price,2022 February,Grapes per kg,Euro,4.625
National Average Price,2022 February,Bananas per kg,Euro,1.495
National Average Price,2022 February,Tomatoes per kg,Euro,3.361
National Average Price,2022 February,Onions per kg,Euro,1.208
National Average Price,2022 February,Broccoli per kg,Euro,2.74
National Average Price,2022 February,Carrots per kg,Euro,1.137
National Average Price,2022 February,Mushrooms per kg,Euro,3.558
National Average Price,2022 February,Tomatoes tinned per 400g,Euro,0.851
National Average Price,2022 February,Potatoes 2.5 kg,Euro,3.374
National Average Price,2022 February,Potatoes 7.5 kg,Euro,5.822
National Average Price,2022 February,Potatoes 10 kg,Euro,
National Average Price,2022 February,White granulated sugar per 1 kg,Euro,1.217
National Average Price,2022 February,Jam per lb,Euro,0.965
National Average Price,2022 February,Marmalade per lb,Euro,1.949
National Average Price,2022 February,Tea bags per 80,Euro,2.76
National Average Price,2022 February,Orange juice per litre,Euro,1.421
National Average Price,2022 February,Whiskey - take home (70cl bottle),Euro,27.214
National Average Price,2022 February,Brandy - take home (70cl bottle),Euro,41.518
National Average Price,2022 February,Vodka - take home (70cl bottle),Euro,24.324
National Average Price,2022 February,Cream liqueur - take home (70cl bottle),Euro,15.754
National Average Price,2022 February,Wine - take home (75cl bottle),Euro,
National Average Price,2022 February,Cider - take home (50cl can),Euro,2.358
National Average Price,2022 February,Sherry - take home (75cl bottle),Euro,
National Average Price,2022 February,Lager - take home (50cl can),Euro,2.178
National Average Price,2022 February,Stout - take home (50cl can),Euro,2.292
National Average Price,2022 February,Filtered cigarettes per 20 pk,Euro,14.634
National Average Price,2022 February,Stout - draught bar (1 pint),Euro,4.946
National Average Price,2022 February,Lager - draught bar (1 pint),Euro,5.331
National Average Price,2022 February,Lager - bar (33cl bottle),Euro,5.105
National Average Price,2022 February,Cider - draught bar (1 pint),Euro,5.444
National Average Price,2022 February,Ale - draught bar (1 pint),Euro,4.998
National Average Price,2022 February,Cider - bar (33cl bottle),Euro,5.051
National Average Price,2022 February,Flavoured alcoholic drink - bar (275ml bottle),Euro,5.9
National Average Price,2022 February,Whiskey - bar (single) per ½ glass,Euro,4.779
National Average Price,2022 February,Brandy - bar (single) per ½ glass,Euro,5.22
National Average Price,2022 February,Vodka - bar (single) per ½ glass,Euro,4.812
National Average Price,2022 February,Wine - bar (187ml bottle),Euro,
National Average Price,2022 February,Diesel per litre,Euro,1.658
National Average Price,2022 February,Petrol - unleaded per litre,Euro,1.754
National Average Price,2022 February,Cinema fee,Euro,10.313
National Average Price,2022 February,Nightclubs fee,Euro,
National Average Price,2022 February,Gent's dry cut fee,Euro,17.157
National Average Price,2022 February,"Gent's wash, cut, and blow dry fee",Euro,
National Average Price,2022 February,"Ladies' wash, cut and blow dry fee",Euro,46.857
National Average Price,2022 March,"White, self raising flour per 2 kg",Euro,2.19
National Average Price,2022 March,"Brown, wholemeal flour per 2 kg",Euro,2.909
National Average Price,2022 March,"Bread, white sliced pan, large (800g)",Euro,1.432
National Average Price,2022 March,"Bread, brown sliced pan, large (800g)",Euro,1.638
National Average Price,2022 March,Spaghetti per 500g,Euro,1.162
National Average Price,2022 March,Sirloin steak per kg,Euro,14.805
National Average Price,2022 March,Striploin steak per kg,Euro,20.937
National Average Price,2022 March,Roast beef - topside or rib per kg,Euro,11.07
National Average Price,2022 March,Sliced / diced beef pieces per kg,Euro,9.776
National Average Price,2022 March,Pork loin chops per kg,Euro,7.379
National Average Price,2022 March,Pork steak per kg,Euro,8.655
National Average Price,2022 March,Lamb - whole leg / half leg per kg,Euro,14.143
National Average Price,2022 March,Lamb loin chops per kg,Euro,19.776
National Average Price,2022 March,Lamb gigot chops per kg,Euro,
National Average Price,2022 March,Uncooked chicken medium size 1.6kg,Euro,4.975
National Average Price,2022 March,Lamb's liver per kg,Euro,6.032
National Average Price,2022 March,Ham fillet per kg,Euro,5.726
National Average Price,2022 March,Cooked ham per kg,Euro,18.591
National Average Price,2022 March,Best back rashers per kg,Euro,9.248
National Average Price,2022 March,Pork sausages per kg,Euro,6.287
National Average Price,2022 March,Fresh fillet of whiting per kg,Euro,
National Average Price,2022 March,Fresh fillet of cod per kg,Euro,17.369
National Average Price,2022 March,Fresh salmon per kg,Euro,21.148
National Average Price,2022 March,Fresh fillet of plaice per kg,Euro,
National Average Price,2022 March,Fresh hake per kg,Euro,11.626
National Average Price,2022 March,Smoked salmon per kg,Euro,33.359
National Average Price,2022 March,Full fat milk per 2 litre,Euro,1.833
National Average Price,2022 March,Low fat milk per 1 litre,Euro,1.085
National Average Price,2022 March,Irish cheddar per kg,Euro,9.114
National Average Price,2022 March,Large eggs per half dozen,Euro,1.824
National Average Price,2022 March,Medium eggs per half dozen,Euro,1.464
National Average Price,2022 March,Butter per lb,Euro,3.168
National Average Price,2022 March,Grapes per kg,Euro,4.789
National Average Price,2022 March,Bananas per kg,Euro,1.484
National Average Price,2022 March,Tomatoes per kg,Euro,3.385
National Average Price,2022 March,Onions per kg,Euro,1.206
National Average Price,2022 March,Broccoli per kg,Euro,2.73
National Average Price,2022 March,Carrots per kg,Euro,1.125
National Average Price,2022 March,Mushrooms per kg,Euro,3.673
National Average Price,2022 March,Tomatoes tinned per 400g,Euro,0.896
National Average Price,2022 March,Potatoes 2.5 kg,Euro,3.427
National Average Price,2022 March,Potatoes 7.5 kg,Euro,5.785
National Average Price,2022 March,Potatoes 10 kg,Euro,
National Average Price,2022 March,White granulated sugar per 1 kg,Euro,1.231
National Average Price,2022 March,Jam per lb,Euro,0.98
National Average Price,2022 March,Marmalade per lb,Euro,1.93
National Average Price,2022 March,Tea bags per 80,Euro,2.784
National Average Price,2022 March,Orange juice per litre,Euro,1.435
National Average Price,2022 March,Whiskey - take home (70cl bottle),Euro,26.306
National Average Price,2022 March,Brandy - take home (70cl bottle),Euro,41.797
National Average Price,2022 March,Vodka - take home (70cl bottle),Euro,23.901
National Average Price,2022 March,Cream liqueur - take home (70cl bottle),Euro,16.373
National Average Price,2022 March,Wine - take home (75cl bottle),Euro,
National Average Price,2022 March,Cider - take home (50cl can),Euro,2.399
National Average Price,2022 March,Sherry - take home (75cl bottle),Euro,
National Average Price,2022 March,Lager - take home (50cl can),Euro,2.159
National Average Price,2022 March,Stout - take home (50cl can),Euro,2.292
National Average Price,2022 March,Filtered cigarettes per 20 pk,Euro,14.72
National Average Price,2022 March,Stout - draught bar (1 pint),Euro,5.081
National Average Price,2022 March,Lager - draught bar (1 pint),Euro,5.467
National Average Price,2022 March,Lager - bar (33cl bottle),Euro,5.216
National Average Price,2022 March,Cider - draught bar (1 pint),Euro,5.573
National Average Price,2022 March,Ale - draught bar (1 pint),Euro,5.129
National Average Price,2022 March,Cider - bar (33cl bottle),Euro,5.188
National Average Price,2022 March,Flavoured alcoholic drink - bar (275ml bottle),Euro,6.001
National Average Price,2022 March,Whiskey - bar (single) per ½ glass,Euro,4.903
National Average Price,2022 March,Brandy - bar (single) per ½ glass,Euro,5.352
National Average Price,2022 March,Vodka - bar (single) per ½ glass,Euro,4.927
National Average Price,2022 March,Wine - bar (187ml bottle),Euro,
National Average Price,2022 March,Diesel per litre,Euro,1.945
National Average Price,2022 March,Petrol - unleaded per litre,Euro,1.933
National Average Price,2022 March,Cinema fee,Euro,10.538
National Average Price,2022 March,Nightclubs fee,Euro,16.237
National Average Price,2022 March,Gent's dry cut fee,Euro,17.178
National Average Price,2022 March,"Gent's wash, cut, and blow dry fee",Euro,
National Average Price,2022 March,"Ladies' wash, cut and blow dry fee",Euro,46.984
National Average Price,2022 April,"White, self raising flour per 2 kg",Euro,2.216
National Average Price,2022 April,"Brown, wholemeal flour per 2 kg",Euro,2.899
National Average Price,2022 April,"Bread, white sliced pan, large (800g)",Euro,1.462
National Average Price,2022 April,"Bread, brown sliced pan, large (800g)",Euro,1.712
National Average Price,2022 April,Spaghetti per 500g,Euro,1.222
National Average Price,2022 April,Sirloin steak per kg,Euro,15.332
National Average Price,2022 April,Striploin steak per kg,Euro,20.982
National Average Price,2022 April,Roast beef - topside or rib per kg,Euro,11.116
National Average Price,2022 April,Sliced / diced beef pieces per kg,Euro,9.974
National Average Price,2022 April,Pork loin chops per kg,Euro,7.763
National Average Price,2022 April,Pork steak per kg,Euro,8.808
National Average Price,2022 April,Lamb - whole leg / half leg per kg,Euro,12.91
National Average Price,2022 April,Lamb loin chops per kg,Euro,20.097
National Average Price,2022 April,Lamb gigot chops per kg,Euro,
National Average Price,2022 April,Uncooked chicken medium size 1.6kg,Euro,5.02
National Average Price,2022 April,Lamb's liver per kg,Euro,5.549
National Average Price,2022 April,Ham fillet per kg,Euro,5.665
National Average Price,2022 April,Cooked ham per kg,Euro,18.791
National Average Price,2022 April,Best back rashers per kg,Euro,9.305
National Average Price,2022 April,Pork sausages per kg,Euro,6.344
National Average Price,2022 April,Fresh fillet of whiting per kg,Euro,
National Average Price,2022 April,Fresh fillet of cod per kg,Euro,17.667
National Average Price,2022 April,Fresh salmon per kg,Euro,21.675
National Average Price,2022 April,Fresh fillet of plaice per kg,Euro,
National Average Price,2022 April,Fresh hake per kg,Euro,11.582
National Average Price,2022 April,Smoked salmon per kg,Euro,33.538
National Average Price,2022 April,Full fat milk per 2 litre,Euro,1.838
National Average Price,2022 April,Low fat milk per 1 litre,Euro,1.086
National Average Price,2022 April,Irish cheddar per kg,Euro,9.285
National Average Price,2022 April,Large eggs per half dozen,Euro,1.853
National Average Price,2022 April,Medium eggs per half dozen,Euro,1.514
National Average Price,2022 April,Butter per lb,Euro,3.214
National Average Price,2022 April,Grapes per kg,Euro,4.632
National Average Price,2022 April,Bananas per kg,Euro,1.503
National Average Price,2022 April,Tomatoes per kg,Euro,3.415
National Average Price,2022 April,Onions per kg,Euro,1.218
National Average Price,2022 April,Broccoli per kg,Euro,2.841
National Average Price,2022 April,Carrots per kg,Euro,1.13
National Average Price,2022 April,Mushrooms per kg,Euro,3.437
National Average Price,2022 April,Tomatoes tinned per 400g,Euro,0.902
National Average Price,2022 April,Potatoes 2.5 kg,Euro,3.278
National Average Price,2022 April,Potatoes 7.5 kg,Euro,5.761
National Average Price,2022 April,Potatoes 10 kg,Euro,
National Average Price,2022 April,White granulated sugar per 1 kg,Euro,1.222
National Average Price,2022 April,Jam per lb,Euro,0.974
National Average Price,2022 April,Marmalade per lb,Euro,1.965
National Average Price,2022 April,Tea bags per 80,Euro,2.748
National Average Price,2022 April,Orange juice per litre,Euro,1.46
National Average Price,2022 April,Whiskey - take home (70cl bottle),Euro,26.008
National Average Price,2022 April,Brandy - take home (70cl bottle),Euro,41.389
National Average Price,2022 April,Vodka - take home (70cl bottle),Euro,23.664
National Average Price,2022 April,Cream liqueur - take home (70cl bottle),Euro,16.398
National Average Price,2022 April,Wine - take home (75cl bottle),Euro,
National Average Price,2022 April,Cider - take home (50cl can),Euro,2.356
National Average Price,2022 April,Sherry - take home (75cl bottle),Euro,
National Average Price,2022 April,Lager - take home (50cl can),Euro,2.16
National Average Price,2022 April,Stout - take home (50cl can),Euro,2.283
National Average Price,2022 April,Filtered cigarettes per 20 pk,Euro,14.849
National Average Price,2022 April,Stout - draught bar (1 pint),Euro,5.121
National Average Price,2022 April,Lager - draught bar (1 pint),Euro,5.5
National Average Price,2022 April,Lager - bar (33cl bottle),Euro,5.246
National Average Price,2022 April,Cider - draught bar (1 pint),Euro,5.604
National Average Price,2022 April,Ale - draught bar (1 pint),Euro,5.169
National Average Price,2022 April,Cider - bar (33cl bottle),Euro,5.211
National Average Price,2022 April,Flavoured alcoholic drink - bar (275ml bottle),Euro,6.022
National Average Price,2022 April,Whiskey - bar (single) per ½ glass,Euro,4.946
National Average Price,2022 April,Brandy - bar (single) per ½ glass,Euro,5.378
National Average Price,2022 April,Vodka - bar (single) per ½ glass,Euro,4.966
National Average Price,2022 April,Wine - bar (187ml bottle),Euro,
National Average Price,2022 April,Diesel per litre,Euro,1.891
National Average Price,2022 April,Petrol - unleaded per litre,Euro,1.809
National Average Price,2022 April,Cinema fee,Euro,10.503
National Average Price,2022 April,Nightclubs fee,Euro,16.655
National Average Price,2022 April,Gent's dry cut fee,Euro,17.354
National Average Price,2022 April,"Gent's wash, cut, and blow dry fee",Euro,
National Average Price,2022 April,"Ladies' wash, cut and blow dry fee",Euro,47.086
National Average Price,2022 May,"White, self raising flour per 2 kg",Euro,2.231
National Average Price,2022 May,"Brown, wholemeal flour per 2 kg",Euro,2.92
National Average Price,2022 May,"Bread, white sliced pan, large (800g)",Euro,1.499
National Average Price,2022 May,"Bread, brown sliced pan, large (800g)",Euro,1.696
National Average Price,2022 May,Spaghetti per 500g,Euro,1.199
National Average Price,2022 May,Sirloin steak per kg,Euro,15.333
National Average Price,2022 May,Striploin steak per kg,Euro,21.073
National Average Price,2022 May,Roast beef - topside or rib per kg,Euro,11.5
National Average Price,2022 May,Sliced / diced beef pieces per kg,Euro,9.966
National Average Price,2022 May,Pork loin chops per kg,Euro,7.997
National Average Price,2022 May,Pork steak per kg,Euro,8.959
National Average Price,2022 May,Lamb - whole leg / half leg per kg,Euro,14.34
National Average Price,2022 May,Lamb loin chops per kg,Euro,20.184
National Average Price,2022 May,Lamb gigot chops per kg,Euro,
National Average Price,2022 May,Uncooked chicken medium size 1.6kg,Euro,5.22
National Average Price,2022 May,Lamb's liver per kg,Euro,5.59
National Average Price,2022 May,Ham fillet per kg,Euro,5.939
National Average Price,2022 May,Cooked ham per kg,Euro,18.798
National Average Price,2022 May,Best back rashers per kg,Euro,9.435
National Average Price,2022 May,Pork sausages per kg,Euro,6.347
National Average Price,2022 May,Fresh fillet of whiting per kg,Euro,
National Average Price,2022 May,Fresh fillet of cod per kg,Euro,18.704
National Average Price,2022 May,Fresh salmon per kg,Euro,22.704
National Average Price,2022 May,Fresh fillet of plaice per kg,Euro,
National Average Price,2022 May,Fresh hake per kg,Euro,11.937
National Average Price,2022 May,Smoked salmon per kg,Euro,34.281
National Average Price,2022 May,Full fat milk per 2 litre,Euro,1.865
National Average Price,2022 May,Low fat milk per 1 litre,Euro,1.099
National Average Price,2022 May,Irish cheddar per kg,Euro,9.095
National Average Price,2022 May,Large eggs per half dozen,Euro,1.868
National Average Price,2022 May,Medium eggs per half dozen,Euro,1.507
National Average Price,2022 May,Butter per lb,Euro,3.36
National Average Price,2022 May,Grapes per kg,Euro,4.711
National Average Price,2022 May,Bananas per kg,Euro,1.519
National Average Price,2022 May,Tomatoes per kg,Euro,3.4
National Average Price,2022 May,Onions per kg,Euro,1.178
National Average Price,2022 May,Broccoli per kg,Euro,2.896
National Average Price,2022 May,Carrots per kg,Euro,1.135
National Average Price,2022 May,Mushrooms per kg,Euro,3.535
National Average Price,2022 May,Tomatoes tinned per 400g,Euro,0.9
National Average Price,2022 May,Potatoes 2.5 kg,Euro,3.397
National Average Price,2022 May,Potatoes 7.5 kg,Euro,5.802
National Average Price,2022 May,Potatoes 10 kg,Euro,
National Average Price,2022 May,White granulated sugar per 1 kg,Euro,1.23
National Average Price,2022 May,Jam per lb,Euro,0.984
National Average Price,2022 May,Marmalade per lb,Euro,1.953
National Average Price,2022 May,Tea bags per 80,Euro,2.694
National Average Price,2022 May,Orange juice per litre,Euro,1.402
National Average Price,2022 May,Whiskey - take home (70cl bottle),Euro,27.249
National Average Price,2022 May,Brandy - take home (70cl bottle),Euro,41.762
National Average Price,2022 May,Vodka - take home (70cl bottle),Euro,23.711
National Average Price,2022 May,Cream liqueur - take home (70cl bottle),Euro,18.106
National Average Price,2022 May,Wine - take home (75cl bottle),Euro,
National Average Price,2022 May,Cider - take home (50cl can),Euro,2.435
National Average Price,2022 May,Sherry - take home (75cl bottle),Euro,
National Average Price,2022 May,Lager - take home (50cl can),Euro,2.157
National Average Price,2022 May,Stout - take home (50cl can),Euro,2.277
National Average Price,2022 May,Filtered cigarettes per 20 pk,Euro,14.869
National Average Price,2022 May,Stout - draught bar (1 pint),Euro,5.131
National Average Price,2022 May,Lager - draught bar (1 pint),Euro,5.522
National Average Price,2022 May,Lager - bar (33cl bottle),Euro,5.262
National Average Price,2022 May,Cider - draught bar (1 pint),Euro,5.614
National Average Price,2022 May,Ale - draught bar (1 pint),Euro,5.174
National Average Price,2022 May,Cider - bar (33cl bottle),Euro,5.218
National Average Price,2022 May,Flavoured alcoholic drink - bar (275ml bottle),Euro,6.029
National Average Price,2022 May,Whiskey - bar (single) per ½ glass,Euro,4.959
National Average Price,2022 May,Brandy - bar (single) per ½ glass,Euro,5.4
National Average Price,2022 May,Vodka - bar (single) per ½ glass,Euro,4.975
National Average Price,2022 May,Wine - bar (187ml bottle),Euro,
National Average Price,2022 May,Diesel per litre,Euro,1.929
National Average Price,2022 May,Petrol - unleaded per litre,Euro,1.858
National Average Price,2022 May,Cinema fee,Euro,10.605
National Average Price,2022 May,Nightclubs fee,Euro,16.404
National Average Price,2022 May,Gent's dry cut fee,Euro,17.302
National Average Price,2022 May,"Gent's wash, cut, and blow dry fee",Euro,
National Average Price,2022 May,"Ladies' wash, cut and blow dry fee",Euro,47.6
National Average Price,2022 June,"White, self raising flour per 2 kg",Euro,2.296
National Average Price,2022 June,"Brown, wholemeal flour per 2 kg",Euro,2.979
National Average Price,2022 June,"Bread, white sliced pan, large (800g)",Euro,1.554
National Average Price,2022 June,"Bread, brown sliced pan, large (800g)",Euro,1.773
National Average Price,2022 June,Spaghetti per 500g,Euro,1.225
National Average Price,2022 June,Sirloin steak per kg,Euro,15.317
National Average Price,2022 June,Striploin steak per kg,Euro,21.48
National Average Price,2022 June,Roast beef - topside or rib per kg,Euro,11.675
National Average Price,2022 June,Sliced / diced beef pieces per kg,Euro,10.258
National Average Price,2022 June,Pork loin chops per kg,Euro,8.239
National Average Price,2022 June,Pork steak per kg,Euro,9.081
National Average Price,2022 June,Lamb - whole leg / half leg per kg,Euro,13.785
National Average Price,2022 June,Lamb loin chops per kg,Euro,20.53
National Average Price,2022 June,Lamb gigot chops per kg,Euro,
National Average Price,2022 June,Uncooked chicken medium size 1.6kg,Euro,5.379
National Average Price,2022 June,Lamb's liver per kg,Euro,5.676
National Average Price,2022 June,Ham fillet per kg,Euro,6.103
National Average Price,2022 June,Cooked ham per kg,Euro,19.632
National Average Price,2022 June,Best back rashers per kg,Euro,9.861
National Average Price,2022 June,Pork sausages per kg,Euro,6.447
National Average Price,2022 June,Fresh fillet of whiting per kg,Euro,
National Average Price,2022 June,Fresh fillet of cod per kg,Euro,19.068
National Average Price,2022 June,Fresh salmon per kg,Euro,23.276
National Average Price,2022 June,Fresh fillet of plaice per kg,Euro,
National Average Price,2022 June,Fresh hake per kg,Euro,12.087
National Average Price,2022 June,Smoked salmon per kg,Euro,34.617
National Average Price,2022 June,Full fat milk per 2 litre,Euro,1.955
National Average Price,2022 June,Low fat milk per 1 litre,Euro,1.152
National Average Price,2022 June,Irish cheddar per kg,Euro,9.775
National Average Price,2022 June,Large eggs per half dozen,Euro,1.884
National Average Price,2022 June,Medium eggs per half dozen,Euro,1.514
National Average Price,2022 June,Butter per lb,Euro,3.462
National Average Price,2022 June,Grapes per kg,Euro,4.763
National Average Price,2022 June,Bananas per kg,Euro,1.525
National Average Price,2022 June,Tomatoes per kg,Euro,3.363
National Average Price,2022 June,Onions per kg,Euro,1.221
National Average Price,2022 June,Broccoli per kg,Euro,2.882
National Average Price,2022 June,Carrots per kg,Euro,1.118
National Average Price,2022 June,Mushrooms per kg,Euro,3.423
National Average Price,2022 June,Tomatoes tinned per 400g,Euro,0.913
National Average Price,2022 June,Potatoes 2.5 kg,Euro,3.39
National Average Price,2022 June,Potatoes 7.5 kg,Euro,5.787
National Average Price,2022 June,Potatoes 10 kg,Euro,
National Average Price,2022 June,White granulated sugar per 1 kg,Euro,1.247
National Average Price,2022 June,Jam per lb,Euro,0.995
National Average Price,2022 June,Marmalade per lb,Euro,1.987
National Average Price,2022 June,Tea bags per 80,Euro,2.778
National Average Price,2022 June,Orange juice per litre,Euro,1.454
National Average Price,2022 June,Whiskey - take home (70cl bottle),Euro,26.547
National Average Price,2022 June,Brandy - take home (70cl bottle),Euro,42.618
National Average Price,2022 June,Vodka - take home (70cl bottle),Euro,23.793
National Average Price,2022 June,Cream liqueur - take home (70cl bottle),Euro,17.531
National Average Price,2022 June,Wine - take home (75cl bottle),Euro,
National Average Price,2022 June,Cider - take home (50cl can),Euro,2.434
National Average Price,2022 June,Sherry - take home (75cl bottle),Euro,
National Average Price,2022 June,Lager - take home (50cl can),Euro,2.141
National Average Price,2022 June,Stout - take home (50cl can),Euro,2.288
National Average Price,2022 June,Filtered cigarettes per 20 pk,Euro,14.888
National Average Price,2022 June,Stout - draught bar (1 pint),Euro,5.132
National Average Price,2022 June,Lager - draught bar (1 pint),Euro,5.533
National Average Price,2022 June,Lager - bar (33cl bottle),Euro,5.267
National Average Price,2022 June,Cider - draught bar (1 pint),Euro,5.629
National Average Price,2022 June,Ale - draught bar (1 pint),Euro,5.187
National Average Price,2022 June,Cider - bar (33cl bottle),Euro,5.209
National Average Price,2022 June,Flavoured alcoholic drink - bar (275ml bottle),Euro,6.029
National Average Price,2022 June,Whiskey - bar (single) per ½ glass,Euro,4.959
National Average Price,2022 June,Brandy - bar (single) per ½ glass,Euro,5.41
National Average Price,2022 June,Vodka - bar (single) per ½ glass,Euro,4.977
National Average Price,2022 June,Wine - bar (187ml bottle),Euro,
National Average Price,2022 June,Diesel per litre,Euro,2.093
National Average Price,2022 June,Petrol - unleaded per litre,Euro,2.145
National Average Price,2022 June,Cinema fee,Euro,10.787
National Average Price,2022 June,Nightclubs fee,Euro,16.404
National Average Price,2022 June,Gent's dry cut fee,Euro,17.543
National Average Price,2022 June,"Gent's wash, cut, and blow dry fee",Euro,
National Average Price,2022 June,"Ladies' wash, cut and blow dry fee",Euro,47.867
National Average Price,2022 July,"White, self raising flour per 2 kg",Euro,2.392
National Average Price,2022 July,"Brown, wholemeal flour per 2 kg",Euro,3.051
National Average Price,2022 July,"Bread, white sliced pan, large (800g)",Euro,1.599
National Average Price,2022 July,"Bread, brown sliced pan, large (800g)",Euro,1.797
National Average Price,2022 July,Spaghetti per 500g,Euro,1.275
National Average Price,2022 July,Sirloin steak per kg,Euro,15.852
National Average Price,2022 July,Striploin steak per kg,Euro,22.135
National Average Price,2022 July,Roast beef - topside or rib per kg,Euro,11.993
National Average Price,2022 July,Sliced / diced beef pieces per kg,Euro,10.405
National Average Price,2022 July,Pork loin chops per kg,Euro,8.239
National Average Price,2022 July,Pork steak per kg,Euro,9.115
National Average Price,2022 July,Lamb - whole leg / half leg per kg,Euro,14.392
National Average Price,2022 July,Lamb loin chops per kg,Euro,20.837
National Average Price,2022 July,Lamb gigot chops per kg,Euro,
National Average Price,2022 July,Uncooked chicken medium size 1.6kg,Euro,5.406
National Average Price,2022 July,Lamb's liver per kg,Euro,5.662
National Average Price,2022 July,Ham fillet per kg,Euro,6.171
National Average Price,2022 July,Cooked ham per kg,Euro,20.592
National Average Price,2022 July,Best back rashers per kg,Euro,10.314
National Average Price,2022 July,Pork sausages per kg,Euro,6.589
National Average Price,2022 July,Fresh fillet of whiting per kg,Euro,
National Average Price,2022 July,Fresh fillet of cod per kg,Euro,19.172
National Average Price,2022 July,Fresh salmon per kg,Euro,23.598
National Average Price,2022 July,Fresh fillet of plaice per kg,Euro,
National Average Price,2022 July,Fresh hake per kg,Euro,12.185
National Average Price,2022 July,Smoked salmon per kg,Euro,35.037
National Average Price,2022 July,Full fat milk per 2 litre,Euro,2.052
National Average Price,2022 July,Low fat milk per 1 litre,Euro,1.205
National Average Price,2022 July,Irish cheddar per kg,Euro,9.975
National Average Price,2022 July,Large eggs per half dozen,Euro,1.9
National Average Price,2022 July,Medium eggs per half dozen,Euro,1.518
National Average Price,2022 July,Butter per lb,Euro,3.515
National Average Price,2022 July,Grapes per kg,Euro,4.751
National Average Price,2022 July,Bananas per kg,Euro,1.527
National Average Price,2022 July,Tomatoes per kg,Euro,3.397
National Average Price,2022 July,Onions per kg,Euro,1.217
National Average Price,2022 July,Broccoli per kg,Euro,2.888
National Average Price,2022 July,Carrots per kg,Euro,1.132
National Average Price,2022 July,Mushrooms per kg,Euro,3.512
National Average Price,2022 July,Tomatoes tinned per 400g,Euro,0.951
National Average Price,2022 July,Potatoes 2.5 kg,Euro,3.383
National Average Price,2022 July,Potatoes 7.5 kg,Euro,5.764
National Average Price,2022 July,Potatoes 10 kg,Euro,
National Average Price,2022 July,White granulated sugar per 1 kg,Euro,1.247
National Average Price,2022 July,Jam per lb,Euro,0.991
National Average Price,2022 July,Marmalade per lb,Euro,1.971
National Average Price,2022 July,Tea bags per 80,Euro,2.782
National Average Price,2022 July,Orange juice per litre,Euro,1.417
National Average Price,2022 July,Whiskey - take home (70cl bottle),Euro,27.142
National Average Price,2022 July,Brandy - take home (70cl bottle),Euro,43.456
National Average Price,2022 July,Vodka - take home (70cl bottle),Euro,23.843
National Average Price,2022 July,Cream liqueur - take home (70cl bottle),Euro,17.218
National Average Price,2022 July,Wine - take home (75cl bottle),Euro,
National Average Price,2022 July,Cider - take home (50cl can),Euro,2.447
National Average Price,2022 July,Sherry - take home (75cl bottle),Euro,
National Average Price,2022 July,Lager - take home (50cl can),Euro,2.15
National Average Price,2022 July,Stout - take home (50cl can),Euro,2.3
National Average Price,2022 July,Filtered cigarettes per 20 pk,Euro,14.897
National Average Price,2022 July,Stout - draught bar (1 pint),Euro,5.135
National Average Price,2022 July,Lager - draught bar (1 pint),Euro,5.555
National Average Price,2022 July,Lager - bar (33cl bottle),Euro,5.274
National Average Price,2022 July,Cider - draught bar (1 pint),Euro,5.64
National Average Price,2022 July,Ale - draught bar (1 pint),Euro,5.187
National Average Price,2022 July,Cider - bar (33cl bottle),Euro,5.207
National Average Price,2022 July,Flavoured alcoholic drink - bar (275ml bottle),Euro,6.025
National Average Price,2022 July,Whiskey - bar (single) per ½ glass,Euro,4.969
National Average Price,2022 July,Brandy - bar (single) per ½ glass,Euro,5.413
National Average Price,2022 July,Vodka - bar (single) per ½ glass,Euro,4.988
National Average Price,2022 July,Wine - bar (187ml bottle),Euro,
National Average Price,2022 July,Diesel per litre,Euro,2.07
National Average Price,2022 July,Petrol - unleaded per litre,Euro,2.081
National Average Price,2022 July,Cinema fee,Euro,10.751
National Average Price,2022 July,Nightclubs fee,Euro,16.496
National Average Price,2022 July,Gent's dry cut fee,Euro,17.644
National Average Price,2022 July,"Gent's wash, cut, and blow dry fee",Euro,
National Average Price,2022 July,"Ladies' wash, cut and blow dry fee",Euro,48.023
National Average Price,2022 August,"White, self raising flour per 2 kg",Euro,2.389
National Average Price,2022 August,"Brown, wholemeal flour per 2 kg",Euro,3.03
National Average Price,2022 August,"Bread, white sliced pan, large (800g)",Euro,1.608
National Average Price,2022 August,"Bread, brown sliced pan, large (800g)",Euro,1.797
National Average Price,2022 August,Spaghetti per 500g,Euro,1.318
National Average Price,2022 August,Sirloin steak per kg,Euro,16.088
National Average Price,2022 August,Striploin steak per kg,Euro,21.902
National Average Price,2022 August,Roast beef - topside or rib per kg,Euro,12.156
National Average Price,2022 August,Sliced / diced beef pieces per kg,Euro,10.415
National Average Price,2022 August,Pork loin chops per kg,Euro,8.188
National Average Price,2022 August,Pork steak per kg,Euro,9.086
National Average Price,2022 August,Lamb - whole leg / half leg per kg,Euro,14.593
National Average Price,2022 August,Lamb loin chops per kg,Euro,21.308
National Average Price,2022 August,Lamb gigot chops per kg,Euro,
National Average Price,2022 August,Uncooked chicken medium size 1.6kg,Euro,5.52
National Average Price,2022 August,Lamb's liver per kg,Euro,5.652
National Average Price,2022 August,Ham fillet per kg,Euro,6.269
National Average Price,2022 August,Cooked ham per kg,Euro,20.684
National Average Price,2022 August,Best back rashers per kg,Euro,10.224
National Average Price,2022 August,Pork sausages per kg,Euro,6.769
National Average Price,2022 August,Fresh fillet of whiting per kg,Euro,
National Average Price,2022 August,Fresh fillet of cod per kg,Euro,19.393
National Average Price,2022 August,Fresh salmon per kg,Euro,23.728
National Average Price,2022 August,Fresh fillet of plaice per kg,Euro,
National Average Price,2022 August,Fresh hake per kg,Euro,12.232
National Average Price,2022 August,Smoked salmon per kg,Euro,35.776
National Average Price,2022 August,Full fat milk per 2 litre,Euro,2.075
National Average Price,2022 August,Low fat milk per 1 litre,Euro,1.21
National Average Price,2022 August,Irish cheddar per kg,Euro,9.981
National Average Price,2022 August,Large eggs per half dozen,Euro,1.909
National Average Price,2022 August,Medium eggs per half dozen,Euro,1.516
National Average Price,2022 August,Butter per lb,Euro,3.581
National Average Price,2022 August,Grapes per kg,Euro,4.743
National Average Price,2022 August,Bananas per kg,Euro,1.549
National Average Price,2022 August,Tomatoes per kg,Euro,3.37
National Average Price,2022 August,Onions per kg,Euro,1.243
National Average Price,2022 August,Broccoli per kg,Euro,2.917
National Average Price,2022 August,Carrots per kg,Euro,1.145
National Average Price,2022 August,Mushrooms per kg,Euro,3.59
National Average Price,2022 August,Tomatoes tinned per 400g,Euro,0.964
National Average Price,2022 August,Potatoes 2.5 kg,Euro,3.356
National Average Price,2022 August,Potatoes 7.5 kg,Euro,5.727
National Average Price,2022 August,Potatoes 10 kg,Euro,
National Average Price,2022 August,White granulated sugar per 1 kg,Euro,1.246
National Average Price,2022 August,Jam per lb,Euro,1.006
National Average Price,2022 August,Marmalade per lb,Euro,1.982
National Average Price,2022 August,Tea bags per 80,Euro,2.779
National Average Price,2022 August,Orange juice per litre,Euro,1.425
National Average Price,2022 August,Whiskey - take home (70cl bottle),Euro,26.356
National Average Price,2022 August,Brandy - take home (70cl bottle),Euro,43.252
National Average Price,2022 August,Vodka - take home (70cl bottle),Euro,23.78
National Average Price,2022 August,Cream liqueur - take home (70cl bottle),Euro,18.09
National Average Price,2022 August,Wine - take home (75cl bottle),Euro,
National Average Price,2022 August,Cider - take home (50cl can),Euro,2.452
National Average Price,2022 August,Sherry - take home (75cl bottle),Euro,
National Average Price,2022 August,Lager - take home (50cl can),Euro,2.153
National Average Price,2022 August,Stout - take home (50cl can),Euro,2.328
National Average Price,2022 August,Filtered cigarettes per 20 pk,Euro,14.895
National Average Price,2022 August,Stout - draught bar (1 pint),Euro,5.139
National Average Price,2022 August,Lager - draught bar (1 pint),Euro,5.55
National Average Price,2022 August,Lager - bar (33cl bottle),Euro,5.283
National Average Price,2022 August,Cider - draught bar (1 pint),Euro,5.646
National Average Price,2022 August,Ale - draught bar (1 pint),Euro,5.184
National Average Price,2022 August,Cider - bar (33cl bottle),Euro,5.221
National Average Price,2022 August,Flavoured alcoholic drink - bar (275ml bottle),Euro,6.03
National Average Price,2022 August,Whiskey - bar (single) per ½ glass,Euro,4.985
National Average Price,2022 August,Brandy - bar (single) per ½ glass,Euro,5.436
National Average Price,2022 August,Vodka - bar (single) per ½ glass,Euro,5
National Average Price,2022 August,Wine - bar (187ml bottle),Euro,
National Average Price,2022 August,Diesel per litre,Euro,1.928
National Average Price,2022 August,Petrol - unleaded per litre,Euro,1.908
National Average Price,2022 August,Cinema fee,Euro,10.764
National Average Price,2022 August,Nightclubs fee,Euro,16.496
National Average Price,2022 August,Gent's dry cut fee,Euro,17.643
National Average Price,2022 August,"Gent's wash, cut, and blow dry fee",Euro,
National Average Price,2022 August,"Ladies' wash, cut and blow dry fee",Euro,48.107
National Average Price,2022 September,"White, self raising flour per 2 kg",Euro,2.381
National Average Price,2022 September,"Brown, wholemeal flour per 2 kg",Euro,3.035
National Average Price,2022 September,"Bread, white sliced pan, large (800g)",Euro,1.615
National Average Price,2022 September,"Bread, brown sliced pan, large (800g)",Euro,1.801
National Average Price,2022 September,Spaghetti per 500g,Euro,1.33
National Average Price,2022 September,Sirloin steak per kg,Euro,16.092
National Average Price,2022 September,Striploin steak per kg,Euro,21.612
National Average Price,2022 September,Roast beef - topside or rib per kg,Euro,12.086
National Average Price,2022 September,Sliced / diced beef pieces per kg,Euro,10.688
National Average Price,2022 September,Pork loin chops per kg,Euro,8.17
National Average Price,2022 September,Pork steak per kg,Euro,8.998
National Average Price,2022 September,Lamb - whole leg / half leg per kg,Euro,14.464
National Average Price,2022 September,Lamb loin chops per kg,Euro,21.403
National Average Price,2022 September,Lamb gigot chops per kg,Euro,
National Average Price,2022 September,Uncooked chicken medium size 1.6kg,Euro,5.575
National Average Price,2022 September,Lamb's liver per kg,Euro,5.663
National Average Price,2022 September,Ham fillet per kg,Euro,6.258
National Average Price,2022 September,Cooked ham per kg,Euro,20.519
National Average Price,2022 September,Best back rashers per kg,Euro,10.277
National Average Price,2022 September,Pork sausages per kg,Euro,6.832
National Average Price,2022 September,Fresh fillet of whiting per kg,Euro,
National Average Price,2022 September,Fresh fillet of cod per kg,Euro,19.823
National Average Price,2022 September,Fresh salmon per kg,Euro,23.793
National Average Price,2022 September,Fresh fillet of plaice per kg,Euro,
National Average Price,2022 September,Fresh hake per kg,Euro,12.219
National Average Price,2022 September,Smoked salmon per kg,Euro,35.624
National Average Price,2022 September,Full fat milk per 2 litre,Euro,2.098
National Average Price,2022 September,Low fat milk per 1 litre,Euro,1.218
National Average Price,2022 September,Irish cheddar per kg,Euro,9.99
National Average Price,2022 September,Large eggs per half dozen,Euro,1.909
National Average Price,2022 September,Medium eggs per half dozen,Euro,1.52
National Average Price,2022 September,Butter per lb,Euro,3.645
National Average Price,2022 September,Grapes per kg,Euro,4.779
National Average Price,2022 September,Bananas per kg,Euro,1.56
National Average Price,2022 September,Tomatoes per kg,Euro,3.374
National Average Price,2022 September,Onions per kg,Euro,1.236
National Average Price,2022 September,Broccoli per kg,Euro,2.969
National Average Price,2022 September,Carrots per kg,Euro,1.134
National Average Price,2022 September,Mushrooms per kg,Euro,3.666
National Average Price,2022 September,Tomatoes tinned per 400g,Euro,0.957
National Average Price,2022 September,Potatoes 2.5 kg,Euro,3.389
National Average Price,2022 September,Potatoes 7.5 kg,Euro,5.923
National Average Price,2022 September,Potatoes 10 kg,Euro,
National Average Price,2022 September,White granulated sugar per 1 kg,Euro,1.248
National Average Price,2022 September,Jam per lb,Euro,1.006
National Average Price,2022 September,Marmalade per lb,Euro,2.035
National Average Price,2022 September,Tea bags per 80,Euro,2.809
National Average Price,2022 September,Orange juice per litre,Euro,1.424
National Average Price,2022 September,Whiskey - take home (70cl bottle),Euro,27.265
National Average Price,2022 September,Brandy - take home (70cl bottle),Euro,43.594
National Average Price,2022 September,Vodka - take home (70cl bottle),Euro,24.348
National Average Price,2022 September,Cream liqueur - take home (70cl bottle),Euro,17.727
National Average Price,2022 September,Wine - take home (75cl bottle),Euro,
National Average Price,2022 September,Cider - take home (50cl can),Euro,2.464
National Average Price,2022 September,Sherry - take home (75cl bottle),Euro,
National Average Price,2022 September,Lager - take home (50cl can),Euro,2.156
National Average Price,2022 September,Stout - take home (50cl can),Euro,2.282
National Average Price,2022 September,Filtered cigarettes per 20 pk,Euro,14.901
National Average Price,2022 September,Stout - draught bar (1 pint),Euro,5.139
National Average Price,2022 September,Lager - draught bar (1 pint),Euro,5.55
National Average Price,2022 September,Lager - bar (33cl bottle),Euro,5.272
National Average Price,2022 September,Cider - draught bar (1 pint),Euro,5.652
National Average Price,2022 September,Ale - draught bar (1 pint),Euro,5.184
National Average Price,2022 September,Cider - bar (33cl bottle),Euro,5.221
National Average Price,2022 September,Flavoured alcoholic drink - bar (275ml bottle),Euro,6.059
National Average Price,2022 September,Whiskey - bar (single) per ½ glass,Euro,4.986
National Average Price,2022 September,Brandy - bar (single) per ½ glass,Euro,5.435
National Average Price,2022 September,Vodka - bar (single) per ½ glass,Euro,4.995
National Average Price,2022 September,Wine - bar (187ml bottle),Euro,
National Average Price,2022 September,Diesel per litre,Euro,1.919
National Average Price,2022 September,Petrol - unleaded per litre,Euro,1.799
National Average Price,2022 September,Cinema fee,Euro,10.623
National Average Price,2022 September,Nightclubs fee,Euro,16.664
National Average Price,2022 September,Gent's dry cut fee,Euro,17.712
National Average Price,2022 September,"Gent's wash, cut, and blow dry fee",Euro,
National Average Price,2022 September,"Ladies' wash, cut and blow dry fee",Euro,48.495
National Average Price,2022 October,"White, self raising flour per 2 kg",Euro,2.388
National Average Price,2022 October,"Brown, wholemeal flour per 2 kg",Euro,3.042
National Average Price,2022 October,"Bread, white sliced pan, large (800g)",Euro,1.633
National Average Price,2022 October,"Bread, brown sliced pan, large (800g)",Euro,1.823
National Average Price,2022 October,Spaghetti per 500g,Euro,1.297
National Average Price,2022 October,Sirloin steak per kg,Euro,16.04
National Average Price,2022 October,Striploin steak per kg,Euro,21.838
National Average Price,2022 October,Roast beef - topside or rib per kg,Euro,12.046
National Average Price,2022 October,Sliced / diced beef pieces per kg,Euro,10.628
National Average Price,2022 October,Pork loin chops per kg,Euro,8.207
National Average Price,2022 October,Pork steak per kg,Euro,9.058
National Average Price,2022 October,Lamb - whole leg / half leg per kg,Euro,14.794
National Average Price,2022 October,Lamb loin chops per kg,Euro,21.465
National Average Price,2022 October,Lamb gigot chops per kg,Euro,
National Average Price,2022 October,Uncooked chicken medium size 1.6kg,Euro,5.599
National Average Price,2022 October,Lamb's liver per kg,Euro,5.654
National Average Price,2022 October,Ham fillet per kg,Euro,6.278
National Average Price,2022 October,Cooked ham per kg,Euro,20.806
National Average Price,2022 October,Best back rashers per kg,Euro,10.497
National Average Price,2022 October,Pork sausages per kg,Euro,6.871
National Average Price,2022 October,Fresh fillet of whiting per kg,Euro,
National Average Price,2022 October,Fresh fillet of cod per kg,Euro,19.484
National Average Price,2022 October,Fresh salmon per kg,Euro,23.52
National Average Price,2022 October,Fresh fillet of plaice per kg,Euro,
National Average Price,2022 October,Fresh hake per kg,Euro,12.139
National Average Price,2022 October,Smoked salmon per kg,Euro,35.742
National Average Price,2022 October,Full fat milk per 2 litre,Euro,2.123
National Average Price,2022 October,Low fat milk per 1 litre,Euro,1.235
National Average Price,2022 October,Irish cheddar per kg,Euro,10.142
National Average Price,2022 October,Large eggs per half dozen,Euro,2.044
National Average Price,2022 October,Medium eggs per half dozen,Euro,1.665
National Average Price,2022 October,Butter per lb,Euro,3.7
National Average Price,2022 October,Grapes per kg,Euro,4.785
National Average Price,2022 October,Bananas per kg,Euro,1.602
National Average Price,2022 October,Tomatoes per kg,Euro,3.435
National Average Price,2022 October,Onions per kg,Euro,1.245
National Average Price,2022 October,Broccoli per kg,Euro,2.92
National Average Price,2022 October,Carrots per kg,Euro,1.172
National Average Price,2022 October,Mushrooms per kg,Euro,3.655
National Average Price,2022 October,Tomatoes tinned per 400g,Euro,0.95
National Average Price,2022 October,Potatoes 2.5 kg,Euro,3.378
National Average Price,2022 October,Potatoes 7.5 kg,Euro,6.008
National Average Price,2022 October,Potatoes 10 kg,Euro,
National Average Price,2022 October,White granulated sugar per 1 kg,Euro,1.331
National Average Price,2022 October,Jam per lb,Euro,1.009
National Average Price,2022 October,Marmalade per lb,Euro,2.013
National Average Price,2022 October,Tea bags per 80,Euro,2.818
National Average Price,2022 October,Orange juice per litre,Euro,1.428
National Average Price,2022 October,Whiskey - take home (70cl bottle),Euro,26.725
National Average Price,2022 October,Brandy - take home (70cl bottle),Euro,43.033
National Average Price,2022 October,Vodka - take home (70cl bottle),Euro,24.007
National Average Price,2022 October,Cream liqueur - take home (70cl bottle),Euro,17.052
National Average Price,2022 October,Wine - take home (75cl bottle),Euro,
National Average Price,2022 October,Cider - take home (50cl can),Euro,2.458
National Average Price,2022 October,Sherry - take home (75cl bottle),Euro,
National Average Price,2022 October,Lager - take home (50cl can),Euro,2.163
National Average Price,2022 October,Stout - take home (50cl can),Euro,2.313
National Average Price,2022 October,Filtered cigarettes per 20 pk,Euro,15.352
National Average Price,2022 October,Stout - draught bar (1 pint),Euro,5.15
National Average Price,2022 October,Lager - draught bar (1 pint),Euro,5.558
National Average Price,2022 October,Lager - bar (33cl bottle),Euro,5.285
National Average Price,2022 October,Cider - draught bar (1 pint),Euro,5.663
National Average Price,2022 October,Ale - draught bar (1 pint),Euro,5.201
National Average Price,2022 October,Cider - bar (33cl bottle),Euro,5.235
National Average Price,2022 October,Flavoured alcoholic drink - bar (275ml bottle),Euro,6.075
National Average Price,2022 October,Whiskey - bar (single) per ½ glass,Euro,5.009
National Average Price,2022 October,Brandy - bar (single) per ½ glass,Euro,5.452
National Average Price,2022 October,Vodka - bar (single) per ½ glass,Euro,5.002
National Average Price,2022 October,Wine - bar (187ml bottle),Euro,
National Average Price,2022 October,Diesel per litre,Euro,1.95
National Average Price,2022 October,Petrol - unleaded per litre,Euro,1.796
National Average Price,2022 October,Cinema fee,Euro,10.688
National Average Price,2022 October,Nightclubs fee,Euro,16.664
National Average Price,2022 October,Gent's dry cut fee,Euro,17.877
National Average Price,2022 October,"Gent's wash, cut, and blow dry fee",Euro,
National Average Price,2022 October,"Ladies' wash, cut and blow dry fee",Euro,48.804
National Average Price,2022 November,"White, self raising flour per 2 kg",Euro,2.394
National Average Price,2022 November,"Brown, wholemeal flour per 2 kg",Euro,3.059
National Average Price,2022 November,"Bread, white sliced pan, large (800g)",Euro,1.655
National Average Price,2022 November,"Bread, brown sliced pan, large (800g)",Euro,1.829
National Average Price,2022 November,Spaghetti per 500g,Euro,1.324
National Average Price,2022 November,Sirloin steak per kg,Euro,16.165
National Average Price,2022 November,Striploin steak per kg,Euro,21.686
National Average Price,2022 November,Roast beef - topside or rib per kg,Euro,12.056
National Average Price,2022 November,Sliced / diced beef pieces per kg,Euro,10.654
National Average Price,2022 November,Pork loin chops per kg,Euro,8.186
National Average Price,2022 November,Pork steak per kg,Euro,9.102
National Average Price,2022 November,Lamb - whole leg / half leg per kg,Euro,14.442
National Average Price,2022 November,Lamb loin chops per kg,Euro,21.104
National Average Price,2022 November,Lamb gigot chops per kg,Euro,
National Average Price,2022 November,Uncooked chicken medium size 1.6kg,Euro,5.613
National Average Price,2022 November,Lamb's liver per kg,Euro,5.659
National Average Price,2022 November,Ham fillet per kg,Euro,6.363
National Average Price,2022 November,Cooked ham per kg,Euro,20.485
National Average Price,2022 November,Best back rashers per kg,Euro,10.391
National Average Price,2022 November,Pork sausages per kg,Euro,6.897
National Average Price,2022 November,Fresh fillet of whiting per kg,Euro,
National Average Price,2022 November,Fresh fillet of cod per kg,Euro,19.735
National Average Price,2022 November,Fresh salmon per kg,Euro,23.276
National Average Price,2022 November,Fresh fillet of plaice per kg,Euro,
National Average Price,2022 November,Fresh hake per kg,Euro,12.461
National Average Price,2022 November,Smoked salmon per kg,Euro,35.842
National Average Price,2022 November,Full fat milk per 2 litre,Euro,2.24
National Average Price,2022 November,Low fat milk per 1 litre,Euro,1.268
National Average Price,2022 November,Irish cheddar per kg,Euro,10.252
National Average Price,2022 November,Large eggs per half dozen,Euro,2.091
National Average Price,2022 November,Medium eggs per half dozen,Euro,1.705
National Average Price,2022 November,Butter per lb,Euro,3.78
National Average Price,2022 November,Grapes per kg,Euro,4.926
National Average Price,2022 November,Bananas per kg,Euro,1.631
National Average Price,2022 November,Tomatoes per kg,Euro,3.454
National Average Price,2022 November,Onions per kg,Euro,1.267
National Average Price,2022 November,Broccoli per kg,Euro,2.954
National Average Price,2022 November,Carrots per kg,Euro,1.127
National Average Price,2022 November,Mushrooms per kg,Euro,3.707
National Average Price,2022 November,Tomatoes tinned per 400g,Euro,0.984
National Average Price,2022 November,Potatoes 2.5 kg,Euro,3.412
National Average Price,2022 November,Potatoes 7.5 kg,Euro,6.044
National Average Price,2022 November,Potatoes 10 kg,Euro,
National Average Price,2022 November,White granulated sugar per 1 kg,Euro,1.403
National Average Price,2022 November,Jam per lb,Euro,1.026
National Average Price,2022 November,Marmalade per lb,Euro,2.022
National Average Price,2022 November,Tea bags per 80,Euro,2.872
National Average Price,2022 November,Orange juice per litre,Euro,1.443
National Average Price,2022 November,Whiskey - take home (70cl bottle),Euro,26.006
National Average Price,2022 November,Brandy - take home (70cl bottle),Euro,41.449
National Average Price,2022 November,Vodka - take home (70cl bottle),Euro,24.063
National Average Price,2022 November,Cream liqueur - take home (70cl bottle),Euro,16.494
National Average Price,2022 November,Wine - take home (75cl bottle),Euro,
National Average Price,2022 November,Cider - take home (50cl can),Euro,2.468
National Average Price,2022 November,Sherry - take home (75cl bottle),Euro,
National Average Price,2022 November,Lager - take home (50cl can),Euro,2.167
National Average Price,2022 November,Stout - take home (50cl can),Euro,2.316
National Average Price,2022 November,Filtered cigarettes per 20 pk,Euro,15.384
National Average Price,2022 November,Stout - draught bar (1 pint),Euro,5.164
National Average Price,2022 November,Lager - draught bar (1 pint),Euro,5.574
National Average Price,2022 November,Lager - bar (33cl bottle),Euro,5.304
National Average Price,2022 November,Cider - draught bar (1 pint),Euro,5.676
National Average Price,2022 November,Ale - draught bar (1 pint),Euro,5.212
National Average Price,2022 November,Cider - bar (33cl bottle),Euro,5.249
National Average Price,2022 November,Flavoured alcoholic drink - bar (275ml bottle),Euro,6.092
National Average Price,2022 November,Whiskey - bar (single) per ½ glass,Euro,5.022
National Average Price,2022 November,Brandy - bar (single) per ½ glass,Euro,5.485
National Average Price,2022 November,Vodka - bar (single) per ½ glass,Euro,5.023
National Average Price,2022 November,Wine - bar (187ml bottle),Euro,
National Average Price,2022 November,Diesel per litre,Euro,2.013
National Average Price,2022 November,Petrol - unleaded per litre,Euro,1.811
National Average Price,2022 November,Cinema fee,Euro,10.776
National Average Price,2022 November,Nightclubs fee,Euro,16.664
National Average Price,2022 November,Gent's dry cut fee,Euro,17.955
National Average Price,2022 November,"Gent's wash, cut, and blow dry fee",Euro,
National Average Price,2022 November,"Ladies' wash, cut and blow dry fee",Euro,48.949
National Average Price,2022 December,"White, self raising flour per 2 kg",Euro,2.385
National Average Price,2022 December,"Brown, wholemeal flour per 2 kg",Euro,3.056
National Average Price,2022 December,"Bread, white sliced pan, large (800g)",Euro,1.662
National Average Price,2022 December,"Bread, brown sliced pan, large (800g)",Euro,1.863
National Average Price,2022 December,Spaghetti per 500g,Euro,1.363
National Average Price,2022 December,Sirloin steak per kg,Euro,16.027
National Average Price,2022 December,Striploin steak per kg,Euro,21.757
National Average Price,2022 December,Roast beef - topside or rib per kg,Euro,12.253
National Average Price,2022 December,Sliced / diced beef pieces per kg,Euro,10.708
National Average Price,2022 December,Pork loin chops per kg,Euro,8.316
National Average Price,2022 December,Pork steak per kg,Euro,9.405
National Average Price,2022 December,Lamb - whole leg / half leg per kg,Euro,14.551
National Average Price,2022 December,Lamb loin chops per kg,Euro,21.364
National Average Price,2022 December,Lamb gigot chops per kg,Euro,
National Average Price,2022 December,Uncooked chicken medium size 1.6kg,Euro,5.65
National Average Price,2022 December,Lamb's liver per kg,Euro,5.695
National Average Price,2022 December,Ham fillet per kg,Euro,6.414
National Average Price,2022 December,Cooked ham per kg,Euro,20.773
National Average Price,2022 December,Best back rashers per kg,Euro,10.554
National Average Price,2022 December,Pork sausages per kg,Euro,6.902
National Average Price,2022 December,Fresh fillet of whiting per kg,Euro,
National Average Price,2022 December,Fresh fillet of cod per kg,Euro,20.267
National Average Price,2022 December,Fresh salmon per kg,Euro,23.696
National Average Price,2022 December,Fresh fillet of plaice per kg,Euro,
National Average Price,2022 December,Fresh hake per kg,Euro,12.289
National Average Price,2022 December,Smoked salmon per kg,Euro,35.488
National Average Price,2022 December,Full fat milk per 2 litre,Euro,2.255
National Average Price,2022 December,Low fat milk per 1 litre,Euro,1.279
National Average Price,2022 December,Irish cheddar per kg,Euro,10.486
National Average Price,2022 December,Large eggs per half dozen,Euro,2.157
National Average Price,2022 December,Medium eggs per half dozen,Euro,1.733
National Average Price,2022 December,Butter per lb,Euro,3.836
National Average Price,2022 December,Grapes per kg,Euro,5.169
National Average Price,2022 December,Bananas per kg,Euro,1.676
National Average Price,2022 December,Tomatoes per kg,Euro,3.476
National Average Price,2022 December,Onions per kg,Euro,1.296
National Average Price,2022 December,Broccoli per kg,Euro,2.835
National Average Price,2022 December,Carrots per kg,Euro,1.102
National Average Price,2022 December,Mushrooms per kg,Euro,3.611
National Average Price,2022 December,Tomatoes tinned per 400g,Euro,0.982
National Average Price,2022 December,Potatoes 2.5 kg,Euro,3.376
National Average Price,2022 December,Potatoes 7.5 kg,Euro,6.054
National Average Price,2022 December,Potatoes 10 kg,Euro,
National Average Price,2022 December,White granulated sugar per 1 kg,Euro,1.513
National Average Price,2022 December,Jam per lb,Euro,1.061
National Average Price,2022 December,Marmalade per lb,Euro,2.073
National Average Price,2022 December,Tea bags per 80,Euro,2.901
National Average Price,2022 December,Orange juice per litre,Euro,1.447
National Average Price,2022 December,Whiskey - take home (70cl bottle),Euro,25.246
National Average Price,2022 December,Brandy - take home (70cl bottle),Euro,40.097
National Average Price,2022 December,Vodka - take home (70cl bottle),Euro,23.387
National Average Price,2022 December,Cream liqueur - take home (70cl bottle),Euro,14.78
National Average Price,2022 December,Wine - take home (75cl bottle),Euro,
National Average Price,2022 December,Cider - take home (50cl can),Euro,2.474
National Average Price,2022 December,Sherry - take home (75cl bottle),Euro,
National Average Price,2022 December,Lager - take home (50cl can),Euro,2.161
National Average Price,2022 December,Stout - take home (50cl can),Euro,2.282
National Average Price,2022 December,Filtered cigarettes per 20 pk,Euro,15.385
National Average Price,2022 December,Stout - draught bar (1 pint),Euro,5.201
National Average Price,2022 December,Lager - draught bar (1 pint),Euro,5.73
National Average Price,2022 December,Lager - bar (33cl bottle),Euro,5.361
National Average Price,2022 December,Cider - draught bar (1 pint),Euro,5.748
National Average Price,2022 December,Ale - draught bar (1 pint),Euro,5.258
National Average Price,2022 December,Cider - bar (33cl bottle),Euro,5.268
National Average Price,2022 December,Flavoured alcoholic drink - bar (275ml bottle),Euro,6.115
National Average Price,2022 December,Whiskey - bar (single) per ½ glass,Euro,5.064
National Average Price,2022 December,Brandy - bar (single) per ½ glass,Euro,5.505
National Average Price,2022 December,Vodka - bar (single) per ½ glass,Euro,5.08
National Average Price,2022 December,Wine - bar (187ml bottle),Euro,
National Average Price,2022 December,Diesel per litre,Euro,1.726
National Average Price,2022 December,Petrol - unleaded per litre,Euro,1.593
National Average Price,2022 December,Cinema fee,Euro,10.863
National Average Price,2022 December,Nightclubs fee,Euro,16.664
National Average Price,2022 December,Gent's dry cut fee,Euro,18.054
National Average Price,2022 December,"Gent's wash, cut, and blow dry fee",Euro,
National Average Price,2022 December,"Ladies' wash, cut and blow dry fee",Euro,49.62
National Average Price,2023 January,"White, self raising flour per 2 kg",Euro,2.41
National Average Price,2023 January,"Brown, wholemeal flour per 2 kg",Euro,3.015
National Average Price,2023 January,"Bread, white sliced pan, large (800g)",Euro,1.672
National Average Price,2023 January,"Bread, brown sliced pan, large (800g)",Euro,1.879
National Average Price,2023 January,Spaghetti per 500g,Euro,1.322
National Average Price,2023 January,Sirloin steak per kg,Euro,16.337
National Average Price,2023 January,Striploin steak per kg,Euro,21.826
National Average Price,2023 January,Roast beef - topside or rib per kg,Euro,12.112
National Average Price,2023 January,Sliced / diced beef pieces per kg,Euro,10.791
National Average Price,2023 January,Pork loin chops per kg,Euro,8.323
National Average Price,2023 January,Pork steak per kg,Euro,9.305
National Average Price,2023 January,Lamb - whole leg / half leg per kg,Euro,14.584
National Average Price,2023 January,Lamb loin chops per kg,Euro,21.396
National Average Price,2023 January,Lamb gigot chops per kg,Euro,
National Average Price,2023 January,Uncooked chicken medium size 1.6kg,Euro,5.709
National Average Price,2023 January,Lamb's liver per kg,Euro,5.805
National Average Price,2023 January,Ham fillet per kg,Euro,6.433
National Average Price,2023 January,Cooked ham per kg,Euro,20.595
National Average Price,2023 January,Best back rashers per kg,Euro,10.655
National Average Price,2023 January,Pork sausages per kg,Euro,6.943
National Average Price,2023 January,Fresh fillet of whiting per kg,Euro,
National Average Price,2023 January,Fresh fillet of cod per kg,Euro,20.349
National Average Price,2023 January,Fresh salmon per kg,Euro,23.779
National Average Price,2023 January,Fresh fillet of plaice per kg,Euro,
National Average Price,2023 January,Fresh hake per kg,Euro,12.311
National Average Price,2023 January,Smoked salmon per kg,Euro,35.953
National Average Price,2023 January,Full fat milk per 2 litre,Euro,2.261
National Average Price,2023 January,Low fat milk per 1 litre,Euro,1.279
National Average Price,2023 January,Irish cheddar per kg,Euro,10.47
National Average Price,2023 January,Large eggs per half dozen,Euro,2.161
National Average Price,2023 January,Medium eggs per half dozen,Euro,1.74
National Average Price,2023 January,Butter per lb,Euro,3.828
National Average Price,2023 January,Grapes per kg,Euro,5.286
National Average Price,2023 January,Bananas per kg,Euro,1.677
National Average Price,2023 January,Tomatoes per kg,Euro,3.474
National Average Price,2023 January,Onions per kg,Euro,1.311
National Average Price,2023 January,Broccoli per kg,Euro,2.825
National Average Price,2023 January,Carrots per kg,Euro,1.18
National Average Price,2023 January,Mushrooms per kg,Euro,3.966
National Average Price,2023 January,Tomatoes tinned per 400g,Euro,1.013
National Average Price,2023 January,Potatoes 2.5 kg,Euro,3.4
National Average Price,2023 January,Potatoes 7.5 kg,Euro,6.053
National Average Price,2023 January,Potatoes 10 kg,Euro,
National Average Price,2023 January,White granulated sugar per 1 kg,Euro,1.538
National Average Price,2023 January,Jam per lb,Euro,1.072
National Average Price,2023 January,Marmalade per lb,Euro,2.058
National Average Price,2023 January,Tea bags per 80,Euro,2.913
National Average Price,2023 January,Orange juice per litre,Euro,1.457
National Average Price,2023 January,Whiskey - take home (70cl bottle),Euro,27.687
National Average Price,2023 January,Brandy - take home (70cl bottle),Euro,43.53
National Average Price,2023 January,Vodka - take home (70cl bottle),Euro,24.602
National Average Price,2023 January,Cream liqueur - take home (70cl bottle),Euro,17.332
National Average Price,2023 January,Wine - take home (75cl bottle),Euro,
National Average Price,2023 January,Cider - take home (50cl can),Euro,2.5
National Average Price,2023 January,Sherry - take home (75cl bottle),Euro,
National Average Price,2023 January,Lager - take home (50cl can),Euro,2.192
National Average Price,2023 January,Stout - take home (50cl can),Euro,2.406
National Average Price,2023 January,Filtered cigarettes per 20 pk,Euro,15.389
National Average Price,2023 January,Stout - draught bar (1 pint),Euro,5.207
National Average Price,2023 January,Lager - draught bar (1 pint),Euro,5.752
National Average Price,2023 January,Lager - bar (33cl bottle),Euro,5.376
National Average Price,2023 January,Cider - draught bar (1 pint),Euro,5.754
National Average Price,2023 January,Ale - draught bar (1 pint),Euro,5.269
National Average Price,2023 January,Cider - bar (33cl bottle),Euro,5.289
National Average Price,2023 January,Flavoured alcoholic drink - bar (275ml bottle),Euro,6.134
National Average Price,2023 January,Whiskey - bar (single) per ½ glass,Euro,5.07
National Average Price,2023 January,Brandy - bar (single) per ½ glass,Euro,5.522
National Average Price,2023 January,Vodka - bar (single) per ½ glass,Euro,5.105
National Average Price,2023 January,Wine - bar (187ml bottle),Euro,
National Average Price,2023 January,Diesel per litre,Euro,1.704
National Average Price,2023 January,Petrol - unleaded per litre,Euro,1.594
National Average Price,2023 January,Cinema fee,Euro,10.947
National Average Price,2023 January,Nightclubs fee,Euro,16.664
National Average Price,2023 January,Gent's dry cut fee,Euro,18.06
National Average Price,2023 January,"Gent's wash, cut, and blow dry fee",Euro,
National Average Price,2023 January,"Ladies' wash, cut and blow dry fee",Euro,49.728
National Average Price,2023 February,"White, self raising flour per 2 kg",Euro,2.445
National Average Price,2023 February,"Brown, wholemeal flour per 2 kg",Euro,3.02
National Average Price,2023 February,"Bread, white sliced pan, large (800g)",Euro,1.676
National Average Price,2023 February,"Bread, brown sliced pan, large (800g)",Euro,1.882
National Average Price,2023 February,Spaghetti per 500g,Euro,1.394
National Average Price,2023 February,Sirloin steak per kg,Euro,15.899
National Average Price,2023 February,Striploin steak per kg,Euro,21.467
National Average Price,2023 February,Roast beef - topside or rib per kg,Euro,12.184
National Average Price,2023 February,Sliced / diced beef pieces per kg,Euro,10.986
National Average Price,2023 February,Pork loin chops per kg,Euro,8.528
National Average Price,2023 February,Pork steak per kg,Euro,9.408
National Average Price,2023 February,Lamb - whole leg / half leg per kg,Euro,14.322
National Average Price,2023 February,Lamb loin chops per kg,Euro,21.432
National Average Price,2023 February,Lamb gigot chops per kg,Euro,
National Average Price,2023 February,Uncooked chicken medium size 1.6kg,Euro,5.712
National Average Price,2023 February,Lamb's liver per kg,Euro,5.818
National Average Price,2023 February,Ham fillet per kg,Euro,6.562
National Average Price,2023 February,Cooked ham per kg,Euro,20.841
National Average Price,2023 February,Best back rashers per kg,Euro,10.645
National Average Price,2023 February,Pork sausages per kg,Euro,6.952
National Average Price,2023 February,Fresh fillet of whiting per kg,Euro,
National Average Price,2023 February,Fresh fillet of cod per kg,Euro,20.204
National Average Price,2023 February,Fresh salmon per kg,Euro,23.917
National Average Price,2023 February,Fresh fillet of plaice per kg,Euro,
National Average Price,2023 February,Fresh hake per kg,Euro,12.188
National Average Price,2023 February,Smoked salmon per kg,Euro,36.232
National Average Price,2023 February,Full fat milk per 2 litre,Euro,2.274
National Average Price,2023 February,Low fat milk per 1 litre,Euro,1.279
National Average Price,2023 February,Irish cheddar per kg,Euro,10.424
National Average Price,2023 February,Large eggs per half dozen,Euro,2.176
National Average Price,2023 February,Medium eggs per half dozen,Euro,1.755
National Average Price,2023 February,Butter per lb,Euro,3.843
National Average Price,2023 February,Grapes per kg,Euro,5.25
National Average Price,2023 February,Bananas per kg,Euro,1.689
National Average Price,2023 February,Tomatoes per kg,Euro,3.587
National Average Price,2023 February,Onions per kg,Euro,1.356
National Average Price,2023 February,Broccoli per kg,Euro,2.854
National Average Price,2023 February,Carrots per kg,Euro,1.189
National Average Price,2023 February,Mushrooms per kg,Euro,3.99
National Average Price,2023 February,Tomatoes tinned per 400g,Euro,1.018
National Average Price,2023 February,Potatoes 2.5 kg,Euro,3.438
National Average Price,2023 February,Potatoes 7.5 kg,Euro,6.055
National Average Price,2023 February,Potatoes 10 kg,Euro,
National Average Price,2023 February,White granulated sugar per 1 kg,Euro,1.591
National Average Price,2023 February,Jam per lb,Euro,1.097
National Average Price,2023 February,Marmalade per lb,Euro,2.119
National Average Price,2023 February,Tea bags per 80,Euro,2.964
National Average Price,2023 February,Orange juice per litre,Euro,1.475
National Average Price,2023 February,Whiskey - take home (70cl bottle),Euro,27.911
National Average Price,2023 February,Brandy - take home (70cl bottle),Euro,43.596
National Average Price,2023 February,Vodka - take home (70cl bottle),Euro,24.845
National Average Price,2023 February,Cream liqueur - take home (70cl bottle),Euro,16.993
National Average Price,2023 February,Wine - take home (75cl bottle),Euro,
National Average Price,2023 February,Cider - take home (50cl can),Euro,2.542
National Average Price,2023 February,Sherry - take home (75cl bottle),Euro,
National Average Price,2023 February,Lager - take home (50cl can),Euro,2.248
National Average Price,2023 February,Stout - take home (50cl can),Euro,2.467
National Average Price,2023 February,Filtered cigarettes per 20 pk,Euro,15.392
National Average Price,2023 February,Stout - draught bar (1 pint),Euro,5.431
National Average Price,2023 February,Lager - draught bar (1 pint),Euro,5.884
National Average Price,2023 February,Lager - bar (33cl bottle),Euro,5.47
National Average Price,2023 February,Cider - draught bar (1 pint),Euro,5.938
National Average Price,2023 February,Ale - draught bar (1 pint),Euro,5.498
National Average Price,2023 February,Cider - bar (33cl bottle),Euro,5.371
National Average Price,2023 February,Flavoured alcoholic drink - bar (275ml bottle),Euro,6.188
National Average Price,2023 February,Whiskey - bar (single) per ½ glass,Euro,5.149
National Average Price,2023 February,Brandy - bar (single) per ½ glass,Euro,5.59
National Average Price,2023 February,Vodka - bar (single) per ½ glass,Euro,5.165
National Average Price,2023 February,Wine - bar (187ml bottle),Euro,
National Average Price,2023 February,Diesel per litre,Euro,1.692
National Average Price,2023 February,Petrol - unleaded per litre,Euro,1.634
National Average Price,2023 February,Cinema fee,Euro,11.071
National Average Price,2023 February,Nightclubs fee,Euro,16.664
National Average Price,2023 February,Gent's dry cut fee,Euro,18.267
National Average Price,2023 February,"Gent's wash, cut, and blow dry fee",Euro,
National Average Price,2023 February,"Ladies' wash, cut and blow dry fee",Euro,49.927
National Average Price,2023 March,"White, self raising flour per 2 kg",Euro,2.451
National Average Price,2023 March,"Brown, wholemeal flour per 2 kg",Euro,3.033
National Average Price,2023 March,"Bread, white sliced pan, large (800g)",Euro,1.68
National Average Price,2023 March,"Bread, brown sliced pan, large (800g)",Euro,1.887
National Average Price,2023 March,Spaghetti per 500g,Euro,1.398
National Average Price,2023 March,Sirloin steak per kg,Euro,16.58
National Average Price,2023 March,Striploin steak per kg,Euro,22.369
National Average Price,2023 March,Roast beef - topside or rib per kg,Euro,12.25
National Average Price,2023 March,Sliced / diced beef pieces per kg,Euro,11.017
National Average Price,2023 March,Pork loin chops per kg,Euro,8.587
National Average Price,2023 March,Pork steak per kg,Euro,9.473
National Average Price,2023 March,Lamb - whole leg / half leg per kg,Euro,14.371
National Average Price,2023 March,Lamb loin chops per kg,Euro,21.543
National Average Price,2023 March,Lamb gigot chops per kg,Euro,
National Average Price,2023 March,Uncooked chicken medium size 1.6kg,Euro,5.697
National Average Price,2023 March,Lamb's liver per kg,Euro,5.818
National Average Price,2023 March,Ham fillet per kg,Euro,6.611
National Average Price,2023 March,Cooked ham per kg,Euro,20.532
National Average Price,2023 March,Best back rashers per kg,Euro,10.676
National Average Price,2023 March,Pork sausages per kg,Euro,6.916
National Average Price,2023 March,Fresh fillet of whiting per kg,Euro,
National Average Price,2023 March,Fresh fillet of cod per kg,Euro,20.749
National Average Price,2023 March,Fresh salmon per kg,Euro,23.889
National Average Price,2023 March,Fresh fillet of plaice per kg,Euro,
National Average Price,2023 March,Fresh hake per kg,Euro,12.217
National Average Price,2023 March,Smoked salmon per kg,Euro,36.538
National Average Price,2023 March,Full fat milk per 2 litre,Euro,2.278
National Average Price,2023 March,Low fat milk per 1 litre,Euro,1.28
National Average Price,2023 March,Irish cheddar per kg,Euro,10.722
National Average Price,2023 March,Large eggs per half dozen,Euro,2.184
National Average Price,2023 March,Medium eggs per half dozen,Euro,1.761
National Average Price,2023 March,Butter per lb,Euro,3.854
National Average Price,2023 March,Grapes per kg,Euro,5.291
National Average Price,2023 March,Bananas per kg,Euro,1.689
National Average Price,2023 March,Tomatoes per kg,Euro,3.662
National Average Price,2023 March,Onions per kg,Euro,1.448
National Average Price,2023 March,Broccoli per kg,Euro,2.881
National Average Price,2023 March,Carrots per kg,Euro,1.169
National Average Price,2023 March,Mushrooms per kg,Euro,3.991
National Average Price,2023 March,Tomatoes tinned per 400g,Euro,1.072
National Average Price,2023 March,Potatoes 2.5 kg,Euro,3.436
National Average Price,2023 March,Potatoes 7.5 kg,Euro,6.048
National Average Price,2023 March,Potatoes 10 kg,Euro,
National Average Price,2023 March,White granulated sugar per 1 kg,Euro,1.683
National Average Price,2023 March,Jam per lb,Euro,1.101
National Average Price,2023 March,Marmalade per lb,Euro,2.145
National Average Price,2023 March,Tea bags per 80,Euro,2.963
National Average Price,2023 March,Orange juice per litre,Euro,1.525
National Average Price,2023 March,Whiskey - take home (70cl bottle),Euro,26.953
National Average Price,2023 March,Brandy - take home (70cl bottle),Euro,43.779
National Average Price,2023 March,Vodka - take home (70cl bottle),Euro,24.708
National Average Price,2023 March,Cream liqueur - take home (70cl bottle),Euro,16.417
National Average Price,2023 March,Wine - take home (75cl bottle),Euro,
National Average Price,2023 March,Cider - take home (50cl can),Euro,2.524
National Average Price,2023 March,Sherry - take home (75cl bottle),Euro,
National Average Price,2023 March,Lager - take home (50cl can),Euro,2.283
National Average Price,2023 March,Stout - take home (50cl can),Euro,2.443
National Average Price,2023 March,Filtered cigarettes per 20 pk,Euro,15.532
National Average Price,2023 March,Stout - draught bar (1 pint),Euro,5.477
National Average Price,2023 March,Lager - draught bar (1 pint),Euro,5.922
National Average Price,2023 March,Lager - bar (33cl bottle),Euro,5.498
National Average Price,2023 March,Cider - draught bar (1 pint),Euro,5.979
National Average Price,2023 March,Ale - draught bar (1 pint),Euro,5.533
National Average Price,2023 March,Cider - bar (33cl bottle),Euro,5.383
National Average Price,2023 March,Flavoured alcoholic drink - bar (275ml bottle),Euro,6.219
National Average Price,2023 March,Whiskey - bar (single) per ½ glass,Euro,5.196
National Average Price,2023 March,Brandy - bar (single) per ½ glass,Euro,5.623
National Average Price,2023 March,Vodka - bar (single) per ½ glass,Euro,5.203
National Average Price,2023 March,Wine - bar (187ml bottle),Euro,
National Average Price,2023 March,Diesel per litre,Euro,1.643
National Average Price,2023 March,Petrol - unleaded per litre,Euro,1.631
National Average Price,2023 March,Cinema fee,Euro,11.029
National Average Price,2023 March,Nightclubs fee,Euro,16.47
National Average Price,2023 March,Gent's dry cut fee,Euro,18.297
National Average Price,2023 March,"Gent's wash, cut, and blow dry fee",Euro,
National Average Price,2023 March,"Ladies' wash, cut and blow dry fee",Euro,50.004
National Average Price,2023 April,"White, self raising flour per 2 kg",Euro,2.432
National Average Price,2023 April,"Brown, wholemeal flour per 2 kg",Euro,3.05
National Average Price,2023 April,"Bread, white sliced pan, large (800g)",Euro,1.688
National Average Price,2023 April,"Bread, brown sliced pan, large (800g)",Euro,1.887
National Average Price,2023 April,Spaghetti per 500g,Euro,1.486
National Average Price,2023 April,Sirloin steak per kg,Euro,16.541
National Average Price,2023 April,Striploin steak per kg,Euro,22.464
National Average Price,2023 April,Roast beef - topside or rib per kg,Euro,12.219
National Average Price,2023 April,Sliced / diced beef pieces per kg,Euro,10.954
National Average Price,2023 April,Pork loin chops per kg,Euro,8.622
National Average Price,2023 April,Pork steak per kg,Euro,9.558
National Average Price,2023 April,Lamb - whole leg / half leg per kg,Euro,14.379
National Average Price,2023 April,Lamb loin chops per kg,Euro,21.685
National Average Price,2023 April,Lamb gigot chops per kg,Euro,
National Average Price,2023 April,Uncooked chicken medium size 1.6kg,Euro,5.731
National Average Price,2023 April,Lamb's liver per kg,Euro,5.822
National Average Price,2023 April,Ham fillet per kg,Euro,6.692
National Average Price,2023 April,Cooked ham per kg,Euro,20.966
National Average Price,2023 April,Best back rashers per kg,Euro,10.681
National Average Price,2023 April,Pork sausages per kg,Euro,6.992
National Average Price,2023 April,Fresh fillet of whiting per kg,Euro,
National Average Price,2023 April,Fresh fillet of cod per kg,Euro,20.026
National Average Price,2023 April,Fresh salmon per kg,Euro,24.342
National Average Price,2023 April,Fresh fillet of plaice per kg,Euro,
National Average Price,2023 April,Fresh hake per kg,Euro,12.327
National Average Price,2023 April,Smoked salmon per kg,Euro,37.051
National Average Price,2023 April,Full fat milk per 2 litre,Euro,2.279
National Average Price,2023 April,Low fat milk per 1 litre,Euro,1.284
National Average Price,2023 April,Irish cheddar per kg,Euro,10.708
National Average Price,2023 April,Large eggs per half dozen,Euro,2.207
National Average Price,2023 April,Medium eggs per half dozen,Euro,1.78
National Average Price,2023 April,Butter per lb,Euro,3.866
National Average Price,2023 April,Grapes per kg,Euro,5.254
National Average Price,2023 April,Bananas per kg,Euro,1.689
National Average Price,2023 April,Tomatoes per kg,Euro,3.767
National Average Price,2023 April,Onions per kg,Euro,1.556
National Average Price,2023 April,Broccoli per kg,Euro,3.015
National Average Price,2023 April,Carrots per kg,Euro,1.093
National Average Price,2023 April,Mushrooms per kg,Euro,3.967
National Average Price,2023 April,Tomatoes tinned per 400g,Euro,1.073
National Average Price,2023 April,Potatoes 2.5 kg,Euro,3.391
National Average Price,2023 April,Potatoes 7.5 kg,Euro,6.057
National Average Price,2023 April,Potatoes 10 kg,Euro,
National Average Price,2023 April,White granulated sugar per 1 kg,Euro,1.698
National Average Price,2023 April,Jam per lb,Euro,1.103
National Average Price,2023 April,Marmalade per lb,Euro,2.118
National Average Price,2023 April,Tea bags per 80,Euro,3.027
National Average Price,2023 April,Orange juice per litre,Euro,1.542
National Average Price,2023 April,Whiskey - take home (70cl bottle),Euro,27.23
National Average Price,2023 April,Brandy - take home (70cl bottle),Euro,43.576
National Average Price,2023 April,Vodka - take home (70cl bottle),Euro,24.896
National Average Price,2023 April,Cream liqueur - take home (70cl bottle),Euro,17.51
National Average Price,2023 April,Wine - take home (75cl bottle),Euro,
National Average Price,2023 April,Cider - take home (50cl can),Euro,2.539
National Average Price,2023 April,Sherry - take home (75cl bottle),Euro,
National Average Price,2023 April,Lager - take home (50cl can),Euro,2.296
National Average Price,2023 April,Stout - take home (50cl can),Euro,2.461
National Average Price,2023 April,Filtered cigarettes per 20 pk,Euro,15.583
National Average Price,2023 April,Stout - draught bar (1 pint),Euro,5.503
National Average Price,2023 April,Lager - draught bar (1 pint),Euro,5.971
National Average Price,2023 April,Lager - bar (33cl bottle),Euro,5.521
National Average Price,2023 April,Cider - draught bar (1 pint),Euro,6.024
National Average Price,2023 April,Ale - draught bar (1 pint),Euro,5.557
National Average Price,2023 April,Cider - bar (33cl bottle),Euro,5.433
National Average Price,2023 April,Flavoured alcoholic drink - bar (275ml bottle),Euro,6.248
National Average Price,2023 April,Whiskey - bar (single) per ½ glass,Euro,5.234
National Average Price,2023 April,Brandy - bar (single) per ½ glass,Euro,5.656
National Average Price,2023 April,Vodka - bar (single) per ½ glass,Euro,5.232
National Average Price,2023 April,Wine - bar (187ml bottle),Euro,
National Average Price,2023 April,Diesel per litre,Euro,1.581
National Average Price,2023 April,Petrol - unleaded per litre,Euro,1.632
National Average Price,2023 April,Cinema fee,Euro,10.987
National Average Price,2023 April,Nightclubs fee,Euro,16.47
National Average Price,2023 April,Gent's dry cut fee,Euro,18.47
National Average Price,2023 April,"Gent's wash, cut, and blow dry fee",Euro,
National Average Price,2023 April,"Ladies' wash, cut and blow dry fee",Euro,50.19
National Average Price,2023 May,"White, self raising flour per 2 kg",Euro,2.452
National Average Price,2023 May,"Brown, wholemeal flour per 2 kg",Euro,3.07
National Average Price,2023 May,"Bread, white sliced pan, large (800g)",Euro,1.678
National Average Price,2023 May,"Bread, brown sliced pan, large (800g)",Euro,1.869
National Average Price,2023 May,Spaghetti per 500g,Euro,1.457
National Average Price,2023 May,Sirloin steak per kg,Euro,16.533
National Average Price,2023 May,Striploin steak per kg,Euro,22.531
National Average Price,2023 May,Roast beef - topside or rib per kg,Euro,12.363
National Average Price,2023 May,Sliced / diced beef pieces per kg,Euro,10.836
National Average Price,2023 May,Pork loin chops per kg,Euro,8.557
National Average Price,2023 May,Pork steak per kg,Euro,9.535
National Average Price,2023 May,Lamb - whole leg / half leg per kg,Euro,14.053
National Average Price,2023 May,Lamb loin chops per kg,Euro,21.501
National Average Price,2023 May,Lamb gigot chops per kg,Euro,
National Average Price,2023 May,Uncooked chicken medium size 1.6kg,Euro,5.77
National Average Price,2023 May,Lamb's liver per kg,Euro,5.829
National Average Price,2023 May,Ham fillet per kg,Euro,6.695
National Average Price,2023 May,Cooked ham per kg,Euro,20.832
National Average Price,2023 May,Best back rashers per kg,Euro,10.804
National Average Price,2023 May,Pork sausages per kg,Euro,6.987
National Average Price,2023 May,Fresh fillet of whiting per kg,Euro,
National Average Price,2023 May,Fresh fillet of cod per kg,Euro,20.818
National Average Price,2023 May,Fresh salmon per kg,Euro,24.733
National Average Price,2023 May,Fresh fillet of plaice per kg,Euro,
National Average Price,2023 May,Fresh hake per kg,Euro,12.4
National Average Price,2023 May,Smoked salmon per kg,Euro,37.158
National Average Price,2023 May,Full fat milk per 2 litre,Euro,2.218
National Average Price,2023 May,Low fat milk per 1 litre,Euro,1.259
National Average Price,2023 May,Irish cheddar per kg,Euro,10.545
National Average Price,2023 May,Large eggs per half dozen,Euro,2.221
National Average Price,2023 May,Medium eggs per half dozen,Euro,1.789
National Average Price,2023 May,Butter per lb,Euro,3.758
National Average Price,2023 May,Grapes per kg,Euro,5.344
National Average Price,2023 May,Bananas per kg,Euro,1.699
National Average Price,2023 May,Tomatoes per kg,Euro,3.734
National Average Price,2023 May,Onions per kg,Euro,1.569
National Average Price,2023 May,Broccoli per kg,Euro,2.959
National Average Price,2023 May,Carrots per kg,Euro,1.204
National Average Price,2023 May,Mushrooms per kg,Euro,4.016
National Average Price,2023 May,Tomatoes tinned per 400g,Euro,1.056
National Average Price,2023 May,Potatoes 2.5 kg,Euro,3.45
National Average Price,2023 May,Potatoes 7.5 kg,Euro,6.058
National Average Price,2023 May,Potatoes 10 kg,Euro,
National Average Price,2023 May,White granulated sugar per 1 kg,Euro,1.754
National Average Price,2023 May,Jam per lb,Euro,1.103
National Average Price,2023 May,Marmalade per lb,Euro,2.154
National Average Price,2023 May,Tea bags per 80,Euro,3.035
National Average Price,2023 May,Orange juice per litre,Euro,1.579
National Average Price,2023 May,Whiskey - take home (70cl bottle),Euro,27.599
National Average Price,2023 May,Brandy - take home (70cl bottle),Euro,44.473
National Average Price,2023 May,Vodka - take home (70cl bottle),Euro,24.759
National Average Price,2023 May,Cream liqueur - take home (70cl bottle),Euro,18.384
National Average Price,2023 May,Wine - take home (75cl bottle),Euro,
National Average Price,2023 May,Cider - take home (50cl can),Euro,2.563
National Average Price,2023 May,Sherry - take home (75cl bottle),Euro,
National Average Price,2023 May,Lager - take home (50cl can),Euro,2.318
National Average Price,2023 May,Stout - take home (50cl can),Euro,2.474
National Average Price,2023 May,Filtered cigarettes per 20 pk,Euro,15.568
National Average Price,2023 May,Stout - draught bar (1 pint),Euro,5.503
National Average Price,2023 May,Lager - draught bar (1 pint),Euro,5.966
National Average Price,2023 May,Lager - bar (33cl bottle),Euro,5.527
National Average Price,2023 May,Cider - draught bar (1 pint),Euro,6.036
National Average Price,2023 May,Ale - draught bar (1 pint),Euro,5.557
National Average Price,2023 May,Cider - bar (33cl bottle),Euro,5.48
National Average Price,2023 May,Flavoured alcoholic drink - bar (275ml bottle),Euro,6.267
National Average Price,2023 May,Whiskey - bar (single) per ½ glass,Euro,5.24
National Average Price,2023 May,Brandy - bar (single) per ½ glass,Euro,5.663
National Average Price,2023 May,Vodka - bar (single) per ½ glass,Euro,5.241
National Average Price,2023 May,Wine - bar (187ml bottle),Euro,
National Average Price,2023 May,Diesel per litre,Euro,1.488
National Average Price,2023 May,Petrol - unleaded per litre,Euro,1.587
National Average Price,2023 May,Cinema fee,Euro,10.881
National Average Price,2023 May,Nightclubs fee,Euro,16.47
National Average Price,2023 May,Gent's dry cut fee,Euro,18.549
National Average Price,2023 May,"Gent's wash, cut, and blow dry fee",Euro,
National Average Price,2023 May,"Ladies' wash, cut and blow dry fee",Euro,50.225
National Average Price,2023 June,"White, self raising flour per 2 kg",Euro,2.464
National Average Price,2023 June,"Brown, wholemeal flour per 2 kg",Euro,3.073
National Average Price,2023 June,"Bread, white sliced pan, large (800g)",Euro,1.661
National Average Price,2023 June,"Bread, brown sliced pan, large (800g)",Euro,1.853
National Average Price,2023 June,Spaghetti per 500g,Euro,1.466
National Average Price,2023 June,Sirloin steak per kg,Euro,16.531
National Average Price,2023 June,Striploin steak per kg,Euro,22.157
National Average Price,2023 June,Roast beef - topside or rib per kg,Euro,12.462
National Average Price,2023 June,Sliced / diced beef pieces per kg,Euro,10.806
National Average Price,2023 June,Pork loin chops per kg,Euro,8.925
National Average Price,2023 June,Pork steak per kg,Euro,9.388
National Average Price,2023 June,Lamb - whole leg / half leg per kg,Euro,14.184
National Average Price,2023 June,Lamb loin chops per kg,Euro,21.479
National Average Price,2023 June,Lamb gigot chops per kg,Euro,
National Average Price,2023 June,Uncooked chicken medium size 1.6kg,Euro,5.775
National Average Price,2023 June,Lamb's liver per kg,Euro,5.834
National Average Price,2023 June,Ham fillet per kg,Euro,6.715
National Average Price,2023 June,Cooked ham per kg,Euro,20.848
National Average Price,2023 June,Best back rashers per kg,Euro,10.762
National Average Price,2023 June,Pork sausages per kg,Euro,6.965
National Average Price,2023 June,Fresh fillet of whiting per kg,Euro,
National Average Price,2023 June,Fresh fillet of cod per kg,Euro,20.918
National Average Price,2023 June,Fresh salmon per kg,Euro,24.729
National Average Price,2023 June,Fresh fillet of plaice per kg,Euro,
National Average Price,2023 June,Fresh hake per kg,Euro,12.397
National Average Price,2023 June,Smoked salmon per kg,Euro,37.37
National Average Price,2023 June,Full fat milk per 2 litre,Euro,2.236
National Average Price,2023 June,Low fat milk per 1 litre,Euro,1.264
National Average Price,2023 June,Irish cheddar per kg,Euro,10.52
National Average Price,2023 June,Large eggs per half dozen,Euro,2.223
National Average Price,2023 June,Medium eggs per half dozen,Euro,1.79
National Average Price,2023 June,Butter per lb,Euro,3.754
National Average Price,2023 June,Grapes per kg,Euro,5.295
National Average Price,2023 June,Bananas per kg,Euro,1.699
National Average Price,2023 June,Tomatoes per kg,Euro,3.668
National Average Price,2023 June,Onions per kg,Euro,1.585
National Average Price,2023 June,Broccoli per kg,Euro,3.114
National Average Price,2023 June,Carrots per kg,Euro,1.236
National Average Price,2023 June,Mushrooms per kg,Euro,4.017
National Average Price,2023 June,Tomatoes tinned per 400g,Euro,1.075
National Average Price,2023 June,Potatoes 2.5 kg,Euro,3.398
National Average Price,2023 June,Potatoes 7.5 kg,Euro,6.062
National Average Price,2023 June,Potatoes 10 kg,Euro,
National Average Price,2023 June,White granulated sugar per 1 kg,Euro,1.748
National Average Price,2023 June,Jam per lb,Euro,1.091
National Average Price,2023 June,Marmalade per lb,Euro,2.117
National Average Price,2023 June,Tea bags per 80,Euro,3.033
National Average Price,2023 June,Orange juice per litre,Euro,1.578
National Average Price,2023 June,Whiskey - take home (70cl bottle),Euro,26.788
National Average Price,2023 June,Brandy - take home (70cl bottle),Euro,45.067
National Average Price,2023 June,Vodka - take home (70cl bottle),Euro,25.202
National Average Price,2023 June,Cream liqueur - take home (70cl bottle),Euro,17.635
National Average Price,2023 June,Wine - take home (75cl bottle),Euro,
National Average Price,2023 June,Cider - take home (50cl can),Euro,2.572
National Average Price,2023 June,Sherry - take home (75cl bottle),Euro,
National Average Price,2023 June,Lager - take home (50cl can),Euro,2.322
National Average Price,2023 June,Stout - take home (50cl can),Euro,2.47
National Average Price,2023 June,Filtered cigarettes per 20 pk,Euro,15.568
National Average Price,2023 June,Stout - draught bar (1 pint),Euro,5.517
National Average Price,2023 June,Lager - draught bar (1 pint),Euro,5.974
National Average Price,2023 June,Lager - bar (33cl bottle),Euro,5.539
National Average Price,2023 June,Cider - draught bar (1 pint),Euro,6.046
National Average Price,2023 June,Ale - draught bar (1 pint),Euro,5.569
National Average Price,2023 June,Cider - bar (33cl bottle),Euro,5.526
National Average Price,2023 June,Flavoured alcoholic drink - bar (275ml bottle),Euro,6.263
National Average Price,2023 June,Whiskey - bar (single) per ½ glass,Euro,5.254
National Average Price,2023 June,Brandy - bar (single) per ½ glass,Euro,5.668
National Average Price,2023 June,Vodka - bar (single) per ½ glass,Euro,5.254
National Average Price,2023 June,Wine - bar (187ml bottle),Euro,
National Average Price,2023 June,Diesel per litre,Euro,1.516
National Average Price,2023 June,Petrol - unleaded per litre,Euro,1.631
National Average Price,2023 June,Cinema fee,Euro,11.017
National Average Price,2023 June,Nightclubs fee,Euro,16.47
National Average Price,2023 June,Gent's dry cut fee,Euro,18.594
National Average Price,2023 June,"Gent's wash, cut, and blow dry fee",Euro,
National Average Price,2023 June,"Ladies' wash, cut and blow dry fee",Euro,50.329
National Average Price,2023 July,"White, self raising flour per 2 kg",Euro,2.464
National Average Price,2023 July,"Brown, wholemeal flour per 2 kg",Euro,3.073
National Average Price,2023 July,"Bread, white sliced pan, large (800g)",Euro,1.651
National Average Price,2023 July,"Bread, brown sliced pan, large (800g)",Euro,1.856
National Average Price,2023 July,Spaghetti per 500g,Euro,1.456
National Average Price,2023 July,Sirloin steak per kg,Euro,16.759
National Average Price,2023 July,Striploin steak per kg,Euro,22.452
National Average Price,2023 July,Roast beef - topside or rib per kg,Euro,12.8
National Average Price,2023 July,Sliced / diced beef pieces per kg,Euro,10.923
National Average Price,2023 July,Pork loin chops per kg,Euro,8.925
National Average Price,2023 July,Pork steak per kg,Euro,9.315
National Average Price,2023 July,Lamb - whole leg / half leg per kg,Euro,14.309
National Average Price,2023 July,Lamb loin chops per kg,Euro,21.528
National Average Price,2023 July,Lamb gigot chops per kg,Euro,
National Average Price,2023 July,Uncooked chicken medium size 1.6kg,Euro,5.81
National Average Price,2023 July,Lamb's liver per kg,Euro,5.858
National Average Price,2023 July,Ham fillet per kg,Euro,6.727
National Average Price,2023 July,Cooked ham per kg,Euro,20.619
National Average Price,2023 July,Best back rashers per kg,Euro,10.77
National Average Price,2023 July,Pork sausages per kg,Euro,7.054
National Average Price,2023 July,Fresh fillet of whiting per kg,Euro,
National Average Price,2023 July,Fresh fillet of cod per kg,Euro,20.123
National Average Price,2023 July,Fresh salmon per kg,Euro,24.898
National Average Price,2023 July,Fresh fillet of plaice per kg,Euro,
National Average Price,2023 July,Fresh hake per kg,Euro,13.105
National Average Price,2023 July,Smoked salmon per kg,Euro,37.586
National Average Price,2023 July,Full fat milk per 2 litre,Euro,2.2
National Average Price,2023 July,Low fat milk per 1 litre,Euro,1.243
National Average Price,2023 July,Irish cheddar per kg,Euro,10.392
National Average Price,2023 July,Large eggs per half dozen,Euro,2.22
National Average Price,2023 July,Medium eggs per half dozen,Euro,1.786
National Average Price,2023 July,Butter per lb,Euro,3.756
National Average Price,2023 July,Grapes per kg,Euro,5.208
National Average Price,2023 July,Bananas per kg,Euro,1.694
National Average Price,2023 July,Tomatoes per kg,Euro,3.743
National Average Price,2023 July,Onions per kg,Euro,1.598
National Average Price,2023 July,Broccoli per kg,Euro,3.064
National Average Price,2023 July,Carrots per kg,Euro,1.179
National Average Price,2023 July,Mushrooms per kg,Euro,4.097
National Average Price,2023 July,Tomatoes tinned per 400g,Euro,1.107
National Average Price,2023 July,Potatoes 2.5 kg,Euro,3.432
National Average Price,2023 July,Potatoes 7.5 kg,Euro,6.068
National Average Price,2023 July,Potatoes 10 kg,Euro,
National Average Price,2023 July,White granulated sugar per 1 kg,Euro,1.757
National Average Price,2023 July,Jam per lb,Euro,1.089
National Average Price,2023 July,Marmalade per lb,Euro,2.135
National Average Price,2023 July,Tea bags per 80,Euro,3.062
National Average Price,2023 July,Orange juice per litre,Euro,1.58
National Average Price,2023 July,Whiskey - take home (70cl bottle),Euro,27.656
National Average Price,2023 July,Brandy - take home (70cl bottle),Euro,44.421
National Average Price,2023 July,Vodka - take home (70cl bottle),Euro,24.884
National Average Price,2023 July,Cream liqueur - take home (70cl bottle),Euro,17.658
National Average Price,2023 July,Wine - take home (75cl bottle),Euro,
National Average Price,2023 July,Cider - take home (50cl can),Euro,2.579
National Average Price,2023 July,Sherry - take home (75cl bottle),Euro,
National Average Price,2023 July,Lager - take home (50cl can),Euro,2.324
National Average Price,2023 July,Stout - take home (50cl can),Euro,2.468
National Average Price,2023 July,Filtered cigarettes per 20 pk,Euro,15.593
National Average Price,2023 July,Stout - draught bar (1 pint),Euro,5.523
National Average Price,2023 July,Lager - draught bar (1 pint),Euro,5.978
National Average Price,2023 July,Lager - bar (33cl bottle),Euro,5.54
National Average Price,2023 July,Cider - draught bar (1 pint),Euro,6.058
National Average Price,2023 July,Ale - draught bar (1 pint),Euro,5.57
National Average Price,2023 July,Cider - bar (33cl bottle),Euro,5.526
National Average Price,2023 July,Flavoured alcoholic drink - bar (275ml bottle),Euro,6.254
National Average Price,2023 July,Whiskey - bar (single) per ½ glass,Euro,5.261
National Average Price,2023 July,Brandy - bar (single) per ½ glass,Euro,5.687
National Average Price,2023 July,Vodka - bar (single) per ½ glass,Euro,5.263
National Average Price,2023 July,Wine - bar (187ml bottle),Euro,
National Average Price,2023 July,Diesel per litre,Euro,1.538
National Average Price,2023 July,Petrol - unleaded per litre,Euro,1.637
National Average Price,2023 July,Cinema fee,Euro,11.127
National Average Price,2023 July,Nightclubs fee,Euro,16.47
National Average Price,2023 July,Gent's dry cut fee,Euro,18.657
National Average Price,2023 July,"Gent's wash, cut, and blow dry fee",Euro,
National Average Price,2023 July,"Ladies' wash, cut and blow dry fee",Euro,50.509
National Average Price,2023 August,"White, self raising flour per 2 kg",Euro,2.465
National Average Price,2023 August,"Brown, wholemeal flour per 2 kg",Euro,3.078
National Average Price,2023 August,"Bread, white sliced pan, large (800g)",Euro,1.652
National Average Price,2023 August,"Bread, brown sliced pan, large (800g)",Euro,1.84
National Average Price,2023 August,Spaghetti per 500g,Euro,1.477
National Average Price,2023 August,Sirloin steak per kg,Euro,16.53
National Average Price,2023 August,Striploin steak per kg,Euro,22.317
National Average Price,2023 August,Roast beef - topside or rib per kg,Euro,12.733
National Average Price,2023 August,Sliced / diced beef pieces per kg,Euro,10.683
National Average Price,2023 August,Pork loin chops per kg,Euro,8.893
National Average Price,2023 August,Pork steak per kg,Euro,9.316
National Average Price,2023 August,Lamb - whole leg / half leg per kg,Euro,13.586
National Average Price,2023 August,Lamb loin chops per kg,Euro,21.748
National Average Price,2023 August,Lamb gigot chops per kg,Euro,
National Average Price,2023 August,Uncooked chicken medium size 1.6kg,Euro,5.849
National Average Price,2023 August,Lamb's liver per kg,Euro,5.865
National Average Price,2023 August,Ham fillet per kg,Euro,6.673
National Average Price,2023 August,Cooked ham per kg,Euro,20.765
National Average Price,2023 August,Best back rashers per kg,Euro,10.937
National Average Price,2023 August,Pork sausages per kg,Euro,7.049
National Average Price,2023 August,Fresh fillet of whiting per kg,Euro,
National Average Price,2023 August,Fresh fillet of cod per kg,Euro,21.188
National Average Price,2023 August,Fresh salmon per kg,Euro,24.483
National Average Price,2023 August,Fresh fillet of plaice per kg,Euro,
National Average Price,2023 August,Fresh hake per kg,Euro,13.08
National Average Price,2023 August,Smoked salmon per kg,Euro,37.736
National Average Price,2023 August,Full fat milk per 2 litre,Euro,2.186
National Average Price,2023 August,Low fat milk per 1 litre,Euro,1.241
National Average Price,2023 August,Irish cheddar per kg,Euro,10.61
National Average Price,2023 August,Large eggs per half dozen,Euro,2.218
National Average Price,2023 August,Medium eggs per half dozen,Euro,1.768
National Average Price,2023 August,Butter per lb,Euro,3.767
National Average Price,2023 August,Grapes per kg,Euro,5.284
National Average Price,2023 August,Bananas per kg,Euro,1.698
National Average Price,2023 August,Tomatoes per kg,Euro,3.692
National Average Price,2023 August,Onions per kg,Euro,1.626
National Average Price,2023 August,Broccoli per kg,Euro,3.165
National Average Price,2023 August,Carrots per kg,Euro,1.225
National Average Price,2023 August,Mushrooms per kg,Euro,4.064
National Average Price,2023 August,Tomatoes tinned per 400g,Euro,1.099
National Average Price,2023 August,Potatoes 2.5 kg,Euro,3.469
National Average Price,2023 August,Potatoes 7.5 kg,Euro,6.098
National Average Price,2023 August,Potatoes 10 kg,Euro,
National Average Price,2023 August,White granulated sugar per 1 kg,Euro,1.757
National Average Price,2023 August,Jam per lb,Euro,1.075
National Average Price,2023 August,Marmalade per lb,Euro,2.134
National Average Price,2023 August,Tea bags per 80,Euro,3.056
National Average Price,2023 August,Orange juice per litre,Euro,1.589
National Average Price,2023 August,Whiskey - take home (70cl bottle),Euro,26.905
National Average Price,2023 August,Brandy - take home (70cl bottle),Euro,44.692
National Average Price,2023 August,Vodka - take home (70cl bottle),Euro,24.991
National Average Price,2023 August,Cream liqueur - take home (70cl bottle),Euro,18.219
National Average Price,2023 August,Wine - take home (75cl bottle),Euro,
National Average Price,2023 August,Cider - take home (50cl can),Euro,2.581
National Average Price,2023 August,Sherry - take home (75cl bottle),Euro,
National Average Price,2023 August,Lager - take home (50cl can),Euro,2.342
National Average Price,2023 August,Stout - take home (50cl can),Euro,2.487
National Average Price,2023 August,Filtered cigarettes per 20 pk,Euro,15.589
National Average Price,2023 August,Stout - draught bar (1 pint),Euro,5.536
National Average Price,2023 August,Lager - draught bar (1 pint),Euro,5.986
National Average Price,2023 August,Lager - bar (33cl bottle),Euro,5.542
National Average Price,2023 August,Cider - draught bar (1 pint),Euro,6.075
National Average Price,2023 August,Ale - draught bar (1 pint),Euro,5.58
National Average Price,2023 August,Cider - bar (33cl bottle),Euro,5.539
National Average Price,2023 August,Flavoured alcoholic drink - bar (275ml bottle),Euro,6.262
National Average Price,2023 August,Whiskey - bar (single) per ½ glass,Euro,5.267
National Average Price,2023 August,Brandy - bar (single) per ½ glass,Euro,5.691
National Average Price,2023 August,Vodka - bar (single) per ½ glass,Euro,5.264
National Average Price,2023 August,Wine - bar (187ml bottle),Euro,
National Average Price,2023 August,Diesel per litre,Euro,1.64
National Average Price,2023 August,Petrol - unleaded per litre,Euro,1.705
National Average Price,2023 August,Cinema fee,Euro,11.036
National Average Price,2023 August,Nightclubs fee,Euro,16.47
National Average Price,2023 August,Gent's dry cut fee,Euro,18.577
National Average Price,2023 August,"Gent's wash, cut, and blow dry fee",Euro,
National Average Price,2023 August,"Ladies' wash, cut and blow dry fee",Euro,50.488
National Average Price,2023 September,"White, self raising flour per 2 kg",Euro,2.539
National Average Price,2023 September,"Brown, wholemeal flour per 2 kg",Euro,3.074
National Average Price,2023 September,"Bread, white sliced pan, large (800g)",Euro,1.652
National Average Price,2023 September,"Bread, brown sliced pan, large (800g)",Euro,1.86
National Average Price,2023 September,Spaghetti per 500g,Euro,1.451
National Average Price,2023 September,Sirloin steak per kg,Euro,16.723
National Average Price,2023 September,Striploin steak per kg,Euro,22.475
National Average Price,2023 September,Roast beef - topside or rib per kg,Euro,12.406
National Average Price,2023 September,Sliced / diced beef pieces per kg,Euro,10.874
National Average Price,2023 September,Pork loin chops per kg,Euro,9.065
National Average Price,2023 September,Pork steak per kg,Euro,9.244
National Average Price,2023 September,Lamb - whole leg / half leg per kg,Euro,13.818
National Average Price,2023 September,Lamb loin chops per kg,Euro,21.799
National Average Price,2023 September,Lamb gigot chops per kg,Euro,
National Average Price,2023 September,Uncooked chicken medium size 1.6kg,Euro,5.814
National Average Price,2023 September,Lamb's liver per kg,Euro,5.968
National Average Price,2023 September,Ham fillet per kg,Euro,6.748
National Average Price,2023 September,Cooked ham per kg,Euro,20.737
National Average Price,2023 September,Best back rashers per kg,Euro,10.957
National Average Price,2023 September,Pork sausages per kg,Euro,7.082
National Average Price,2023 September,Fresh fillet of whiting per kg,Euro,
National Average Price,2023 September,Fresh fillet of cod per kg,Euro,20.646
National Average Price,2023 September,Fresh salmon per kg,Euro,24.351
National Average Price,2023 September,Fresh fillet of plaice per kg,Euro,
National Average Price,2023 September,Fresh hake per kg,Euro,13.01
National Average Price,2023 September,Smoked salmon per kg,Euro,37.926
National Average Price,2023 September,Full fat milk per 2 litre,Euro,2.185
National Average Price,2023 September,Low fat milk per 1 litre,Euro,1.241
National Average Price,2023 September,Irish cheddar per kg,Euro,10.566
National Average Price,2023 September,Large eggs per half dozen,Euro,2.212
National Average Price,2023 September,Medium eggs per half dozen,Euro,1.775
National Average Price,2023 September,Butter per lb,Euro,3.74
National Average Price,2023 September,Grapes per kg,Euro,5.246
National Average Price,2023 September,Bananas per kg,Euro,1.66
National Average Price,2023 September,Tomatoes per kg,Euro,3.667
National Average Price,2023 September,Onions per kg,Euro,1.61
National Average Price,2023 September,Broccoli per kg,Euro,3.224
National Average Price,2023 September,Carrots per kg,Euro,1.251
National Average Price,2023 September,Mushrooms per kg,Euro,4.064
National Average Price,2023 September,Tomatoes tinned per 400g,Euro,1.095
National Average Price,2023 September,Potatoes 2.5 kg,Euro,3.666
National Average Price,2023 September,Potatoes 7.5 kg,Euro,6.882
National Average Price,2023 September,Potatoes 10 kg,Euro,
National Average Price,2023 September,White granulated sugar per 1 kg,Euro,1.801
National Average Price,2023 September,Jam per lb,Euro,1.085
National Average Price,2023 September,Marmalade per lb,Euro,2.14
National Average Price,2023 September,Tea bags per 80,Euro,3.059
National Average Price,2023 September,Orange juice per litre,Euro,1.61
National Average Price,2023 September,Whiskey - take home (70cl bottle),Euro,27.602
National Average Price,2023 September,Brandy - take home (70cl bottle),Euro,45.063
National Average Price,2023 September,Vodka - take home (70cl bottle),Euro,25.468
National Average Price,2023 September,Cream liqueur - take home (70cl bottle),Euro,18.669
National Average Price,2023 September,Wine - take home (75cl bottle),Euro,
National Average Price,2023 September,Cider - take home (50cl can),Euro,2.598
National Average Price,2023 September,Sherry - take home (75cl bottle),Euro,
National Average Price,2023 September,Lager - take home (50cl can),Euro,2.353
National Average Price,2023 September,Stout - take home (50cl can),Euro,2.516
National Average Price,2023 September,Filtered cigarettes per 20 pk,Euro,15.591
National Average Price,2023 September,Stout - draught bar (1 pint),Euro,5.615
National Average Price,2023 September,Lager - draught bar (1 pint),Euro,6.05
National Average Price,2023 September,Lager - bar (33cl bottle),Euro,5.576
National Average Price,2023 September,Cider - draught bar (1 pint),Euro,6.125
National Average Price,2023 September,Ale - draught bar (1 pint),Euro,5.671
National Average Price,2023 September,Cider - bar (33cl bottle),Euro,5.582
National Average Price,2023 September,Flavoured alcoholic drink - bar (275ml bottle),Euro,6.327
National Average Price,2023 September,Whiskey - bar (single) per ½ glass,Euro,5.312
National Average Price,2023 September,Brandy - bar (single) per ½ glass,Euro,5.724
National Average Price,2023 September,Vodka - bar (single) per ½ glass,Euro,5.319
National Average Price,2023 September,Wine - bar (187ml bottle),Euro,
National Average Price,2023 September,Diesel per litre,Euro,1.81
National Average Price,2023 September,Petrol - unleaded per litre,Euro,1.827
National Average Price,2023 September,Cinema fee,Euro,10.593
National Average Price,2023 September,Nightclubs fee,Euro,16.47
National Average Price,2023 September,Gent's dry cut fee,Euro,18.899
National Average Price,2023 September,"Gent's wash, cut, and blow dry fee",Euro,
National Average Price,2023 September,"Ladies' wash, cut and blow dry fee",Euro,51.951
National Average Price,2023 October,"White, self raising flour per 2 kg",Euro,2.545
National Average Price,2023 October,"Brown, wholemeal flour per 2 kg",Euro,3.081
National Average Price,2023 October,"Bread, white sliced pan, large (800g)",Euro,1.648
National Average Price,2023 October,"Bread, brown sliced pan, large (800g)",Euro,1.86
National Average Price,2023 October,Spaghetti per 500g,Euro,1.497
National Average Price,2023 October,Sirloin steak per kg,Euro,17.134
National Average Price,2023 October,Striploin steak per kg,Euro,22.105
National Average Price,2023 October,Roast beef - topside or rib per kg,Euro,12.423
National Average Price,2023 October,Sliced / diced beef pieces per kg,Euro,10.756
National Average Price,2023 October,Pork loin chops per kg,Euro,8.971
National Average Price,2023 October,Pork steak per kg,Euro,9.325
National Average Price,2023 October,Lamb - whole leg / half leg per kg,Euro,14.23
National Average Price,2023 October,Lamb loin chops per kg,Euro,21.856
National Average Price,2023 October,Lamb gigot chops per kg,Euro,
National Average Price,2023 October,Uncooked chicken medium size 1.6kg,Euro,5.811
National Average Price,2023 October,Lamb's liver per kg,Euro,6.023
National Average Price,2023 October,Ham fillet per kg,Euro,6.722
National Average Price,2023 October,Cooked ham per kg,Euro,20.541
National Average Price,2023 October,Best back rashers per kg,Euro,10.996
National Average Price,2023 October,Pork sausages per kg,Euro,7.062
National Average Price,2023 October,Fresh fillet of whiting per kg,Euro,
National Average Price,2023 October,Fresh fillet of cod per kg,Euro,20.783
National Average Price,2023 October,Fresh salmon per kg,Euro,24.471
National Average Price,2023 October,Fresh fillet of plaice per kg,Euro,
National Average Price,2023 October,Fresh hake per kg,Euro,13.227
National Average Price,2023 October,Smoked salmon per kg,Euro,37.344
National Average Price,2023 October,Full fat milk per 2 litre,Euro,2.179
National Average Price,2023 October,Low fat milk per 1 litre,Euro,1.244
National Average Price,2023 October,Irish cheddar per kg,Euro,10.391
National Average Price,2023 October,Large eggs per half dozen,Euro,2.212
National Average Price,2023 October,Medium eggs per half dozen,Euro,1.774
National Average Price,2023 October,Butter per lb,Euro,3.739
National Average Price,2023 October,Grapes per kg,Euro,5.273
National Average Price,2023 October,Bananas per kg,Euro,1.72
National Average Price,2023 October,Tomatoes per kg,Euro,3.7
National Average Price,2023 October,Onions per kg,Euro,1.631
National Average Price,2023 October,Broccoli per kg,Euro,3.131
National Average Price,2023 October,Carrots per kg,Euro,1.25
National Average Price,2023 October,Mushrooms per kg,Euro,4.017
National Average Price,2023 October,Tomatoes tinned per 400g,Euro,1.101
National Average Price,2023 October,Potatoes 2.5 kg,Euro,3.701
National Average Price,2023 October,Potatoes 7.5 kg,Euro,6.846
National Average Price,2023 October,Potatoes 10 kg,Euro,
National Average Price,2023 October,White granulated sugar per 1 kg,Euro,1.841
National Average Price,2023 October,Jam per lb,Euro,1.065
National Average Price,2023 October,Marmalade per lb,Euro,2.024
National Average Price,2023 October,Tea bags per 80,Euro,3.048
National Average Price,2023 October,Orange juice per litre,Euro,1.621
National Average Price,2023 October,Whiskey - take home (70cl bottle),Euro,27.478
National Average Price,2023 October,Brandy - take home (70cl bottle),Euro,44.507
National Average Price,2023 October,Vodka - take home (70cl bottle),Euro,25.187
National Average Price,2023 October,Cream liqueur - take home (70cl bottle),Euro,18.101
National Average Price,2023 October,Wine - take home (75cl bottle),Euro,
National Average Price,2023 October,Cider - take home (50cl can),Euro,2.598
National Average Price,2023 October,Sherry - take home (75cl bottle),Euro,
National Average Price,2023 October,Lager - take home (50cl can),Euro,2.342
National Average Price,2023 October,Stout - take home (50cl can),Euro,2.513
National Average Price,2023 October,Filtered cigarettes per 20 pk,Euro,16.084
National Average Price,2023 October,Stout - draught bar (1 pint),Euro,5.624
National Average Price,2023 October,Lager - draught bar (1 pint),Euro,6.058
National Average Price,2023 October,Lager - bar (33cl bottle),Euro,5.584
National Average Price,2023 October,Cider - draught bar (1 pint),Euro,6.14
National Average Price,2023 October,Ale - draught bar (1 pint),Euro,5.686
National Average Price,2023 October,Cider - bar (33cl bottle),Euro,5.59
National Average Price,2023 October,Flavoured alcoholic drink - bar (275ml bottle),Euro,6.351
National Average Price,2023 October,Whiskey - bar (single) per ½ glass,Euro,5.332
National Average Price,2023 October,Brandy - bar (single) per ½ glass,Euro,5.747
National Average Price,2023 October,Vodka - bar (single) per ½ glass,Euro,5.338
National Average Price,2023 October,Wine - bar (187ml bottle),Euro,
National Average Price,2023 October,Diesel per litre,Euro,1.859
National Average Price,2023 October,Petrol - unleaded per litre,Euro,1.849
National Average Price,2023 October,Cinema fee,Euro,10.419
National Average Price,2023 October,Nightclubs fee,Euro,16.47
National Average Price,2023 October,Gent's dry cut fee,Euro,19.137
National Average Price,2023 October,"Gent's wash, cut, and blow dry fee",Euro,
National Average Price,2023 October,"Ladies' wash, cut and blow dry fee",Euro,52.387
National Average Price,2023 November,"White, self raising flour per 2 kg",Euro,2.634
National Average Price,2023 November,"Brown, wholemeal flour per 2 kg",Euro,3.08
National Average Price,2023 November,"Bread, white sliced pan, large (800g)",Euro,1.644
National Average Price,2023 November,"Bread, brown sliced pan, large (800g)",Euro,1.857
National Average Price,2023 November,Spaghetti per 500g,Euro,1.476
National Average Price,2023 November,Sirloin steak per kg,Euro,17.246
National Average Price,2023 November,Striploin steak per kg,Euro,22.122
National Average Price,2023 November,Roast beef - topside or rib per kg,Euro,12.428
National Average Price,2023 November,Sliced / diced beef pieces per kg,Euro,10.675
National Average Price,2023 November,Pork loin chops per kg,Euro,8.781
National Average Price,2023 November,Pork steak per kg,Euro,9.126
National Average Price,2023 November,Lamb - whole leg / half leg per kg,Euro,14.145
National Average Price,2023 November,Lamb loin chops per kg,Euro,22.037
National Average Price,2023 November,Lamb gigot chops per kg,Euro,
National Average Price,2023 November,Uncooked chicken medium size 1.6kg,Euro,5.683
National Average Price,2023 November,Lamb's liver per kg,Euro,6.056
National Average Price,2023 November,Ham fillet per kg,Euro,6.568
National Average Price,2023 November,Cooked ham per kg,Euro,20.896
National Average Price,2023 November,Best back rashers per kg,Euro,11.004
National Average Price,2023 November,Pork sausages per kg,Euro,7.028
National Average Price,2023 November,Fresh fillet of whiting per kg,Euro,
National Average Price,2023 November,Fresh fillet of cod per kg,Euro,22.186
National Average Price,2023 November,Fresh salmon per kg,Euro,24.517
National Average Price,2023 November,Fresh fillet of plaice per kg,Euro,
National Average Price,2023 November,Fresh hake per kg,Euro,13.158
National Average Price,2023 November,Smoked salmon per kg,Euro,37.83
National Average Price,2023 November,Full fat milk per 2 litre,Euro,2.179
National Average Price,2023 November,Low fat milk per 1 litre,Euro,1.244
National Average Price,2023 November,Irish cheddar per kg,Euro,10.462
National Average Price,2023 November,Large eggs per half dozen,Euro,2.221
National Average Price,2023 November,Medium eggs per half dozen,Euro,1.775
National Average Price,2023 November,Butter per lb,Euro,3.746
National Average Price,2023 November,Grapes per kg,Euro,5.317
National Average Price,2023 November,Bananas per kg,Euro,1.728
National Average Price,2023 November,Tomatoes per kg,Euro,3.69
National Average Price,2023 November,Onions per kg,Euro,1.648
National Average Price,2023 November,Broccoli per kg,Euro,3.221
National Average Price,2023 November,Carrots per kg,Euro,1.292
National Average Price,2023 November,Mushrooms per kg,Euro,4.035
National Average Price,2023 November,Tomatoes tinned per 400g,Euro,1.166
National Average Price,2023 November,Potatoes 2.5 kg,Euro,3.705
National Average Price,2023 November,Potatoes 7.5 kg,Euro,6.964
National Average Price,2023 November,Potatoes 10 kg,Euro,
National Average Price,2023 November,White granulated sugar per 1 kg,Euro,1.884
National Average Price,2023 November,Jam per lb,Euro,1.089
National Average Price,2023 November,Marmalade per lb,Euro,2.169
National Average Price,2023 November,Tea bags per 80,Euro,3.063
National Average Price,2023 November,Orange juice per litre,Euro,1.681
National Average Price,2023 November,Whiskey - take home (70cl bottle),Euro,26.807
National Average Price,2023 November,Brandy - take home (70cl bottle),Euro,42.123
National Average Price,2023 November,Vodka - take home (70cl bottle),Euro,25.013
National Average Price,2023 November,Cream liqueur - take home (70cl bottle),Euro,16.75
National Average Price,2023 November,Wine - take home (75cl bottle),Euro,
National Average Price,2023 November,Cider - take home (50cl can),Euro,2.603
National Average Price,2023 November,Sherry - take home (75cl bottle),Euro,
National Average Price,2023 November,Lager - take home (50cl can),Euro,2.334
National Average Price,2023 November,Stout - take home (50cl can),Euro,2.51
National Average Price,2023 November,Filtered cigarettes per 20 pk,Euro,16.342
National Average Price,2023 November,Stout - draught bar (1 pint),Euro,5.638
National Average Price,2023 November,Lager - draught bar (1 pint),Euro,6.069
National Average Price,2023 November,Lager - bar (33cl bottle),Euro,5.604
National Average Price,2023 November,Cider - draught bar (1 pint),Euro,6.141
National Average Price,2023 November,Ale - draught bar (1 pint),Euro,5.699
National Average Price,2023 November,Cider - bar (33cl bottle),Euro,5.618
National Average Price,2023 November,Flavoured alcoholic drink - bar (275ml bottle),Euro,6.355
National Average Price,2023 November,Whiskey - bar (single) per ½ glass,Euro,5.345
National Average Price,2023 November,Brandy - bar (single) per ½ glass,Euro,5.76
National Average Price,2023 November,Vodka - bar (single) per ½ glass,Euro,5.349
National Average Price,2023 November,Wine - bar (187ml bottle),Euro,
National Average Price,2023 November,Diesel per litre,Euro,1.8
National Average Price,2023 November,Petrol - unleaded per litre,Euro,1.796
National Average Price,2023 November,Cinema fee,Euro,10.548
National Average Price,2023 November,Nightclubs fee,Euro,16.47
National Average Price,2023 November,Gent's dry cut fee,Euro,19.187
National Average Price,2023 November,"Gent's wash, cut, and blow dry fee",Euro,
National Average Price,2023 November,"Ladies' wash, cut and blow dry fee",Euro,52.515
National Average Price,2023 December,"White, self raising flour per 2 kg",Euro,2.624
National Average Price,2023 December,"Brown, wholemeal flour per 2 kg",Euro,3.129
National Average Price,2023 December,"Bread, white sliced pan, large (800g)",Euro,1.644
National Average Price,2023 December,"Bread, brown sliced pan, large (800g)",Euro,1.864
National Average Price,2023 December,Spaghetti per 500g,Euro,1.485
National Average Price,2023 December,Sirloin steak per kg,Euro,17.19
National Average Price,2023 December,Striploin steak per kg,Euro,22.504
National Average Price,2023 December,Roast beef - topside or rib per kg,Euro,12.638
National Average Price,2023 December,Sliced / diced beef pieces per kg,Euro,10.897
National Average Price,2023 December,Pork loin chops per kg,Euro,8.881
National Average Price,2023 December,Pork steak per kg,Euro,9.439
National Average Price,2023 December,Lamb - whole leg / half leg per kg,Euro,14.143
National Average Price,2023 December,Lamb loin chops per kg,Euro,21.956
National Average Price,2023 December,Lamb gigot chops per kg,Euro,
National Average Price,2023 December,Uncooked chicken medium size 1.6kg,Euro,5.774
National Average Price,2023 December,Lamb's liver per kg,Euro,6.112
National Average Price,2023 December,Ham fillet per kg,Euro,6.611
National Average Price,2023 December,Cooked ham per kg,Euro,20.814
National Average Price,2023 December,Best back rashers per kg,Euro,11.008
National Average Price,2023 December,Pork sausages per kg,Euro,7.071
National Average Price,2023 December,Fresh fillet of whiting per kg,Euro,
National Average Price,2023 December,Fresh fillet of cod per kg,Euro,21.807
National Average Price,2023 December,Fresh salmon per kg,Euro,24.395
National Average Price,2023 December,Fresh fillet of plaice per kg,Euro,
National Average Price,2023 December,Fresh hake per kg,Euro,13.528
National Average Price,2023 December,Smoked salmon per kg,Euro,36.669
National Average Price,2023 December,Full fat milk per 2 litre,Euro,2.18
National Average Price,2023 December,Low fat milk per 1 litre,Euro,1.245
National Average Price,2023 December,Irish cheddar per kg,Euro,10.698
National Average Price,2023 December,Large eggs per half dozen,Euro,2.211
National Average Price,2023 December,Medium eggs per half dozen,Euro,1.773
National Average Price,2023 December,Butter per lb,Euro,3.748
National Average Price,2023 December,Grapes per kg,Euro,5.386
National Average Price,2023 December,Bananas per kg,Euro,1.732
National Average Price,2023 December,Tomatoes per kg,Euro,3.681
National Average Price,2023 December,Onions per kg,Euro,1.661
National Average Price,2023 December,Broccoli per kg,Euro,3.159
National Average Price,2023 December,Carrots per kg,Euro,1.267
National Average Price,2023 December,Mushrooms per kg,Euro,4.171
National Average Price,2023 December,Tomatoes tinned per 400g,Euro,1.126
National Average Price,2023 December,Potatoes 2.5 kg,Euro,3.743
National Average Price,2023 December,Potatoes 7.5 kg,Euro,7.02
National Average Price,2023 December,Potatoes 10 kg,Euro,
National Average Price,2023 December,White granulated sugar per 1 kg,Euro,1.88
National Average Price,2023 December,Jam per lb,Euro,1.07
National Average Price,2023 December,Marmalade per lb,Euro,2.159
National Average Price,2023 December,Tea bags per 80,Euro,3.091
National Average Price,2023 December,Orange juice per litre,Euro,1.714
National Average Price,2023 December,Whiskey - take home (70cl bottle),Euro,26.684
National Average Price,2023 December,Brandy - take home (70cl bottle),Euro,41.798
National Average Price,2023 December,Vodka - take home (70cl bottle),Euro,24.637
National Average Price,2023 December,Cream liqueur - take home (70cl bottle),Euro,15.83
National Average Price,2023 December,Wine - take home (75cl bottle),Euro,
National Average Price,2023 December,Cider - take home (50cl can),Euro,2.589
National Average Price,2023 December,Sherry - take home (75cl bottle),Euro,
National Average Price,2023 December,Lager - take home (50cl can),Euro,2.323
National Average Price,2023 December,Stout - take home (50cl can),Euro,2.507
National Average Price,2023 December,Filtered cigarettes per 20 pk,Euro,16.341
National Average Price,2023 December,Stout - draught bar (1 pint),Euro,5.637
National Average Price,2023 December,Lager - draught bar (1 pint),Euro,6.058
National Average Price,2023 December,Lager - bar (33cl bottle),Euro,5.613
National Average Price,2023 December,Cider - draught bar (1 pint),Euro,6.143
National Average Price,2023 December,Ale - draught bar (1 pint),Euro,5.67
National Average Price,2023 December,Cider - bar (33cl bottle),Euro,5.618
National Average Price,2023 December,Flavoured alcoholic drink - bar (275ml bottle),Euro,6.353
National Average Price,2023 December,Whiskey - bar (single) per ½ glass,Euro,5.348
National Average Price,2023 December,Brandy - bar (single) per ½ glass,Euro,5.765
National Average Price,2023 December,Vodka - bar (single) per ½ glass,Euro,5.354
National Average Price,2023 December,Wine - bar (187ml bottle),Euro,
National Average Price,2023 December,Diesel per litre,Euro,1.715
National Average Price,2023 December,Petrol - unleaded per litre,Euro,1.709
National Average Price,2023 December,Cinema fee,Euro,10.639
National Average Price,2023 December,Nightclubs fee,Euro,16.47
National Average Price,2023 December,Gent's dry cut fee,Euro,19.308
National Average Price,2023 December,"Gent's wash, cut, and blow dry fee",Euro,
National Average Price,2023 December,"Ladies' wash, cut and blow dry fee",Euro,52.683
National Average Price,2024 January,"White, self raising flour per 2 kg",Euro,2.641
National Average Price,2024 January,"Brown, wholemeal flour per 2 kg",Euro,3.13
National Average Price,2024 January,"Bread, white sliced pan, large (800g)",Euro,1.64
National Average Price,2024 January,"Bread, brown sliced pan, large (800g)",Euro,1.865
National Average Price,2024 January,Spaghetti per 500g,Euro,1.437
National Average Price,2024 January,Sirloin steak per kg,Euro,16.833
National Average Price,2024 January,Striploin steak per kg,Euro,21.846
National Average Price,2024 January,Roast beef - topside or rib per kg,Euro,12.576
National Average Price,2024 January,Sliced / diced beef pieces per kg,Euro,10.716
National Average Price,2024 January,Pork loin chops per kg,Euro,8.895
National Average Price,2024 January,Pork steak per kg,Euro,9.124
National Average Price,2024 January,Lamb - whole leg / half leg per kg,Euro,14.249
National Average Price,2024 January,Lamb loin chops per kg,Euro,21.872
National Average Price,2024 January,Lamb gigot chops per kg,Euro,
National Average Price,2024 January,Uncooked chicken medium size 1.6kg,Euro,5.845
National Average Price,2024 January,Lamb's liver per kg,Euro,6.166
National Average Price,2024 January,Ham fillet per kg,Euro,6.74
National Average Price,2024 January,Cooked ham per kg,Euro,20.317
National Average Price,2024 January,Best back rashers per kg,Euro,10.778
National Average Price,2024 January,Pork sausages per kg,Euro,7.037
National Average Price,2024 January,Fresh fillet of whiting per kg,Euro,
National Average Price,2024 January,Fresh fillet of cod per kg,Euro,21.575
National Average Price,2024 January,Fresh salmon per kg,Euro,24.396
National Average Price,2024 January,Fresh fillet of plaice per kg,Euro,
National Average Price,2024 January,Fresh hake per kg,Euro,13.677
National Average Price,2024 January,Smoked salmon per kg,Euro,36.728
National Average Price,2024 January,Full fat milk per 2 litre,Euro,2.181
National Average Price,2024 January,Low fat milk per 1 litre,Euro,1.245
National Average Price,2024 January,Irish cheddar per kg,Euro,10.466
National Average Price,2024 January,Large eggs per half dozen,Euro,2.216
National Average Price,2024 January,Medium eggs per half dozen,Euro,1.773
National Average Price,2024 January,Butter per lb,Euro,3.76
National Average Price,2024 January,Grapes per kg,Euro,5.407
National Average Price,2024 January,Bananas per kg,Euro,1.733
National Average Price,2024 January,Tomatoes per kg,Euro,3.719
National Average Price,2024 January,Onions per kg,Euro,1.651
National Average Price,2024 January,Broccoli per kg,Euro,3.291
National Average Price,2024 January,Carrots per kg,Euro,1.305
National Average Price,2024 January,Mushrooms per kg,Euro,4.28
National Average Price,2024 January,Tomatoes tinned per 400g,Euro,1.18
National Average Price,2024 January,Potatoes 2.5 kg,Euro,3.779
National Average Price,2024 January,Potatoes 7.5 kg,Euro,7.108
National Average Price,2024 January,Potatoes 10 kg,Euro,
National Average Price,2024 January,White granulated sugar per 1 kg,Euro,1.899
National Average Price,2024 January,Jam per lb,Euro,1.091
National Average Price,2024 January,Marmalade per lb,Euro,2.185
National Average Price,2024 January,Tea bags per 80,Euro,3.115
National Average Price,2024 January,Orange juice per litre,Euro,1.72
National Average Price,2024 January,Whiskey - take home (70cl bottle),Euro,28.417
National Average Price,2024 January,Brandy - take home (70cl bottle),Euro,45.185
National Average Price,2024 January,Vodka - take home (70cl bottle),Euro,25.929
National Average Price,2024 January,Cream liqueur - take home (70cl bottle),Euro,18.154
National Average Price,2024 January,Wine - take home (75cl bottle),Euro,
National Average Price,2024 January,Cider - take home (50cl can),Euro,2.614
National Average Price,2024 January,Sherry - take home (75cl bottle),Euro,
National Average Price,2024 January,Lager - take home (50cl can),Euro,2.343
National Average Price,2024 January,Stout - take home (50cl can),Euro,2.501
National Average Price,2024 January,Filtered cigarettes per 20 pk,Euro,16.346
National Average Price,2024 January,Stout - draught bar (1 pint),Euro,5.618
National Average Price,2024 January,Lager - draught bar (1 pint),Euro,6.063
National Average Price,2024 January,Lager - bar (33cl bottle),Euro,5.626
National Average Price,2024 January,Cider - draught bar (1 pint),Euro,6.134
National Average Price,2024 January,Ale - draught bar (1 pint),Euro,5.673
National Average Price,2024 January,Cider - bar (33cl bottle),Euro,
National Average Price,2024 January,Flavoured alcoholic drink - bar (275ml bottle),Euro,6.358
National Average Price,2024 January,Whiskey - bar (single) per ½ glass,Euro,5.348
National Average Price,2024 January,Brandy - bar (single) per ½ glass,Euro,5.774
National Average Price,2024 January,Vodka - bar (single) per ½ glass,Euro,5.358
National Average Price,2024 January,Wine - bar (187ml bottle),Euro,
National Average Price,2024 January,Diesel per litre,Euro,1.69
National Average Price,2024 January,Petrol - unleaded per litre,Euro,1.684
National Average Price,2024 January,Cinema fee,Euro,10.734
National Average Price,2024 January,Nightclubs fee,Euro,
National Average Price,2024 January,Gent's dry cut fee,Euro,19.384
National Average Price,2024 January,"Gent's wash, cut, and blow dry fee",Euro,
National Average Price,2024 January,"Ladies' wash, cut and blow dry fee",Euro,53.025
National Average Price,2024 February,"White, self raising flour per 2 kg",Euro,2.642
National Average Price,2024 February,"Brown, wholemeal flour per 2 kg",Euro,3.133
National Average Price,2024 February,"Bread, white sliced pan, large (800g)",Euro,1.642
National Average Price,2024 February,"Bread, brown sliced pan, large (800g)",Euro,1.863
National Average Price,2024 February,Spaghetti per 500g,Euro,1.444
National Average Price,2024 February,Sirloin steak per kg,Euro,16.603
National Average Price,2024 February,Striploin steak per kg,Euro,22.929
National Average Price,2024 February,Roast beef - topside or rib per kg,Euro,12.721
National Average Price,2024 February,Sliced / diced beef pieces per kg,Euro,10.856
National Average Price,2024 February,Pork loin chops per kg,Euro,9.02
National Average Price,2024 February,Pork steak per kg,Euro,9.361
National Average Price,2024 February,Lamb - whole leg / half leg per kg,Euro,13.997
National Average Price,2024 February,Lamb loin chops per kg,Euro,21.856
National Average Price,2024 February,Lamb gigot chops per kg,Euro,
National Average Price,2024 February,Uncooked chicken medium size 1.6kg,Euro,5.845
National Average Price,2024 February,Lamb's liver per kg,Euro,6.169
National Average Price,2024 February,Ham fillet per kg,Euro,6.589
National Average Price,2024 February,Cooked ham per kg,Euro,20.362
National Average Price,2024 February,Best back rashers per kg,Euro,10.744
National Average Price,2024 February,Pork sausages per kg,Euro,6.92
National Average Price,2024 February,Fresh fillet of whiting per kg,Euro,
National Average Price,2024 February,Fresh fillet of cod per kg,Euro,20.297
National Average Price,2024 February,Fresh salmon per kg,Euro,24.44
National Average Price,2024 February,Fresh fillet of plaice per kg,Euro,
National Average Price,2024 February,Fresh hake per kg,Euro,13.116
National Average Price,2024 February,Smoked salmon per kg,Euro,36.957
National Average Price,2024 February,Full fat milk per 2 litre,Euro,2.179
National Average Price,2024 February,Low fat milk per 1 litre,Euro,1.245
National Average Price,2024 February,Irish cheddar per kg,Euro,10.643
National Average Price,2024 February,Large eggs per half dozen,Euro,2.22
National Average Price,2024 February,Medium eggs per half dozen,Euro,1.776
National Average Price,2024 February,Butter per lb,Euro,3.727
National Average Price,2024 February,Grapes per kg,Euro,5.564
National Average Price,2024 February,Bananas per kg,Euro,1.732
National Average Price,2024 February,Tomatoes per kg,Euro,3.716
National Average Price,2024 February,Onions per kg,Euro,1.646
National Average Price,2024 February,Broccoli per kg,Euro,3.329
National Average Price,2024 February,Carrots per kg,Euro,1.286
National Average Price,2024 February,Mushrooms per kg,Euro,4.33
National Average Price,2024 February,Tomatoes tinned per 400g,Euro,1.158
National Average Price,2024 February,Potatoes 2.5 kg,Euro,3.863
National Average Price,2024 February,Potatoes 7.5 kg,Euro,7.531
National Average Price,2024 February,Potatoes 10 kg,Euro,
National Average Price,2024 February,White granulated sugar per 1 kg,Euro,1.879
National Average Price,2024 February,Jam per lb,Euro,1.077
National Average Price,2024 February,Marmalade per lb,Euro,2.045
National Average Price,2024 February,Tea bags per 80,Euro,3.096
National Average Price,2024 February,Orange juice per litre,Euro,1.718
National Average Price,2024 February,Whiskey - take home (70cl bottle),Euro,28.028
National Average Price,2024 February,Brandy - take home (70cl bottle),Euro,44.614
National Average Price,2024 February,Vodka - take home (70cl bottle),Euro,26.002
National Average Price,2024 February,Cream liqueur - take home (70cl bottle),Euro,16.702
National Average Price,2024 February,Wine - take home (75cl bottle),Euro,
National Average Price,2024 February,Cider - take home (50cl can),Euro,2.669
National Average Price,2024 February,Sherry - take home (75cl bottle),Euro,
National Average Price,2024 February,Lager - take home (50cl can),Euro,2.349
National Average Price,2024 February,Stout - take home (50cl can),Euro,2.527
National Average Price,2024 February,Filtered cigarettes per 20 pk,Euro,16.346
National Average Price,2024 February,Stout - draught bar (1 pint),Euro,5.639
National Average Price,2024 February,Lager - draught bar (1 pint),Euro,6.062
National Average Price,2024 February,Lager - bar (33cl bottle),Euro,5.631
National Average Price,2024 February,Cider - draught bar (1 pint),Euro,6.134
National Average Price,2024 February,Ale - draught bar (1 pint),Euro,5.674
National Average Price,2024 February,Cider - bar (33cl bottle),Euro,
National Average Price,2024 February,Flavoured alcoholic drink - bar (275ml bottle),Euro,6.352
National Average Price,2024 February,Whiskey - bar (single) per ½ glass,Euro,5.354
National Average Price,2024 February,Brandy - bar (single) per ½ glass,Euro,5.776
National Average Price,2024 February,Vodka - bar (single) per ½ glass,Euro,5.364
National Average Price,2024 February,Wine - bar (187ml bottle),Euro,
National Average Price,2024 February,Diesel per litre,Euro,1.724
National Average Price,2024 February,Petrol - unleaded per litre,Euro,1.714
National Average Price,2024 February,Cinema fee,Euro,10.832
National Average Price,2024 February,Nightclubs fee,Euro,
National Average Price,2024 February,Gent's dry cut fee,Euro,19.261
National Average Price,2024 February,"Gent's wash, cut, and blow dry fee",Euro,
National Average Price,2024 February,"Ladies' wash, cut and blow dry fee",Euro,53.175
National Average Price,2024 March,"White, self raising flour per 2 kg",Euro,2.631
National Average Price,2024 March,"Brown, wholemeal flour per 2 kg",Euro,3.132
National Average Price,2024 March,"Bread, white sliced pan, large (800g)",Euro,1.65
National Average Price,2024 March,"Bread, brown sliced pan, large (800g)",Euro,1.862
National Average Price,2024 March,Spaghetti per 500g,Euro,1.426
National Average Price,2024 March,Sirloin steak per kg,Euro,16.531
National Average Price,2024 March,Striploin steak per kg,Euro,22.922
National Average Price,2024 March,Roast beef - topside or rib per kg,Euro,12.409
National Average Price,2024 March,Sliced / diced beef pieces per kg,Euro,10.686
National Average Price,2024 March,Pork loin chops per kg,Euro,8.723
National Average Price,2024 March,Pork steak per kg,Euro,9.316
National Average Price,2024 March,Lamb - whole leg / half leg per kg,Euro,14.762
National Average Price,2024 March,Lamb loin chops per kg,Euro,22.076
National Average Price,2024 March,Lamb gigot chops per kg,Euro,
National Average Price,2024 March,Uncooked chicken medium size 1.6kg,Euro,5.679
National Average Price,2024 March,Lamb's liver per kg,Euro,6.23
National Average Price,2024 March,Ham fillet per kg,Euro,6.659
National Average Price,2024 March,Cooked ham per kg,Euro,20.109
National Average Price,2024 March,Best back rashers per kg,Euro,10.793
National Average Price,2024 March,Pork sausages per kg,Euro,7.07
National Average Price,2024 March,Fresh fillet of whiting per kg,Euro,
National Average Price,2024 March,Fresh fillet of cod per kg,Euro,20.496
National Average Price,2024 March,Fresh salmon per kg,Euro,24.106
National Average Price,2024 March,Fresh fillet of plaice per kg,Euro,
National Average Price,2024 March,Fresh hake per kg,Euro,13.048
National Average Price,2024 March,Smoked salmon per kg,Euro,36.878
National Average Price,2024 March,Full fat milk per 2 litre,Euro,2.183
National Average Price,2024 March,Low fat milk per 1 litre,Euro,1.247
National Average Price,2024 March,Irish cheddar per kg,Euro,10.463
National Average Price,2024 March,Large eggs per half dozen,Euro,2.221
National Average Price,2024 March,Medium eggs per half dozen,Euro,1.777
National Average Price,2024 March,Butter per lb,Euro,3.713
National Average Price,2024 March,Grapes per kg,Euro,5.556
National Average Price,2024 March,Bananas per kg,Euro,1.76
National Average Price,2024 March,Tomatoes per kg,Euro,3.676
National Average Price,2024 March,Onions per kg,Euro,1.62
National Average Price,2024 March,Broccoli per kg,Euro,3.33
National Average Price,2024 March,Carrots per kg,Euro,1.324
National Average Price,2024 March,Mushrooms per kg,Euro,4.375
National Average Price,2024 March,Tomatoes tinned per 400g,Euro,1.133
National Average Price,2024 March,Potatoes 2.5 kg,Euro,3.917
National Average Price,2024 March,Potatoes 7.5 kg,Euro,7.449
National Average Price,2024 March,Potatoes 10 kg,Euro,
National Average Price,2024 March,White granulated sugar per 1 kg,Euro,1.884
National Average Price,2024 March,Jam per lb,Euro,1.066
National Average Price,2024 March,Marmalade per lb,Euro,2.132
National Average Price,2024 March,Tea bags per 80,Euro,3.105
National Average Price,2024 March,Orange juice per litre,Euro,1.711
National Average Price,2024 March,Whiskey - take home (70cl bottle),Euro,26.807
National Average Price,2024 March,Brandy - take home (70cl bottle),Euro,44.732
National Average Price,2024 March,Vodka - take home (70cl bottle),Euro,25.067
National Average Price,2024 March,Cream liqueur - take home (70cl bottle),Euro,16.755
National Average Price,2024 March,Wine - take home (75cl bottle),Euro,
National Average Price,2024 March,Cider - take home (50cl can),Euro,2.688
National Average Price,2024 March,Sherry - take home (75cl bottle),Euro,
National Average Price,2024 March,Lager - take home (50cl can),Euro,2.371
National Average Price,2024 March,Stout - take home (50cl can),Euro,2.527
National Average Price,2024 March,Filtered cigarettes per 20 pk,Euro,16.526
National Average Price,2024 March,Stout - draught bar (1 pint),Euro,5.648
National Average Price,2024 March,Lager - draught bar (1 pint),Euro,6.068
National Average Price,2024 March,Lager - bar (33cl bottle),Euro,5.648
National Average Price,2024 March,Cider - draught bar (1 pint),Euro,6.146
National Average Price,2024 March,Ale - draught bar (1 pint),Euro,5.678
National Average Price,2024 March,Cider - bar (33cl bottle),Euro,
National Average Price,2024 March,Flavoured alcoholic drink - bar (275ml bottle),Euro,6.36
National Average Price,2024 March,Whiskey - bar (single) per ½ glass,Euro,5.367
National Average Price,2024 March,Brandy - bar (single) per ½ glass,Euro,5.793
National Average Price,2024 March,Vodka - bar (single) per ½ glass,Euro,5.374
National Average Price,2024 March,Wine - bar (187ml bottle),Euro,
National Average Price,2024 March,Diesel per litre,Euro,1.738
National Average Price,2024 March,Petrol - unleaded per litre,Euro,1.732
National Average Price,2024 March,Cinema fee,Euro,10.955
National Average Price,2024 March,Nightclubs fee,Euro,
National Average Price,2024 March,Gent's dry cut fee,Euro,19.459
National Average Price,2024 March,"Gent's wash, cut, and blow dry fee",Euro,
National Average Price,2024 March,"Ladies' wash, cut and blow dry fee",Euro,53.804
National Average Price,2024 April,"White, self raising flour per 2 kg",Euro,2.565
National Average Price,2024 April,"Brown, wholemeal flour per 2 kg",Euro,3.138
National Average Price,2024 April,"Bread, white sliced pan, large (800g)",Euro,1.643
National Average Price,2024 April,"Bread, brown sliced pan, large (800g)",Euro,1.848
National Average Price,2024 April,Spaghetti per 500g,Euro,1.499
National Average Price,2024 April,Sirloin steak per kg,Euro,17.368
National Average Price,2024 April,Striploin steak per kg,Euro,23.003
National Average Price,2024 April,Roast beef - topside or rib per kg,Euro,12.659
National Average Price,2024 April,Sliced / diced beef pieces per kg,Euro,10.664
National Average Price,2024 April,Pork loin chops per kg,Euro,9.115
National Average Price,2024 April,Pork steak per kg,Euro,9.266
National Average Price,2024 April,Lamb - whole leg / half leg per kg,Euro,14.776
National Average Price,2024 April,Lamb loin chops per kg,Euro,22.351
National Average Price,2024 April,Lamb gigot chops per kg,Euro,
National Average Price,2024 April,Uncooked chicken medium size 1.6kg,Euro,5.813
National Average Price,2024 April,Lamb's liver per kg,Euro,6.259
National Average Price,2024 April,Ham fillet per kg,Euro,6.746
National Average Price,2024 April,Cooked ham per kg,Euro,20.358
National Average Price,2024 April,Best back rashers per kg,Euro,10.827
National Average Price,2024 April,Pork sausages per kg,Euro,7.055
National Average Price,2024 April,Fresh fillet of whiting per kg,Euro,
National Average Price,2024 April,Fresh fillet of cod per kg,Euro,21.079
National Average Price,2024 April,Fresh salmon per kg,Euro,24.542
National Average Price,2024 April,Fresh fillet of plaice per kg,Euro,
National Average Price,2024 April,Fresh hake per kg,Euro,12.753
National Average Price,2024 April,Smoked salmon per kg,Euro,37.395
National Average Price,2024 April,Full fat milk per 2 litre,Euro,2.19
National Average Price,2024 April,Low fat milk per 1 litre,Euro,1.245
National Average Price,2024 April,Irish cheddar per kg,Euro,10.448
National Average Price,2024 April,Large eggs per half dozen,Euro,2.232
National Average Price,2024 April,Medium eggs per half dozen,Euro,1.776
National Average Price,2024 April,Butter per lb,Euro,3.718
National Average Price,2024 April,Grapes per kg,Euro,5.533
National Average Price,2024 April,Bananas per kg,Euro,1.758
National Average Price,2024 April,Tomatoes per kg,Euro,3.764
National Average Price,2024 April,Onions per kg,Euro,1.656
National Average Price,2024 April,Broccoli per kg,Euro,3.372
National Average Price,2024 April,Carrots per kg,Euro,1.317
National Average Price,2024 April,Mushrooms per kg,Euro,4.328
National Average Price,2024 April,Tomatoes tinned per 400g,Euro,1.162
National Average Price,2024 April,Potatoes 2.5 kg,Euro,3.998
National Average Price,2024 April,Potatoes 7.5 kg,Euro,7.812
National Average Price,2024 April,Potatoes 10 kg,Euro,
National Average Price,2024 April,White granulated sugar per 1 kg,Euro,1.867
National Average Price,2024 April,Jam per lb,Euro,1.1
National Average Price,2024 April,Marmalade per lb,Euro,2.148
National Average Price,2024 April,Tea bags per 80,Euro,3.139
National Average Price,2024 April,Orange juice per litre,Euro,1.73
National Average Price,2024 April,Whiskey - take home (70cl bottle),Euro,28.26
National Average Price,2024 April,Brandy - take home (70cl bottle),Euro,45.173
National Average Price,2024 April,Vodka - take home (70cl bottle),Euro,26.154
National Average Price,2024 April,Cream liqueur - take home (70cl bottle),Euro,18.561
National Average Price,2024 April,Wine - take home (75cl bottle),Euro,
National Average Price,2024 April,Cider - take home (50cl can),Euro,2.694
National Average Price,2024 April,Sherry - take home (75cl bottle),Euro,
National Average Price,2024 April,Lager - take home (50cl can),Euro,2.384
National Average Price,2024 April,Stout - take home (50cl can),Euro,2.536
National Average Price,2024 April,Filtered cigarettes per 20 pk,Euro,16.586
National Average Price,2024 April,Stout - draught bar (1 pint),Euro,5.637
National Average Price,2024 April,Lager - draught bar (1 pint),Euro,6.073
National Average Price,2024 April,Lager - bar (33cl bottle),Euro,5.65
National Average Price,2024 April,Cider - draught bar (1 pint),Euro,6.144
National Average Price,2024 April,Ale - draught bar (1 pint),Euro,5.686
National Average Price,2024 April,Cider - bar (33cl bottle),Euro,
National Average Price,2024 April,Flavoured alcoholic drink - bar (275ml bottle),Euro,6.363
National Average Price,2024 April,Whiskey - bar (single) per ½ glass,Euro,5.37
National Average Price,2024 April,Brandy - bar (single) per ½ glass,Euro,5.792
National Average Price,2024 April,Vodka - bar (single) per ½ glass,Euro,5.378
National Average Price,2024 April,Wine - bar (187ml bottle),Euro,
National Average Price,2024 April,Diesel per litre,Euro,1.777
National Average Price,2024 April,Petrol - unleaded per litre,Euro,1.804
National Average Price,2024 April,Cinema fee,Euro,10.891
National Average Price,2024 April,Nightclubs fee,Euro,
National Average Price,2024 April,Gent's dry cut fee,Euro,19.459
National Average Price,2024 April,"Gent's wash, cut, and blow dry fee",Euro,
National Average Price,2024 April,"Ladies' wash, cut and blow dry fee",Euro,53.888
National Average Price,2024 May,"White, self raising flour per 2 kg",Euro,2.644
National Average Price,2024 May,"Brown, wholemeal flour per 2 kg",Euro,3.138
National Average Price,2024 May,"Bread, white sliced pan, large (800g)",Euro,1.618
National Average Price,2024 May,"Bread, brown sliced pan, large (800g)",Euro,1.82
National Average Price,2024 May,Spaghetti per 500g,Euro,1.45
National Average Price,2024 May,Sirloin steak per kg,Euro,17.118
National Average Price,2024 May,Striploin steak per kg,Euro,23.028
National Average Price,2024 May,Roast beef - topside or rib per kg,Euro,12.655
National Average Price,2024 May,Sliced / diced beef pieces per kg,Euro,10.793
National Average Price,2024 May,Pork loin chops per kg,Euro,8.869
National Average Price,2024 May,Pork steak per kg,Euro,9.299
National Average Price,2024 May,Lamb - whole leg / half leg per kg,Euro,14.609
National Average Price,2024 May,Lamb loin chops per kg,Euro,22.68
National Average Price,2024 May,Lamb gigot chops per kg,Euro,
National Average Price,2024 May,Uncooked chicken medium size 1.6kg,Euro,5.77
National Average Price,2024 May,Lamb's liver per kg,Euro,6.272
National Average Price,2024 May,Ham fillet per kg,Euro,6.729
National Average Price,2024 May,Cooked ham per kg,Euro,19.884
National Average Price,2024 May,Best back rashers per kg,Euro,10.782
National Average Price,2024 May,Pork sausages per kg,Euro,7.071
National Average Price,2024 May,Fresh fillet of whiting per kg,Euro,
National Average Price,2024 May,Fresh fillet of cod per kg,Euro,20.955
National Average Price,2024 May,Fresh salmon per kg,Euro,24.238
National Average Price,2024 May,Fresh fillet of plaice per kg,Euro,
National Average Price,2024 May,Fresh hake per kg,Euro,12.928
National Average Price,2024 May,Smoked salmon per kg,Euro,37.815
National Average Price,2024 May,Full fat milk per 2 litre,Euro,2.19
National Average Price,2024 May,Low fat milk per 1 litre,Euro,1.245
National Average Price,2024 May,Irish cheddar per kg,Euro,10.601
National Average Price,2024 May,Large eggs per half dozen,Euro,2.233
National Average Price,2024 May,Medium eggs per half dozen,Euro,1.779
National Average Price,2024 May,Butter per lb,Euro,3.706
National Average Price,2024 May,Grapes per kg,Euro,5.518
National Average Price,2024 May,Bananas per kg,Euro,1.758
National Average Price,2024 May,Tomatoes per kg,Euro,3.751
National Average Price,2024 May,Onions per kg,Euro,1.649
National Average Price,2024 May,Broccoli per kg,Euro,3.264
National Average Price,2024 May,Carrots per kg,Euro,1.391
National Average Price,2024 May,Mushrooms per kg,Euro,4.263
National Average Price,2024 May,Tomatoes tinned per 400g,Euro,1.133
National Average Price,2024 May,Potatoes 2.5 kg,Euro,4.04
National Average Price,2024 May,Potatoes 7.5 kg,Euro,7.894
National Average Price,2024 May,Potatoes 10 kg,Euro,
National Average Price,2024 May,White granulated sugar per 1 kg,Euro,1.88
National Average Price,2024 May,Jam per lb,Euro,1.096
National Average Price,2024 May,Marmalade per lb,Euro,2.187
National Average Price,2024 May,Tea bags per 80,Euro,3.165
National Average Price,2024 May,Orange juice per litre,Euro,1.735
National Average Price,2024 May,Whiskey - take home (70cl bottle),Euro,28.304
National Average Price,2024 May,Brandy - take home (70cl bottle),Euro,45.74
National Average Price,2024 May,Vodka - take home (70cl bottle),Euro,25.702
National Average Price,2024 May,Cream liqueur - take home (70cl bottle),Euro,18.964
National Average Price,2024 May,Wine - take home (75cl bottle),Euro,
National Average Price,2024 May,Cider - take home (50cl can),Euro,2.683
National Average Price,2024 May,Sherry - take home (75cl bottle),Euro,
National Average Price,2024 May,Lager - take home (50cl can),Euro,2.412
National Average Price,2024 May,Stout - take home (50cl can),Euro,2.535
National Average Price,2024 May,Filtered cigarettes per 20 pk,Euro,16.626
National Average Price,2024 May,Stout - draught bar (1 pint),Euro,5.771
National Average Price,2024 May,Lager - draught bar (1 pint),Euro,6.168
National Average Price,2024 May,Lager - bar (33cl bottle),Euro,5.726
National Average Price,2024 May,Cider - draught bar (1 pint),Euro,6.275
National Average Price,2024 May,Ale - draught bar (1 pint),Euro,5.807
National Average Price,2024 May,Cider - bar (33cl bottle),Euro,
National Average Price,2024 May,Flavoured alcoholic drink - bar (275ml bottle),Euro,6.45
National Average Price,2024 May,Whiskey - bar (single) per ½ glass,Euro,5.45
National Average Price,2024 May,Brandy - bar (single) per ½ glass,Euro,5.865
National Average Price,2024 May,Vodka - bar (single) per ½ glass,Euro,5.466
National Average Price,2024 May,Wine - bar (187ml bottle),Euro,
National Average Price,2024 May,Diesel per litre,Euro,1.749
National Average Price,2024 May,Petrol - unleaded per litre,Euro,1.818
National Average Price,2024 May,Cinema fee,Euro,10.766
National Average Price,2024 May,Nightclubs fee,Euro,
National Average Price,2024 May,Gent's dry cut fee,Euro,19.471
National Average Price,2024 May,"Gent's wash, cut, and blow dry fee",Euro,
National Average Price,2024 May,"Ladies' wash, cut and blow dry fee",Euro,53.966
National Average Price,2024 June,"White, self raising flour per 2 kg",Euro,2.647
National Average Price,2024 June,"Brown, wholemeal flour per 2 kg",Euro,3.139
National Average Price,2024 June,"Bread, white sliced pan, large (800g)",Euro,1.614
National Average Price,2024 June,"Bread, brown sliced pan, large (800g)",Euro,1.84
National Average Price,2024 June,Spaghetti per 500g,Euro,1.446
National Average Price,2024 June,Sirloin steak per kg,Euro,17.261
National Average Price,2024 June,Striploin steak per kg,Euro,23.375
National Average Price,2024 June,Roast beef - topside or rib per kg,Euro,12.642
National Average Price,2024 June,Sliced / diced beef pieces per kg,Euro,10.845
National Average Price,2024 June,Pork loin chops per kg,Euro,9.166
National Average Price,2024 June,Pork steak per kg,Euro,9.039
National Average Price,2024 June,Lamb - whole leg / half leg per kg,Euro,14.943
National Average Price,2024 June,Lamb loin chops per kg,Euro,22.99
National Average Price,2024 June,Lamb gigot chops per kg,Euro,
National Average Price,2024 June,Uncooked chicken medium size 1.6kg,Euro,5.769
National Average Price,2024 June,Lamb's liver per kg,Euro,6.261
National Average Price,2024 June,Ham fillet per kg,Euro,6.784
National Average Price,2024 June,Cooked ham per kg,Euro,20.051
National Average Price,2024 June,Best back rashers per kg,Euro,10.856
National Average Price,2024 June,Pork sausages per kg,Euro,7.094
National Average Price,2024 June,Fresh fillet of whiting per kg,Euro,
National Average Price,2024 June,Fresh fillet of cod per kg,Euro,20.807
National Average Price,2024 June,Fresh salmon per kg,Euro,24.409
National Average Price,2024 June,Fresh fillet of plaice per kg,Euro,
National Average Price,2024 June,Fresh hake per kg,Euro,13.141
National Average Price,2024 June,Smoked salmon per kg,Euro,36.758
National Average Price,2024 June,Full fat milk per 2 litre,Euro,2.195
National Average Price,2024 June,Low fat milk per 1 litre,Euro,1.246
National Average Price,2024 June,Irish cheddar per kg,Euro,10.391
National Average Price,2024 June,Large eggs per half dozen,Euro,2.245
National Average Price,2024 June,Medium eggs per half dozen,Euro,1.786
National Average Price,2024 June,Butter per lb,Euro,3.728
National Average Price,2024 June,Grapes per kg,Euro,5.566
National Average Price,2024 June,Bananas per kg,Euro,1.729
National Average Price,2024 June,Tomatoes per kg,Euro,3.653
National Average Price,2024 June,Onions per kg,Euro,1.667
National Average Price,2024 June,Broccoli per kg,Euro,3.358
National Average Price,2024 June,Carrots per kg,Euro,1.399
National Average Price,2024 June,Mushrooms per kg,Euro,4.37
National Average Price,2024 June,Tomatoes tinned per 400g,Euro,1.139
National Average Price,2024 June,Potatoes 2.5 kg,Euro,4.104
National Average Price,2024 June,Potatoes 7.5 kg,Euro,8.004
National Average Price,2024 June,Potatoes 10 kg,Euro,
National Average Price,2024 June,White granulated sugar per 1 kg,Euro,1.872
National Average Price,2024 June,Jam per lb,Euro,1.088
National Average Price,2024 June,Marmalade per lb,Euro,2.177
National Average Price,2024 June,Tea bags per 80,Euro,3.156
National Average Price,2024 June,Orange juice per litre,Euro,1.708
National Average Price,2024 June,Whiskey - take home (70cl bottle),Euro,27.302
National Average Price,2024 June,Brandy - take home (70cl bottle),Euro,45.366
National Average Price,2024 June,Vodka - take home (70cl bottle),Euro,25.546
National Average Price,2024 June,Cream liqueur - take home (70cl bottle),Euro,18.159
National Average Price,2024 June,Wine - take home (75cl bottle),Euro,
National Average Price,2024 June,Cider - take home (50cl can),Euro,2.679
National Average Price,2024 June,Sherry - take home (75cl bottle),Euro,
National Average Price,2024 June,Lager - take home (50cl can),Euro,2.425
National Average Price,2024 June,Stout - take home (50cl can),Euro,2.559
National Average Price,2024 June,Filtered cigarettes per 20 pk,Euro,16.626
National Average Price,2024 June,Stout - draught bar (1 pint),Euro,5.796
National Average Price,2024 June,Lager - draught bar (1 pint),Euro,6.203
National Average Price,2024 June,Lager - bar (33cl bottle),Euro,5.765
National Average Price,2024 June,Cider - draught bar (1 pint),Euro,6.318
National Average Price,2024 June,Ale - draught bar (1 pint),Euro,5.832
National Average Price,2024 June,Cider - bar (33cl bottle),Euro,
National Average Price,2024 June,Flavoured alcoholic drink - bar (275ml bottle),Euro,6.477
National Average Price,2024 June,Whiskey - bar (single) per ½ glass,Euro,5.486
National Average Price,2024 June,Brandy - bar (single) per ½ glass,Euro,5.879
National Average Price,2024 June,Vodka - bar (single) per ½ glass,Euro,5.496
National Average Price,2024 June,Wine - bar (187ml bottle),Euro,
National Average Price,2024 June,Diesel per litre,Euro,1.711
National Average Price,2024 June,Petrol - unleaded per litre,Euro,1.784
National Average Price,2024 June,Cinema fee,Euro,10.788
National Average Price,2024 June,Nightclubs fee,Euro,
National Average Price,2024 June,Gent's dry cut fee,Euro,19.466
National Average Price,2024 June,"Gent's wash, cut, and blow dry fee",Euro,
National Average Price,2024 June,"Ladies' wash, cut and blow dry fee",Euro,53.992
National Average Price,2024 July,"White, self raising flour per 2 kg",Euro,2.638
National Average Price,2024 July,"Brown, wholemeal flour per 2 kg",Euro,3.139
National Average Price,2024 July,"Bread, white sliced pan, large (800g)",Euro,1.615
National Average Price,2024 July,"Bread, brown sliced pan, large (800g)",Euro,1.84
National Average Price,2024 July,Spaghetti per 500g,Euro,1.524
National Average Price,2024 July,Sirloin steak per kg,Euro,16.93
National Average Price,2024 July,Striploin steak per kg,Euro,23.303
National Average Price,2024 July,Roast beef - topside or rib per kg,Euro,12.595
National Average Price,2024 July,Sliced / diced beef pieces per kg,Euro,10.772
National Average Price,2024 July,Pork loin chops per kg,Euro,9.315
National Average Price,2024 July,Pork steak per kg,Euro,9.227
National Average Price,2024 July,Lamb - whole leg / half leg per kg,Euro,13.839
National Average Price,2024 July,Lamb loin chops per kg,Euro,22.968
National Average Price,2024 July,Lamb gigot chops per kg,Euro,
National Average Price,2024 July,Uncooked chicken medium size 1.6kg,Euro,5.822
National Average Price,2024 July,Lamb's liver per kg,Euro,6.25
National Average Price,2024 July,Ham fillet per kg,Euro,6.826
National Average Price,2024 July,Cooked ham per kg,Euro,20.001
National Average Price,2024 July,Best back rashers per kg,Euro,10.803
National Average Price,2024 July,Pork sausages per kg,Euro,7.063
National Average Price,2024 July,Fresh fillet of whiting per kg,Euro,
National Average Price,2024 July,Fresh fillet of cod per kg,Euro,20.377
National Average Price,2024 July,Fresh salmon per kg,Euro,24.304
National Average Price,2024 July,Fresh fillet of plaice per kg,Euro,
National Average Price,2024 July,Fresh hake per kg,Euro,13.273
National Average Price,2024 July,Smoked salmon per kg,Euro,37.123
National Average Price,2024 July,Full fat milk per 2 litre,Euro,2.192
National Average Price,2024 July,Low fat milk per 1 litre,Euro,1.247
National Average Price,2024 July,Irish cheddar per kg,Euro,10.488
National Average Price,2024 July,Large eggs per half dozen,Euro,2.24
National Average Price,2024 July,Medium eggs per half dozen,Euro,1.782
National Average Price,2024 July,Butter per lb,Euro,3.79
National Average Price,2024 July,Grapes per kg,Euro,5.556
National Average Price,2024 July,Bananas per kg,Euro,1.761
National Average Price,2024 July,Tomatoes per kg,Euro,3.627
National Average Price,2024 July,Onions per kg,Euro,1.694
National Average Price,2024 July,Broccoli per kg,Euro,3.364
National Average Price,2024 July,Carrots per kg,Euro,1.403
National Average Price,2024 July,Mushrooms per kg,Euro,4.43
National Average Price,2024 July,Tomatoes tinned per 400g,Euro,1.141
National Average Price,2024 July,Potatoes 2.5 kg,Euro,4.089
National Average Price,2024 July,Potatoes 7.5 kg,Euro,8.026
National Average Price,2024 July,Potatoes 10 kg,Euro,
National Average Price,2024 July,White granulated sugar per 1 kg,Euro,1.873
National Average Price,2024 July,Jam per lb,Euro,1.076
National Average Price,2024 July,Marmalade per lb,Euro,2.139
National Average Price,2024 July,Tea bags per 80,Euro,3.156
National Average Price,2024 July,Orange juice per litre,Euro,1.706
National Average Price,2024 July,Whiskey - take home (70cl bottle),Euro,28.376
National Average Price,2024 July,Brandy - take home (70cl bottle),Euro,44.847
National Average Price,2024 July,Vodka - take home (70cl bottle),Euro,25.889
National Average Price,2024 July,Cream liqueur - take home (70cl bottle),Euro,18.293
National Average Price,2024 July,Wine - take home (75cl bottle),Euro,
National Average Price,2024 July,Cider - take home (50cl can),Euro,2.659
National Average Price,2024 July,Sherry - take home (75cl bottle),Euro,
National Average Price,2024 July,Lager - take home (50cl can),Euro,2.417
National Average Price,2024 July,Stout - take home (50cl can),Euro,2.549
National Average Price,2024 July,Filtered cigarettes per 20 pk,Euro,16.632
National Average Price,2024 July,Stout - draught bar (1 pint),Euro,5.808
National Average Price,2024 July,Lager - draught bar (1 pint),Euro,6.231
National Average Price,2024 July,Lager - bar (33cl bottle),Euro,5.788
National Average Price,2024 July,Cider - draught bar (1 pint),Euro,6.354
National Average Price,2024 July,Ale - draught bar (1 pint),Euro,5.845
National Average Price,2024 July,Cider - bar (33cl bottle),Euro,
National Average Price,2024 July,Flavoured alcoholic drink - bar (275ml bottle),Euro,6.488
National Average Price,2024 July,Whiskey - bar (single) per ½ glass,Euro,5.5
National Average Price,2024 July,Brandy - bar (single) per ½ glass,Euro,5.913
National Average Price,2024 July,Vodka - bar (single) per ½ glass,Euro,5.517
National Average Price,2024 July,Wine - bar (187ml bottle),Euro,
National Average Price,2024 July,Diesel per litre,Euro,1.722
National Average Price,2024 July,Petrol - unleaded per litre,Euro,1.782
National Average Price,2024 July,Cinema fee,Euro,10.95
National Average Price,2024 July,Nightclubs fee,Euro,
National Average Price,2024 July,Gent's dry cut fee,Euro,19.466
National Average Price,2024 July,"Gent's wash, cut, and blow dry fee",Euro,
National Average Price,2024 July,"Ladies' wash, cut and blow dry fee",Euro,54.029
National Average Price,2024 August,"White, self raising flour per 2 kg",Euro,2.607
National Average Price,2024 August,"Brown, wholemeal flour per 2 kg",Euro,3.139
National Average Price,2024 August,"Bread, white sliced pan, large (800g)",Euro,1.612
National Average Price,2024 August,"Bread, brown sliced pan, large (800g)",Euro,1.828
National Average Price,2024 August,Spaghetti per 500g,Euro,1.459
National Average Price,2024 August,Sirloin steak per kg,Euro,17.252
National Average Price,2024 August,Striploin steak per kg,Euro,23.521
National Average Price,2024 August,Roast beef - topside or rib per kg,Euro,12.648
National Average Price,2024 August,Sliced / diced beef pieces per kg,Euro,10.759
National Average Price,2024 August,Pork loin chops per kg,Euro,9.108
National Average Price,2024 August,Pork steak per kg,Euro,9.089
National Average Price,2024 August,Lamb - whole leg / half leg per kg,Euro,14.639
National Average Price,2024 August,Lamb loin chops per kg,Euro,23.077
National Average Price,2024 August,Lamb gigot chops per kg,Euro,
National Average Price,2024 August,Uncooked chicken medium size 1.6kg,Euro,5.79
National Average Price,2024 August,Lamb's liver per kg,Euro,6.266
National Average Price,2024 August,Ham fillet per kg,Euro,6.844
National Average Price,2024 August,Cooked ham per kg,Euro,20.337
National Average Price,2024 August,Best back rashers per kg,Euro,10.821
National Average Price,2024 August,Pork sausages per kg,Euro,7.22
National Average Price,2024 August,Fresh fillet of whiting per kg,Euro,
National Average Price,2024 August,Fresh fillet of cod per kg,Euro,20.707
National Average Price,2024 August,Fresh salmon per kg,Euro,24.672
National Average Price,2024 August,Fresh fillet of plaice per kg,Euro,
National Average Price,2024 August,Fresh hake per kg,Euro,13.261
National Average Price,2024 August,Smoked salmon per kg,Euro,36.702
National Average Price,2024 August,Full fat milk per 2 litre,Euro,2.192
National Average Price,2024 August,Low fat milk per 1 litre,Euro,1.247
National Average Price,2024 August,Irish cheddar per kg,Euro,10.504
National Average Price,2024 August,Large eggs per half dozen,Euro,2.24
National Average Price,2024 August,Medium eggs per half dozen,Euro,1.781
National Average Price,2024 August,Butter per lb,Euro,3.943
National Average Price,2024 August,Grapes per kg,Euro,5.554
National Average Price,2024 August,Bananas per kg,Euro,1.76
National Average Price,2024 August,Tomatoes per kg,Euro,3.643
National Average Price,2024 August,Onions per kg,Euro,1.669
National Average Price,2024 August,Broccoli per kg,Euro,3.298
National Average Price,2024 August,Carrots per kg,Euro,1.401
National Average Price,2024 August,Mushrooms per kg,Euro,4.389
National Average Price,2024 August,Tomatoes tinned per 400g,Euro,1.141
National Average Price,2024 August,Potatoes 2.5 kg,Euro,4.063
National Average Price,2024 August,Potatoes 7.5 kg,Euro,7.779
National Average Price,2024 August,Potatoes 10 kg,Euro,
National Average Price,2024 August,White granulated sugar per 1 kg,Euro,1.873
National Average Price,2024 August,Jam per lb,Euro,1.072
National Average Price,2024 August,Marmalade per lb,Euro,2.136
National Average Price,2024 August,Tea bags per 80,Euro,3.174
National Average Price,2024 August,Orange juice per litre,Euro,1.681
National Average Price,2024 August,Whiskey - take home (70cl bottle),Euro,28.333
National Average Price,2024 August,Brandy - take home (70cl bottle),Euro,45.978
National Average Price,2024 August,Vodka - take home (70cl bottle),Euro,26.123
National Average Price,2024 August,Cream liqueur - take home (70cl bottle),Euro,19.108
National Average Price,2024 August,Wine - take home (75cl bottle),Euro,
National Average Price,2024 August,Cider - take home (50cl can),Euro,2.672
National Average Price,2024 August,Sherry - take home (75cl bottle),Euro,
National Average Price,2024 August,Lager - take home (50cl can),Euro,2.427
National Average Price,2024 August,Stout - take home (50cl can),Euro,2.553
National Average Price,2024 August,Filtered cigarettes per 20 pk,Euro,16.631
National Average Price,2024 August,Stout - draught bar (1 pint),Euro,5.812
National Average Price,2024 August,Lager - draught bar (1 pint),Euro,6.237
National Average Price,2024 August,Lager - bar (33cl bottle),Euro,5.797
National Average Price,2024 August,Cider - draught bar (1 pint),Euro,6.352
National Average Price,2024 August,Ale - draught bar (1 pint),Euro,5.846
National Average Price,2024 August,Cider - bar (33cl bottle),Euro,
National Average Price,2024 August,Flavoured alcoholic drink - bar (275ml bottle),Euro,6.486
National Average Price,2024 August,Whiskey - bar (single) per ½ glass,Euro,5.502
National Average Price,2024 August,Brandy - bar (single) per ½ glass,Euro,5.918
National Average Price,2024 August,Vodka - bar (single) per ½ glass,Euro,5.526
National Average Price,2024 August,Wine - bar (187ml bottle),Euro,
National Average Price,2024 August,Diesel per litre,Euro,1.706
National Average Price,2024 August,Petrol - unleaded per litre,Euro,1.776
National Average Price,2024 August,Cinema fee,Euro,11.133
National Average Price,2024 August,Nightclubs fee,Euro,
National Average Price,2024 August,Gent's dry cut fee,Euro,19.466
National Average Price,2024 August,"Gent's wash, cut, and blow dry fee",Euro,
National Average Price,2024 August,"Ladies' wash, cut and blow dry fee",Euro,53.897
National Average Price,2024 September,"White, self raising flour per 2 kg",Euro,2.607
National Average Price,2024 September,"Brown, wholemeal flour per 2 kg",Euro,3.152
National Average Price,2024 September,"Bread, white sliced pan, large (800g)",Euro,1.613
National Average Price,2024 September,"Bread, brown sliced pan, large (800g)",Euro,1.845
National Average Price,2024 September,Spaghetti per 500g,Euro,1.463
National Average Price,2024 September,Sirloin steak per kg,Euro,17.03
National Average Price,2024 September,Striploin steak per kg,Euro,23.61
National Average Price,2024 September,Roast beef - topside or rib per kg,Euro,12.816
National Average Price,2024 September,Sliced / diced beef pieces per kg,Euro,10.679
National Average Price,2024 September,Pork loin chops per kg,Euro,9.025
National Average Price,2024 September,Pork steak per kg,Euro,9.141
National Average Price,2024 September,Lamb - whole leg / half leg per kg,Euro,14.355
National Average Price,2024 September,Lamb loin chops per kg,Euro,22.489
National Average Price,2024 September,Lamb gigot chops per kg,Euro,
National Average Price,2024 September,Uncooked chicken medium size 1.6kg,Euro,5.771
National Average Price,2024 September,Lamb's liver per kg,Euro,6.28
National Average Price,2024 September,Ham fillet per kg,Euro,6.74
National Average Price,2024 September,Cooked ham per kg,Euro,20.03
National Average Price,2024 September,Best back rashers per kg,Euro,10.766
National Average Price,2024 September,Pork sausages per kg,Euro,7.17
National Average Price,2024 September,Fresh fillet of whiting per kg,Euro,
National Average Price,2024 September,Fresh fillet of cod per kg,Euro,21.309
National Average Price,2024 September,Fresh salmon per kg,Euro,24.612
National Average Price,2024 September,Fresh fillet of plaice per kg,Euro,
National Average Price,2024 September,Fresh hake per kg,Euro,13.572
National Average Price,2024 September,Smoked salmon per kg,Euro,37.003
National Average Price,2024 September,Full fat milk per 2 litre,Euro,2.199
National Average Price,2024 September,Low fat milk per 1 litre,Euro,1.249
National Average Price,2024 September,Irish cheddar per kg,Euro,10.52
National Average Price,2024 September,Large eggs per half dozen,Euro,2.24
National Average Price,2024 September,Medium eggs per half dozen,Euro,1.782
National Average Price,2024 September,Butter per lb,Euro,4.13
National Average Price,2024 September,Grapes per kg,Euro,5.583
National Average Price,2024 September,Bananas per kg,Euro,1.754
National Average Price,2024 September,Tomatoes per kg,Euro,3.698
National Average Price,2024 September,Onions per kg,Euro,1.672
National Average Price,2024 September,Broccoli per kg,Euro,3.328
National Average Price,2024 September,Carrots per kg,Euro,1.344
National Average Price,2024 September,Mushrooms per kg,Euro,4.247
National Average Price,2024 September,Tomatoes tinned per 400g,Euro,1.144
National Average Price,2024 September,Potatoes 2.5 kg,Euro,4.077
National Average Price,2024 September,Potatoes 7.5 kg,Euro,7.6
National Average Price,2024 September,Potatoes 10 kg,Euro,
National Average Price,2024 September,White granulated sugar per 1 kg,Euro,1.873
National Average Price,2024 September,Jam per lb,Euro,1.067
National Average Price,2024 September,Marmalade per lb,Euro,2.087
National Average Price,2024 September,Tea bags per 80,Euro,3.274
National Average Price,2024 September,Orange juice per litre,Euro,1.718
National Average Price,2024 September,Whiskey - take home (70cl bottle),Euro,28.068
National Average Price,2024 September,Brandy - take home (70cl bottle),Euro,46.029
National Average Price,2024 September,Vodka - take home (70cl bottle),Euro,25.993
National Average Price,2024 September,Cream liqueur - take home (70cl bottle),Euro,19.403
National Average Price,2024 September,Wine - take home (75cl bottle),Euro,
National Average Price,2024 September,Cider - take home (50cl can),Euro,2.672
National Average Price,2024 September,Sherry - take home (75cl bottle),Euro,
National Average Price,2024 September,Lager - take home (50cl can),Euro,2.423
National Average Price,2024 September,Stout - take home (50cl can),Euro,2.58
National Average Price,2024 September,Filtered cigarettes per 20 pk,Euro,16.635
National Average Price,2024 September,Stout - draught bar (1 pint),Euro,5.817
National Average Price,2024 September,Lager - draught bar (1 pint),Euro,6.242
National Average Price,2024 September,Lager - bar (33cl bottle),Euro,5.797
National Average Price,2024 September,Cider - draught bar (1 pint),Euro,6.362
National Average Price,2024 September,Ale - draught bar (1 pint),Euro,5.847
National Average Price,2024 September,Cider - bar (33cl bottle),Euro,
National Average Price,2024 September,Flavoured alcoholic drink - bar (275ml bottle),Euro,6.498
National Average Price,2024 September,Whiskey - bar (single) per ½ glass,Euro,5.504
National Average Price,2024 September,Brandy - bar (single) per ½ glass,Euro,5.921
National Average Price,2024 September,Vodka - bar (single) per ½ glass,Euro,5.532
National Average Price,2024 September,Wine - bar (187ml bottle),Euro,
National Average Price,2024 September,Diesel per litre,Euro,1.66
National Average Price,2024 September,Petrol - unleaded per litre,Euro,1.732
National Average Price,2024 September,Cinema fee,Euro,11.144
National Average Price,2024 September,Nightclubs fee,Euro,
National Average Price,2024 September,Gent's dry cut fee,Euro,19.539
National Average Price,2024 September,"Gent's wash, cut, and blow dry fee",Euro,
National Average Price,2024 September,"Ladies' wash, cut and blow dry fee",Euro,54.003
National Average Price,2024 October,"White, self raising flour per 2 kg",Euro,2.6
National Average Price,2024 October,"Brown, wholemeal flour per 2 kg",Euro,3.163
National Average Price,2024 October,"Bread, white sliced pan, large (800g)",Euro,1.613
National Average Price,2024 October,"Bread, brown sliced pan, large (800g)",Euro,1.844
National Average Price,2024 October,Spaghetti per 500g,Euro,1.457
National Average Price,2024 October,Sirloin steak per kg,Euro,17.218
National Average Price,2024 October,Striploin steak per kg,Euro,23.505
National Average Price,2024 October,Roast beef - topside or rib per kg,Euro,12.815
National Average Price,2024 October,Sliced / diced beef pieces per kg,Euro,10.693
National Average Price,2024 October,Pork loin chops per kg,Euro,8.836
National Average Price,2024 October,Pork steak per kg,Euro,9.116
National Average Price,2024 October,Lamb - whole leg / half leg per kg,Euro,14.5
National Average Price,2024 October,Lamb loin chops per kg,Euro,22.759
National Average Price,2024 October,Lamb gigot chops per kg,Euro,
National Average Price,2024 October,Uncooked chicken medium size 1.6kg,Euro,5.84
National Average Price,2024 October,Lamb's liver per kg,Euro,6.283
National Average Price,2024 October,Ham fillet per kg,Euro,6.936
National Average Price,2024 October,Cooked ham per kg,Euro,20.109
National Average Price,2024 October,Best back rashers per kg,Euro,10.789
National Average Price,2024 October,Pork sausages per kg,Euro,7.094
National Average Price,2024 October,Fresh fillet of whiting per kg,Euro,
National Average Price,2024 October,Fresh fillet of cod per kg,Euro,21.106
National Average Price,2024 October,Fresh salmon per kg,Euro,24.066
National Average Price,2024 October,Fresh fillet of plaice per kg,Euro,
National Average Price,2024 October,Fresh hake per kg,Euro,13.781
National Average Price,2024 October,Smoked salmon per kg,Euro,37.044
National Average Price,2024 October,Full fat milk per 2 litre,Euro,2.209
National Average Price,2024 October,Low fat milk per 1 litre,Euro,1.264
National Average Price,2024 October,Irish cheddar per kg,Euro,10.484
National Average Price,2024 October,Large eggs per half dozen,Euro,2.24
National Average Price,2024 October,Medium eggs per half dozen,Euro,1.782
National Average Price,2024 October,Butter per lb,Euro,4.225
National Average Price,2024 October,Grapes per kg,Euro,5.629
National Average Price,2024 October,Bananas per kg,Euro,1.744
National Average Price,2024 October,Tomatoes per kg,Euro,3.724
National Average Price,2024 October,Onions per kg,Euro,1.658
National Average Price,2024 October,Broccoli per kg,Euro,3.311
National Average Price,2024 October,Carrots per kg,Euro,1.401
National Average Price,2024 October,Mushrooms per kg,Euro,4.438
National Average Price,2024 October,Tomatoes tinned per 400g,Euro,1.115
National Average Price,2024 October,Potatoes 2.5 kg,Euro,4.013
National Average Price,2024 October,Potatoes 7.5 kg,Euro,7.535
National Average Price,2024 October,Potatoes 10 kg,Euro,
National Average Price,2024 October,White granulated sugar per 1 kg,Euro,1.878
National Average Price,2024 October,Jam per lb,Euro,1.064
National Average Price,2024 October,Marmalade per lb,Euro,2.126
National Average Price,2024 October,Tea bags per 80,Euro,3.259
National Average Price,2024 October,Orange juice per litre,Euro,1.783
National Average Price,2024 October,Whiskey - take home (70cl bottle),Euro,27.91
National Average Price,2024 October,Brandy - take home (70cl bottle),Euro,45.009
National Average Price,2024 October,Vodka - take home (70cl bottle),Euro,25.919
National Average Price,2024 October,Cream liqueur - take home (70cl bottle),Euro,18.965
National Average Price,2024 October,Wine - take home (75cl bottle),Euro,
National Average Price,2024 October,Cider - take home (50cl can),Euro,2.677
National Average Price,2024 October,Sherry - take home (75cl bottle),Euro,
National Average Price,2024 October,Lager - take home (50cl can),Euro,2.413
National Average Price,2024 October,Stout - take home (50cl can),Euro,2.58
National Average Price,2024 October,Filtered cigarettes per 20 pk,Euro,17.636
National Average Price,2024 October,Stout - draught bar (1 pint),Euro,5.815
National Average Price,2024 October,Lager - draught bar (1 pint),Euro,6.254
National Average Price,2024 October,Lager - bar (33cl bottle),Euro,5.807
National Average Price,2024 October,Cider - draught bar (1 pint),Euro,6.366
National Average Price,2024 October,Ale - draught bar (1 pint),Euro,5.85
National Average Price,2024 October,Cider - bar (33cl bottle),Euro,
National Average Price,2024 October,Flavoured alcoholic drink - bar (275ml bottle),Euro,6.498
National Average Price,2024 October,Whiskey - bar (single) per ½ glass,Euro,5.51
National Average Price,2024 October,Brandy - bar (single) per ½ glass,Euro,5.929
National Average Price,2024 October,Vodka - bar (single) per ½ glass,Euro,5.536
National Average Price,2024 October,Wine - bar (187ml bottle),Euro,
National Average Price,2024 October,Diesel per litre,Euro,1.637
National Average Price,2024 October,Petrol - unleaded per litre,Euro,1.698
National Average Price,2024 October,Cinema fee,Euro,11.223
National Average Price,2024 October,Nightclubs fee,Euro,
National Average Price,2024 October,Gent's dry cut fee,Euro,19.63
National Average Price,2024 October,"Gent's wash, cut, and blow dry fee",Euro,
National Average Price,2024 October,"Ladies' wash, cut and blow dry fee",Euro,54.096
National Average Price,2024 November,"White, self raising flour per 2 kg",Euro,2.472
National Average Price,2024 November,"Brown, wholemeal flour per 2 kg",Euro,3.17
National Average Price,2024 November,"Bread, white sliced pan, large (800g)",Euro,1.609
National Average Price,2024 November,"Bread, brown sliced pan, large (800g)",Euro,1.852
National Average Price,2024 November,Spaghetti per 500g,Euro,1.494
National Average Price,2024 November,Sirloin steak per kg,Euro,17.159
National Average Price,2024 November,Striploin steak per kg,Euro,23.397
National Average Price,2024 November,Roast beef - topside or rib per kg,Euro,12.813
National Average Price,2024 November,Sliced / diced beef pieces per kg,Euro,10.71
National Average Price,2024 November,Pork loin chops per kg,Euro,9.257
National Average Price,2024 November,Pork steak per kg,Euro,8.944
National Average Price,2024 November,Lamb - whole leg / half leg per kg,Euro,14.286
National Average Price,2024 November,Lamb loin chops per kg,Euro,23.025
National Average Price,2024 November,Lamb gigot chops per kg,Euro,
National Average Price,2024 November,Uncooked chicken medium size 1.6kg,Euro,5.854
National Average Price,2024 November,Lamb's liver per kg,Euro,6.393
National Average Price,2024 November,Ham fillet per kg,Euro,6.814
National Average Price,2024 November,Cooked ham per kg,Euro,20.356
National Average Price,2024 November,Best back rashers per kg,Euro,10.796
National Average Price,2024 November,Pork sausages per kg,Euro,7.112
National Average Price,2024 November,Fresh fillet of whiting per kg,Euro,
National Average Price,2024 November,Fresh fillet of cod per kg,Euro,21.535
National Average Price,2024 November,Fresh salmon per kg,Euro,23.789
National Average Price,2024 November,Fresh fillet of plaice per kg,Euro,
National Average Price,2024 November,Fresh hake per kg,Euro,13.769
National Average Price,2024 November,Smoked salmon per kg,Euro,36.882
National Average Price,2024 November,Full fat milk per 2 litre,Euro,2.306
National Average Price,2024 November,Low fat milk per 1 litre,Euro,1.317
National Average Price,2024 November,Irish cheddar per kg,Euro,10.689
National Average Price,2024 November,Large eggs per half dozen,Euro,2.239
National Average Price,2024 November,Medium eggs per half dozen,Euro,1.783
National Average Price,2024 November,Butter per lb,Euro,4.332
National Average Price,2024 November,Grapes per kg,Euro,5.771
National Average Price,2024 November,Bananas per kg,Euro,1.764
National Average Price,2024 November,Tomatoes per kg,Euro,3.696
National Average Price,2024 November,Onions per kg,Euro,1.638
National Average Price,2024 November,Broccoli per kg,Euro,3.387
National Average Price,2024 November,Carrots per kg,Euro,1.337
National Average Price,2024 November,Mushrooms per kg,Euro,4.36
National Average Price,2024 November,Tomatoes tinned per 400g,Euro,1.169
National Average Price,2024 November,Potatoes 2.5 kg,Euro,3.894
National Average Price,2024 November,Potatoes 7.5 kg,Euro,7.455
National Average Price,2024 November,Potatoes 10 kg,Euro,
National Average Price,2024 November,White granulated sugar per 1 kg,Euro,1.85
National Average Price,2024 November,Jam per lb,Euro,1.068
National Average Price,2024 November,Marmalade per lb,Euro,2.132
National Average Price,2024 November,Tea bags per 80,Euro,3.231
National Average Price,2024 November,Orange juice per litre,Euro,1.782
National Average Price,2024 November,Whiskey - take home (70cl bottle),Euro,26.399
National Average Price,2024 November,Brandy - take home (70cl bottle),Euro,41.372
National Average Price,2024 November,Vodka - take home (70cl bottle),Euro,25.359
National Average Price,2024 November,Cream liqueur - take home (70cl bottle),Euro,16.34
National Average Price,2024 November,Wine - take home (75cl bottle),Euro,
National Average Price,2024 November,Cider - take home (50cl can),Euro,2.678
National Average Price,2024 November,Sherry - take home (75cl bottle),Euro,
National Average Price,2024 November,Lager - take home (50cl can),Euro,2.417
National Average Price,2024 November,Stout - take home (50cl can),Euro,2.61
National Average Price,2024 November,Filtered cigarettes per 20 pk,Euro,17.672
National Average Price,2024 November,Stout - draught bar (1 pint),Euro,5.821
National Average Price,2024 November,Lager - draught bar (1 pint),Euro,6.256
National Average Price,2024 November,Lager - bar (33cl bottle),Euro,5.808
National Average Price,2024 November,Cider - draught bar (1 pint),Euro,6.358
National Average Price,2024 November,Ale - draught bar (1 pint),Euro,5.853
National Average Price,2024 November,Cider - bar (33cl bottle),Euro,
National Average Price,2024 November,Flavoured alcoholic drink - bar (275ml bottle),Euro,6.5
National Average Price,2024 November,Whiskey - bar (single) per ½ glass,Euro,5.515
National Average Price,2024 November,Brandy - bar (single) per ½ glass,Euro,5.929
National Average Price,2024 November,Vodka - bar (single) per ½ glass,Euro,5.535
National Average Price,2024 November,Wine - bar (187ml bottle),Euro,
National Average Price,2024 November,Diesel per litre,Euro,1.677
National Average Price,2024 November,Petrol - unleaded per litre,Euro,1.73
National Average Price,2024 November,Cinema fee,Euro,11.159
National Average Price,2024 November,Nightclubs fee,Euro,
National Average Price,2024 November,Gent's dry cut fee,Euro,19.691
National Average Price,2024 November,"Gent's wash, cut, and blow dry fee",Euro,
National Average Price,2024 November,"Ladies' wash, cut and blow dry fee",Euro,54.021
National Average Price,2024 December,"White, self raising flour per 2 kg",Euro,2.598
National Average Price,2024 December,"Brown, wholemeal flour per 2 kg",Euro,3.169
National Average Price,2024 December,"Bread, white sliced pan, large (800g)",Euro,1.63
National Average Price,2024 December,"Bread, brown sliced pan, large (800g)",Euro,1.851
National Average Price,2024 December,Spaghetti per 500g,Euro,1.519
National Average Price,2024 December,Sirloin steak per kg,Euro,17.055
National Average Price,2024 December,Striploin steak per kg,Euro,23.963
National Average Price,2024 December,Roast beef - topside or rib per kg,Euro,12.934
National Average Price,2024 December,Sliced / diced beef pieces per kg,Euro,10.901
National Average Price,2024 December,Pork loin chops per kg,Euro,8.549
National Average Price,2024 December,Pork steak per kg,Euro,9.102
National Average Price,2024 December,Lamb - whole leg / half leg per kg,Euro,14.532
National Average Price,2024 December,Lamb loin chops per kg,Euro,23.161
National Average Price,2024 December,Lamb gigot chops per kg,Euro,
National Average Price,2024 December,Uncooked chicken medium size 1.6kg,Euro,5.799
National Average Price,2024 December,Lamb's liver per kg,Euro,6.571
National Average Price,2024 December,Ham fillet per kg,Euro,6.887
National Average Price,2024 December,Cooked ham per kg,Euro,20.403
National Average Price,2024 December,Best back rashers per kg,Euro,10.845
National Average Price,2024 December,Pork sausages per kg,Euro,7.263
National Average Price,2024 December,Fresh fillet of whiting per kg,Euro,
National Average Price,2024 December,Fresh fillet of cod per kg,Euro,21.72
National Average Price,2024 December,Fresh salmon per kg,Euro,24.201
National Average Price,2024 December,Fresh fillet of plaice per kg,Euro,
National Average Price,2024 December,Fresh hake per kg,Euro,13.979
National Average Price,2024 December,Smoked salmon per kg,Euro,36.409
National Average Price,2024 December,Full fat milk per 2 litre,Euro,2.363
National Average Price,2024 December,Low fat milk per 1 litre,Euro,1.347
National Average Price,2024 December,Irish cheddar per kg,Euro,10.836
National Average Price,2024 December,Large eggs per half dozen,Euro,2.244
National Average Price,2024 December,Medium eggs per half dozen,Euro,1.783
National Average Price,2024 December,Butter per lb,Euro,4.346
National Average Price,2024 December,Grapes per kg,Euro,5.908
National Average Price,2024 December,Bananas per kg,Euro,1.768
National Average Price,2024 December,Tomatoes per kg,Euro,3.698
National Average Price,2024 December,Onions per kg,Euro,1.655
National Average Price,2024 December,Broccoli per kg,Euro,3.372
National Average Price,2024 December,Carrots per kg,Euro,1.342
National Average Price,2024 December,Mushrooms per kg,Euro,4.344
National Average Price,2024 December,Tomatoes tinned per 400g,Euro,1.15
National Average Price,2024 December,Potatoes 2.5 kg,Euro,3.897
National Average Price,2024 December,Potatoes 7.5 kg,Euro,7.375
National Average Price,2024 December,Potatoes 10 kg,Euro,
National Average Price,2024 December,White granulated sugar per 1 kg,Euro,1.831
National Average Price,2024 December,Jam per lb,Euro,1.049
National Average Price,2024 December,Marmalade per lb,Euro,2.098
National Average Price,2024 December,Tea bags per 80,Euro,3.235
National Average Price,2024 December,Orange juice per litre,Euro,1.74
National Average Price,2024 December,Whiskey - take home (70cl bottle),Euro,26.019
National Average Price,2024 December,Brandy - take home (70cl bottle),Euro,40.052
National Average Price,2024 December,Vodka - take home (70cl bottle),Euro,24.656
National Average Price,2024 December,Cream liqueur - take home (70cl bottle),Euro,15.067
National Average Price,2024 December,Wine - take home (75cl bottle),Euro,
National Average Price,2024 December,Cider - take home (50cl can),Euro,2.674
National Average Price,2024 December,Sherry - take home (75cl bottle),Euro,
National Average Price,2024 December,Lager - take home (50cl can),Euro,2.386
National Average Price,2024 December,Stout - take home (50cl can),Euro,2.618
National Average Price,2024 December,Filtered cigarettes per 20 pk,Euro,17.672
National Average Price,2024 December,Stout - draught bar (1 pint),Euro,5.821
National Average Price,2024 December,Lager - draught bar (1 pint),Euro,6.265
National Average Price,2024 December,Lager - bar (33cl bottle),Euro,5.814
National Average Price,2024 December,Cider - draught bar (1 pint),Euro,6.364
National Average Price,2024 December,Ale - draught bar (1 pint),Euro,5.853
National Average Price,2024 December,Cider - bar (33cl bottle),Euro,
National Average Price,2024 December,Flavoured alcoholic drink - bar (275ml bottle),Euro,6.5
National Average Price,2024 December,Whiskey - bar (single) per ½ glass,Euro,5.532
National Average Price,2024 December,Brandy - bar (single) per ½ glass,Euro,5.928
National Average Price,2024 December,Vodka - bar (single) per ½ glass,Euro,5.55
National Average Price,2024 December,Wine - bar (187ml bottle),Euro,
National Average Price,2024 December,Diesel per litre,Euro,1.713
National Average Price,2024 December,Petrol - unleaded per litre,Euro,1.75
National Average Price,2024 December,Cinema fee,Euro,11.061
National Average Price,2024 December,Nightclubs fee,Euro,
National Average Price,2024 December,Gent's dry cut fee,Euro,19.845
National Average Price,2024 December,"Gent's wash, cut, and blow dry fee",Euro,
National Average Price,2024 December,"Ladies' wash, cut and blow dry fee",Euro,54.132
National Average Price,2025 January,"White, self raising flour per 2 kg",Euro,2.609
National Average Price,2025 January,"Brown, wholemeal flour per 2 kg",Euro,3.169
National Average Price,2025 January,"Bread, white sliced pan, large (800g)",Euro,1.628
National Average Price,2025 January,"Bread, brown sliced pan, large (800g)",Euro,1.853
National Average Price,2025 January,Spaghetti per 500g,Euro,1.449
National Average Price,2025 January,Sirloin steak per kg,Euro,17.199
National Average Price,2025 January,Striploin steak per kg,Euro,24.032
National Average Price,2025 January,Roast beef - topside or rib per kg,Euro,12.892
National Average Price,2025 January,Sliced / diced beef pieces per kg,Euro,10.892
National Average Price,2025 January,Pork loin chops per kg,Euro,9.095
National Average Price,2025 January,Pork steak per kg,Euro,9.022
National Average Price,2025 January,Lamb - whole leg / half leg per kg,Euro,14.465
National Average Price,2025 January,Lamb loin chops per kg,Euro,23.1
National Average Price,2025 January,Lamb gigot chops per kg,Euro,
National Average Price,2025 January,Uncooked chicken medium size 1.6kg,Euro,5.808
National Average Price,2025 January,Lamb's liver per kg,Euro,6.569
National Average Price,2025 January,Ham fillet per kg,Euro,6.789
National Average Price,2025 January,Cooked ham per kg,Euro,20.297
National Average Price,2025 January,Best back rashers per kg,Euro,10.877
National Average Price,2025 January,Pork sausages per kg,Euro,7.183
National Average Price,2025 January,Fresh fillet of whiting per kg,Euro,
National Average Price,2025 January,Fresh fillet of cod per kg,Euro,21.206
National Average Price,2025 January,Fresh salmon per kg,Euro,24.47
National Average Price,2025 January,Fresh fillet of plaice per kg,Euro,
National Average Price,2025 January,Fresh hake per kg,Euro,13.838
National Average Price,2025 January,Smoked salmon per kg,Euro,37.591
National Average Price,2025 January,Full fat milk per 2 litre,Euro,2.364
National Average Price,2025 January,Low fat milk per 1 litre,Euro,1.348
National Average Price,2025 January,Irish cheddar per kg,Euro,10.819
National Average Price,2025 January,Large eggs per half dozen,Euro,2.247
National Average Price,2025 January,Medium eggs per half dozen,Euro,1.783
National Average Price,2025 January,Butter per lb,Euro,4.305
National Average Price,2025 January,Grapes per kg,Euro,5.804
National Average Price,2025 January,Bananas per kg,Euro,1.77
National Average Price,2025 January,Tomatoes per kg,Euro,3.651
National Average Price,2025 January,Onions per kg,Euro,1.705
National Average Price,2025 January,Broccoli per kg,Euro,3.34
National Average Price,2025 January,Carrots per kg,Euro,1.36
National Average Price,2025 January,Mushrooms per kg,Euro,4.365
National Average Price,2025 January,Tomatoes tinned per 400g,Euro,1.175
National Average Price,2025 January,Potatoes 2.5 kg,Euro,3.887
National Average Price,2025 January,Potatoes 7.5 kg,Euro,7.35
National Average Price,2025 January,Potatoes 10 kg,Euro,
National Average Price,2025 January,White granulated sugar per 1 kg,Euro,1.878
National Average Price,2025 January,Jam per lb,Euro,1.08
National Average Price,2025 January,Marmalade per lb,Euro,2.154
National Average Price,2025 January,Tea bags per 80,Euro,3.279
National Average Price,2025 January,Orange juice per litre,Euro,1.798
National Average Price,2025 January,Whiskey - take home (70cl bottle),Euro,28.479
National Average Price,2025 January,Brandy - take home (70cl bottle),Euro,43.44
National Average Price,2025 January,Vodka - take home (70cl bottle),Euro,25.739
National Average Price,2025 January,Cream liqueur - take home (70cl bottle),Euro,19.279
National Average Price,2025 January,Wine - take home (75cl bottle),Euro,
National Average Price,2025 January,Cider - take home (50cl can),Euro,2.693
National Average Price,2025 January,Sherry - take home (75cl bottle),Euro,
National Average Price,2025 January,Lager - take home (50cl can),Euro,2.398
National Average Price,2025 January,Stout - take home (50cl can),Euro,2.653
National Average Price,2025 January,Filtered cigarettes per 20 pk,Euro,17.672
National Average Price,2025 January,Stout - draught bar (1 pint),Euro,5.819
National Average Price,2025 January,Lager - draught bar (1 pint),Euro,6.269
National Average Price,2025 January,Lager - bar (33cl bottle),Euro,5.83
National Average Price,2025 January,Cider - draught bar (1 pint),Euro,6.375
National Average Price,2025 January,Ale - draught bar (1 pint),Euro,5.858
National Average Price,2025 January,Cider - bar (33cl bottle),Euro,
National Average Price,2025 January,Flavoured alcoholic drink - bar (275ml bottle),Euro,6.51
National Average Price,2025 January,Whiskey - bar (single) per ½ glass,Euro,5.55
National Average Price,2025 January,Brandy - bar (single) per ½ glass,Euro,5.948
National Average Price,2025 January,Vodka - bar (single) per ½ glass,Euro,5.561
National Average Price,2025 January,Wine - bar (187ml bottle),Euro,
National Average Price,2025 January,Diesel per litre,Euro,1.754
National Average Price,2025 January,Petrol - unleaded per litre,Euro,1.781
National Average Price,2025 January,Cinema fee,Euro,11.247
National Average Price,2025 January,Nightclubs fee,Euro,
National Average Price,2025 January,Gent's dry cut fee,Euro,19.88
National Average Price,2025 January,"Gent's wash, cut, and blow dry fee",Euro,
National Average Price,2025 January,"Ladies' wash, cut and blow dry fee",Euro,54.436
National Average Price,2025 February,"White, self raising flour per 2 kg",Euro,2.609
National Average Price,2025 February,"Brown, wholemeal flour per 2 kg",Euro,3.168
National Average Price,2025 February,"Bread, white sliced pan, large (800g)",Euro,1.635
National Average Price,2025 February,"Bread, brown sliced pan, large (800g)",Euro,1.852
National Average Price,2025 February,Spaghetti per 500g,Euro,1.467
National Average Price,2025 February,Sirloin steak per kg,Euro,17.393
National Average Price,2025 February,Striploin steak per kg,Euro,23.446
National Average Price,2025 February,Roast beef - topside or rib per kg,Euro,13.008
National Average Price,2025 February,Sliced / diced beef pieces per kg,Euro,10.882
National Average Price,2025 February,Pork loin chops per kg,Euro,9.278
National Average Price,2025 February,Pork steak per kg,Euro,8.976
National Average Price,2025 February,Lamb - whole leg / half leg per kg,Euro,14.881
National Average Price,2025 February,Lamb loin chops per kg,Euro,23.513
National Average Price,2025 February,Lamb gigot chops per kg,Euro,
National Average Price,2025 February,Uncooked chicken medium size 1.6kg,Euro,5.821
National Average Price,2025 February,Lamb's liver per kg,Euro,6.588
National Average Price,2025 February,Ham fillet per kg,Euro,6.869
National Average Price,2025 February,Cooked ham per kg,Euro,20.307
National Average Price,2025 February,Best back rashers per kg,Euro,10.918
National Average Price,2025 February,Pork sausages per kg,Euro,7.157
National Average Price,2025 February,Fresh fillet of whiting per kg,Euro,
National Average Price,2025 February,Fresh fillet of cod per kg,Euro,22.095
National Average Price,2025 February,Fresh salmon per kg,Euro,24.341
National Average Price,2025 February,Fresh fillet of plaice per kg,Euro,
National Average Price,2025 February,Fresh hake per kg,Euro,13.765
National Average Price,2025 February,Smoked salmon per kg,Euro,37.667
National Average Price,2025 February,Full fat milk per 2 litre,Euro,2.442
National Average Price,2025 February,Low fat milk per 1 litre,Euro,1.405
National Average Price,2025 February,Irish cheddar per kg,Euro,11.144
National Average Price,2025 February,Large eggs per half dozen,Euro,2.249
National Average Price,2025 February,Medium eggs per half dozen,Euro,1.782
National Average Price,2025 February,Butter per lb,Euro,4.429
National Average Price,2025 February,Grapes per kg,Euro,5.692
National Average Price,2025 February,Bananas per kg,Euro,1.794
National Average Price,2025 February,Tomatoes per kg,Euro,3.568
National Average Price,2025 February,Onions per kg,Euro,1.706
National Average Price,2025 February,Broccoli per kg,Euro,3.325
National Average Price,2025 February,Carrots per kg,Euro,1.353
National Average Price,2025 February,Mushrooms per kg,Euro,4.504
National Average Price,2025 February,Tomatoes tinned per 400g,Euro,1.18
National Average Price,2025 February,Potatoes 2.5 kg,Euro,3.851
National Average Price,2025 February,Potatoes 7.5 kg,Euro,7.287
National Average Price,2025 February,Potatoes 10 kg,Euro,
National Average Price,2025 February,White granulated sugar per 1 kg,Euro,1.86
National Average Price,2025 February,Jam per lb,Euro,1.069
National Average Price,2025 February,Marmalade per lb,Euro,2.038
National Average Price,2025 February,Tea bags per 80,Euro,3.248
National Average Price,2025 February,Orange juice per litre,Euro,1.858
National Average Price,2025 February,Whiskey - take home (70cl bottle),Euro,28.351
National Average Price,2025 February,Brandy - take home (70cl bottle),Euro,42.48
National Average Price,2025 February,Vodka - take home (70cl bottle),Euro,25.737
National Average Price,2025 February,Cream liqueur - take home (70cl bottle),Euro,17.269
National Average Price,2025 February,Wine - take home (75cl bottle),Euro,
National Average Price,2025 February,Cider - take home (50cl can),Euro,2.689
National Average Price,2025 February,Sherry - take home (75cl bottle),Euro,
National Average Price,2025 February,Lager - take home (50cl can),Euro,2.417
National Average Price,2025 February,Stout - take home (50cl can),Euro,2.631
National Average Price,2025 February,Filtered cigarettes per 20 pk,Euro,17.672
National Average Price,2025 February,Stout - draught bar (1 pint),Euro,5.93
National Average Price,2025 February,Lager - draught bar (1 pint),Euro,6.318
National Average Price,2025 February,Lager - bar (33cl bottle),Euro,5.868
National Average Price,2025 February,Cider - draught bar (1 pint),Euro,6.445
National Average Price,2025 February,Ale - draught bar (1 pint),Euro,5.944
National Average Price,2025 February,Cider - bar (33cl bottle),Euro,
National Average Price,2025 February,Flavoured alcoholic drink - bar (275ml bottle),Euro,6.529
National Average Price,2025 February,Whiskey - bar (single) per ½ glass,Euro,5.588
National Average Price,2025 February,Brandy - bar (single) per ½ glass,Euro,6.007
National Average Price,2025 February,Vodka - bar (single) per ½ glass,Euro,5.601
National Average Price,2025 February,Wine - bar (187ml bottle),Euro,
National Average Price,2025 February,Diesel per litre,Euro,1.788
National Average Price,2025 February,Petrol - unleaded per litre,Euro,1.808
National Average Price,2025 February,Cinema fee,Euro,11.37
National Average Price,2025 February,Nightclubs fee,Euro,
National Average Price,2025 February,Gent's dry cut fee,Euro,19.931
National Average Price,2025 February,"Gent's wash, cut, and blow dry fee",Euro,
National Average Price,2025 February,"Ladies' wash, cut and blow dry fee",Euro,54.497
National Average Price,2025 March,"White, self raising flour per 2 kg",Euro,2.535
National Average Price,2025 March,"Brown, wholemeal flour per 2 kg",Euro,3.16
National Average Price,2025 March,"Bread, white sliced pan, large (800g)",Euro,1.64
National Average Price,2025 March,"Bread, brown sliced pan, large (800g)",Euro,1.858
National Average Price,2025 March,Spaghetti per 500g,Euro,1.454
National Average Price,2025 March,Sirloin steak per kg,Euro,18.628
National Average Price,2025 March,Striploin steak per kg,Euro,24.812
National Average Price,2025 March,Roast beef - topside or rib per kg,Euro,13.194
National Average Price,2025 March,Sliced / diced beef pieces per kg,Euro,11.392
National Average Price,2025 March,Pork loin chops per kg,Euro,9.047
National Average Price,2025 March,Pork steak per kg,Euro,9.189
National Average Price,2025 March,Lamb - whole leg / half leg per kg,Euro,15.886
National Average Price,2025 March,Lamb loin chops per kg,Euro,24.078
National Average Price,2025 March,Lamb gigot chops per kg,Euro,
National Average Price,2025 March,Uncooked chicken medium size 1.6kg,Euro,5.796
National Average Price,2025 March,Lamb's liver per kg,Euro,6.993
National Average Price,2025 March,Ham fillet per kg,Euro,6.97
National Average Price,2025 March,Cooked ham per kg,Euro,19.943
National Average Price,2025 March,Best back rashers per kg,Euro,10.909
National Average Price,2025 March,Pork sausages per kg,Euro,7.262
National Average Price,2025 March,Fresh fillet of whiting per kg,Euro,
National Average Price,2025 March,Fresh fillet of cod per kg,Euro,22.64
National Average Price,2025 March,Fresh salmon per kg,Euro,24.309
National Average Price,2025 March,Fresh fillet of plaice per kg,Euro,
National Average Price,2025 March,Fresh hake per kg,Euro,13.88
National Average Price,2025 March,Smoked salmon per kg,Euro,37.756
National Average Price,2025 March,Full fat milk per 2 litre,Euro,2.456
National Average Price,2025 March,Low fat milk per 1 litre,Euro,1.414
National Average Price,2025 March,Irish cheddar per kg,Euro,10.96
National Average Price,2025 March,Large eggs per half dozen,Euro,2.241
National Average Price,2025 March,Medium eggs per half dozen,Euro,1.783
National Average Price,2025 March,Butter per lb,Euro,4.466
National Average Price,2025 March,Grapes per kg,Euro,5.707
National Average Price,2025 March,Bananas per kg,Euro,1.798
National Average Price,2025 March,Tomatoes per kg,Euro,3.587
National Average Price,2025 March,Onions per kg,Euro,1.712
National Average Price,2025 March,Broccoli per kg,Euro,3.425
National Average Price,2025 March,Carrots per kg,Euro,1.353
National Average Price,2025 March,Mushrooms per kg,Euro,4.483
National Average Price,2025 March,Tomatoes tinned per 400g,Euro,1.129
National Average Price,2025 March,Potatoes 2.5 kg,Euro,3.834
National Average Price,2025 March,Potatoes 7.5 kg,Euro,7.331
National Average Price,2025 March,Potatoes 10 kg,Euro,
National Average Price,2025 March,White granulated sugar per 1 kg,Euro,1.867
National Average Price,2025 March,Jam per lb,Euro,1.073
National Average Price,2025 March,Marmalade per lb,Euro,2.097
National Average Price,2025 March,Tea bags per 80,Euro,3.226
National Average Price,2025 March,Orange juice per litre,Euro,1.892
National Average Price,2025 March,Whiskey - take home (70cl bottle),Euro,26.84
National Average Price,2025 March,Brandy - take home (70cl bottle),Euro,42.648
National Average Price,2025 March,Vodka - take home (70cl bottle),Euro,25.2
National Average Price,2025 March,Cream liqueur - take home (70cl bottle),Euro,17.705
National Average Price,2025 March,Wine - take home (75cl bottle),Euro,
National Average Price,2025 March,Cider - take home (50cl can),Euro,2.69
National Average Price,2025 March,Sherry - take home (75cl bottle),Euro,
National Average Price,2025 March,Lager - take home (50cl can),Euro,2.393
National Average Price,2025 March,Stout - take home (50cl can),Euro,2.648
National Average Price,2025 March,Filtered cigarettes per 20 pk,Euro,17.925
National Average Price,2025 March,Stout - draught bar (1 pint),Euro,6.037
National Average Price,2025 March,Lager - draught bar (1 pint),Euro,6.442
National Average Price,2025 March,Lager - bar (33cl bottle),Euro,5.913
National Average Price,2025 March,Cider - draught bar (1 pint),Euro,6.566
National Average Price,2025 March,Ale - draught bar (1 pint),Euro,6.057
National Average Price,2025 March,Cider - bar (33cl bottle),Euro,
National Average Price,2025 March,Flavoured alcoholic drink - bar (275ml bottle),Euro,6.598
National Average Price,2025 March,Whiskey - bar (single) per ½ glass,Euro,5.646
National Average Price,2025 March,Brandy - bar (single) per ½ glass,Euro,6.089
National Average Price,2025 March,Vodka - bar (single) per ½ glass,Euro,5.658
National Average Price,2025 March,Wine - bar (187ml bottle),Euro,
National Average Price,2025 March,Diesel per litre,Euro,1.76
National Average Price,2025 March,Petrol - unleaded per litre,Euro,1.779
National Average Price,2025 March,Cinema fee,Euro,11
National Average Price,2025 March,Nightclubs fee,Euro,
National Average Price,2025 March,Gent's dry cut fee,Euro,20.063
National Average Price,2025 March,"Gent's wash, cut, and blow dry fee",Euro,
National Average Price,2025 March,"Ladies' wash, cut and blow dry fee",Euro,55.138
National Average Price,2025 April,"White, self raising flour per 2 kg",Euro,2.487
National Average Price,2025 April,"Brown, wholemeal flour per 2 kg",Euro,3.179
National Average Price,2025 April,"Bread, white sliced pan, large (800g)",Euro,1.635
National Average Price,2025 April,"Bread, brown sliced pan, large (800g)",Euro,1.867
National Average Price,2025 April,Spaghetti per 500g,Euro,1.477
National Average Price,2025 April,Sirloin steak per kg,Euro,19.48
National Average Price,2025 April,Striploin steak per kg,Euro,26.714
National Average Price,2025 April,Roast beef - topside or rib per kg,Euro,13.495
National Average Price,2025 April,Sliced / diced beef pieces per kg,Euro,11.876
National Average Price,2025 April,Pork loin chops per kg,Euro,9.652
National Average Price,2025 April,Pork steak per kg,Euro,9.115
National Average Price,2025 April,Lamb - whole leg / half leg per kg,Euro,16.032
National Average Price,2025 April,Lamb loin chops per kg,Euro,24.342
National Average Price,2025 April,Lamb gigot chops per kg,Euro,
National Average Price,2025 April,Uncooked chicken medium size 1.6kg,Euro,5.817
National Average Price,2025 April,Lamb's liver per kg,Euro,7.025
National Average Price,2025 April,Ham fillet per kg,Euro,7.002
National Average Price,2025 April,Cooked ham per kg,Euro,20.443
National Average Price,2025 April,Best back rashers per kg,Euro,11.009
National Average Price,2025 April,Pork sausages per kg,Euro,7.229
National Average Price,2025 April,Fresh fillet of whiting per kg,Euro,
National Average Price,2025 April,Fresh fillet of cod per kg,Euro,23.564
National Average Price,2025 April,Fresh salmon per kg,Euro,24.248
National Average Price,2025 April,Fresh fillet of plaice per kg,Euro,
National Average Price,2025 April,Fresh hake per kg,Euro,14.045
National Average Price,2025 April,Smoked salmon per kg,Euro,37.761
National Average Price,2025 April,Full fat milk per 2 litre,Euro,2.463
National Average Price,2025 April,Low fat milk per 1 litre,Euro,1.416
National Average Price,2025 April,Irish cheddar per kg,Euro,11.241
National Average Price,2025 April,Large eggs per half dozen,Euro,2.241
National Average Price,2025 April,Medium eggs per half dozen,Euro,1.786
National Average Price,2025 April,Butter per lb,Euro,4.692
National Average Price,2025 April,Grapes per kg,Euro,5.683
National Average Price,2025 April,Bananas per kg,Euro,1.829
National Average Price,2025 April,Tomatoes per kg,Euro,3.604
National Average Price,2025 April,Onions per kg,Euro,1.707
National Average Price,2025 April,Broccoli per kg,Euro,3.449
National Average Price,2025 April,Carrots per kg,Euro,1.368
National Average Price,2025 April,Mushrooms per kg,Euro,4.388
National Average Price,2025 April,Tomatoes tinned per 400g,Euro,1.196
National Average Price,2025 April,Potatoes 2.5 kg,Euro,3.826
National Average Price,2025 April,Potatoes 7.5 kg,Euro,7.339
National Average Price,2025 April,Potatoes 10 kg,Euro,
National Average Price,2025 April,White granulated sugar per 1 kg,Euro,1.798
National Average Price,2025 April,Jam per lb,Euro,1.054
National Average Price,2025 April,Marmalade per lb,Euro,2.119
National Average Price,2025 April,Tea bags per 80,Euro,3.295
National Average Price,2025 April,Orange juice per litre,Euro,1.901
National Average Price,2025 April,Whiskey - take home (70cl bottle),Euro,27.243
National Average Price,2025 April,Brandy - take home (70cl bottle),Euro,43.472
National Average Price,2025 April,Vodka - take home (70cl bottle),Euro,25.212
National Average Price,2025 April,Cream liqueur - take home (70cl bottle),Euro,17.22
National Average Price,2025 April,Wine - take home (75cl bottle),Euro,
National Average Price,2025 April,Cider - take home (50cl can),Euro,2.692
National Average Price,2025 April,Sherry - take home (75cl bottle),Euro,
National Average Price,2025 April,Lager - take home (50cl can),Euro,2.412
National Average Price,2025 April,Stout - take home (50cl can),Euro,2.684
National Average Price,2025 April,Filtered cigarettes per 20 pk,Euro,17.994
National Average Price,2025 April,Stout - draught bar (1 pint),Euro,6.058
National Average Price,2025 April,Lager - draught bar (1 pint),Euro,6.478
National Average Price,2025 April,Lager - bar (33cl bottle),Euro,5.925
National Average Price,2025 April,Cider - draught bar (1 pint),Euro,6.577
National Average Price,2025 April,Ale - draught bar (1 pint),Euro,6.076
National Average Price,2025 April,Cider - bar (33cl bottle),Euro,
National Average Price,2025 April,Flavoured alcoholic drink - bar (275ml bottle),Euro,6.606
National Average Price,2025 April,Whiskey - bar (single) per ½ glass,Euro,5.666
National Average Price,2025 April,Brandy - bar (single) per ½ glass,Euro,6.096
National Average Price,2025 April,Vodka - bar (single) per ½ glass,Euro,5.684
National Average Price,2025 April,Wine - bar (187ml bottle),Euro,
National Average Price,2025 April,Diesel per litre,Euro,1.718
National Average Price,2025 April,Petrol - unleaded per litre,Euro,1.746
National Average Price,2025 April,Cinema fee,Euro,11.435
National Average Price,2025 April,Nightclubs fee,Euro,
National Average Price,2025 April,Gent's dry cut fee,Euro,20.052
National Average Price,2025 April,"Gent's wash, cut, and blow dry fee",Euro,
National Average Price,2025 April,"Ladies' wash, cut and blow dry fee",Euro,55.215
National Average Price,2025 May,"White, self raising flour per 2 kg",Euro,2.624
National Average Price,2025 May,"Brown, wholemeal flour per 2 kg",Euro,3.186
National Average Price,2025 May,"Bread, white sliced pan, large (800g)",Euro,1.669
National Average Price,2025 May,"Bread, brown sliced pan, large (800g)",Euro,1.866
National Average Price,2025 May,Spaghetti per 500g,Euro,1.468
National Average Price,2025 May,Sirloin steak per kg,Euro,21.274
National Average Price,2025 May,Striploin steak per kg,Euro,28.406
National Average Price,2025 May,Roast beef - topside or rib per kg,Euro,14.33
National Average Price,2025 May,Sliced / diced beef pieces per kg,Euro,12.764
National Average Price,2025 May,Pork loin chops per kg,Euro,9.252
National Average Price,2025 May,Pork steak per kg,Euro,9.065
National Average Price,2025 May,Lamb - whole leg / half leg per kg,Euro,16.756
National Average Price,2025 May,Lamb loin chops per kg,Euro,24.762
National Average Price,2025 May,Lamb gigot chops per kg,Euro,
National Average Price,2025 May,Uncooked chicken medium size 1.6kg,Euro,5.781
National Average Price,2025 May,Lamb's liver per kg,Euro,7.025
National Average Price,2025 May,Ham fillet per kg,Euro,7.019
National Average Price,2025 May,Cooked ham per kg,Euro,20.226
National Average Price,2025 May,Best back rashers per kg,Euro,11.108
National Average Price,2025 May,Pork sausages per kg,Euro,7.318
National Average Price,2025 May,Fresh fillet of whiting per kg,Euro,
National Average Price,2025 May,Fresh fillet of cod per kg,Euro,25.282
National Average Price,2025 May,Fresh salmon per kg,Euro,24.239
National Average Price,2025 May,Fresh fillet of plaice per kg,Euro,
National Average Price,2025 May,Fresh hake per kg,Euro,13.964
National Average Price,2025 May,Smoked salmon per kg,Euro,38.015
National Average Price,2025 May,Full fat milk per 2 litre,Euro,2.463
National Average Price,2025 May,Low fat milk per 1 litre,Euro,1.416
National Average Price,2025 May,Irish cheddar per kg,Euro,11.168
National Average Price,2025 May,Large eggs per half dozen,Euro,2.246
National Average Price,2025 May,Medium eggs per half dozen,Euro,1.791
National Average Price,2025 May,Butter per lb,Euro,4.742
National Average Price,2025 May,Grapes per kg,Euro,5.663
National Average Price,2025 May,Bananas per kg,Euro,1.885
National Average Price,2025 May,Tomatoes per kg,Euro,3.698
National Average Price,2025 May,Onions per kg,Euro,1.698
National Average Price,2025 May,Broccoli per kg,Euro,3.457
National Average Price,2025 May,Carrots per kg,Euro,1.388
National Average Price,2025 May,Mushrooms per kg,Euro,4.379
National Average Price,2025 May,Tomatoes tinned per 400g,Euro,1.202
National Average Price,2025 May,Potatoes 2.5 kg,Euro,3.786
National Average Price,2025 May,Potatoes 7.5 kg,Euro,7.203
National Average Price,2025 May,Potatoes 10 kg,Euro,
National Average Price,2025 May,White granulated sugar per 1 kg,Euro,1.873
National Average Price,2025 May,Jam per lb,Euro,1.047
National Average Price,2025 May,Marmalade per lb,Euro,2.083
National Average Price,2025 May,Tea bags per 80,Euro,3.339
National Average Price,2025 May,Orange juice per litre,Euro,1.92
National Average Price,2025 May,Whiskey - take home (70cl bottle),Euro,28.108
National Average Price,2025 May,Brandy - take home (70cl bottle),Euro,44.709
National Average Price,2025 May,Vodka - take home (70cl bottle),Euro,25.545
National Average Price,2025 May,Cream liqueur - take home (70cl bottle),Euro,19.322
National Average Price,2025 May,Wine - take home (75cl bottle),Euro,
National Average Price,2025 May,Cider - take home (50cl can),Euro,2.666
National Average Price,2025 May,Sherry - take home (75cl bottle),Euro,
National Average Price,2025 May,Lager - take home (50cl can),Euro,2.408
National Average Price,2025 May,Stout - take home (50cl can),Euro,2.682
National Average Price,2025 May,Filtered cigarettes per 20 pk,Euro,18.046
National Average Price,2025 May,Stout - draught bar (1 pint),Euro,6.063
National Average Price,2025 May,Lager - draught bar (1 pint),Euro,6.483
National Average Price,2025 May,Lager - bar (33cl bottle),Euro,5.937
National Average Price,2025 May,Cider - draught bar (1 pint),Euro,6.593
National Average Price,2025 May,Ale - draught bar (1 pint),Euro,6.079
National Average Price,2025 May,Cider - bar (33cl bottle),Euro,
National Average Price,2025 May,Flavoured alcoholic drink - bar (275ml bottle),Euro,6.608
National Average Price,2025 May,Whiskey - bar (single) per ½ glass,Euro,5.669
National Average Price,2025 May,Brandy - bar (single) per ½ glass,Euro,6.096
National Average Price,2025 May,Vodka - bar (single) per ½ glass,Euro,5.687
National Average Price,2025 May,Wine - bar (187ml bottle),Euro,
National Average Price,2025 May,Diesel per litre,Euro,1.658
National Average Price,2025 May,Petrol - unleaded per litre,Euro,1.698
National Average Price,2025 May,Cinema fee,Euro,11.368
National Average Price,2025 May,Nightclubs fee,Euro,
National Average Price,2025 May,Gent's dry cut fee,Euro,20.095
National Average Price,2025 May,"Gent's wash, cut, and blow dry fee",Euro,
National Average Price,2025 May,"Ladies' wash, cut and blow dry fee",Euro,55.337
National Average Price,2025 June,"White, self raising flour per 2 kg",Euro,2.627
National Average Price,2025 June,"Brown, wholemeal flour per 2 kg",Euro,3.184
National Average Price,2025 June,"Bread, white sliced pan, large (800g)",Euro,1.671
National Average Price,2025 June,"Bread, brown sliced pan, large (800g)",Euro,1.885
National Average Price,2025 June,Spaghetti per 500g,Euro,1.45
National Average Price,2025 June,Sirloin steak per kg,Euro,22.119
National Average Price,2025 June,Striploin steak per kg,Euro,28.636
National Average Price,2025 June,Roast beef - topside or rib per kg,Euro,15.207
National Average Price,2025 June,Sliced / diced beef pieces per kg,Euro,13.264
National Average Price,2025 June,Pork loin chops per kg,Euro,9.417
National Average Price,2025 June,Pork steak per kg,Euro,9.247
National Average Price,2025 June,Lamb - whole leg / half leg per kg,Euro,17.771
National Average Price,2025 June,Lamb loin chops per kg,Euro,24.864
National Average Price,2025 June,Lamb gigot chops per kg,Euro,
National Average Price,2025 June,Uncooked chicken medium size 1.6kg,Euro,5.91
National Average Price,2025 June,Lamb's liver per kg,Euro,7.09
National Average Price,2025 June,Ham fillet per kg,Euro,6.991
National Average Price,2025 June,Cooked ham per kg,Euro,20.372
National Average Price,2025 June,Best back rashers per kg,Euro,10.988
National Average Price,2025 June,Pork sausages per kg,Euro,7.346
National Average Price,2025 June,Fresh fillet of whiting per kg,Euro,
National Average Price,2025 June,Fresh fillet of cod per kg,Euro,23.033
National Average Price,2025 June,Fresh salmon per kg,Euro,24.319
National Average Price,2025 June,Fresh fillet of plaice per kg,Euro,
National Average Price,2025 June,Fresh hake per kg,Euro,14.534
National Average Price,2025 June,Smoked salmon per kg,Euro,37.865
National Average Price,2025 June,Full fat milk per 2 litre,Euro,2.466
National Average Price,2025 June,Low fat milk per 1 litre,Euro,1.417
National Average Price,2025 June,Irish cheddar per kg,Euro,11.338
National Average Price,2025 June,Large eggs per half dozen,Euro,2.245
National Average Price,2025 June,Medium eggs per half dozen,Euro,1.793
National Average Price,2025 June,Butter per lb,Euro,4.832
National Average Price,2025 June,Grapes per kg,Euro,5.637
National Average Price,2025 June,Bananas per kg,Euro,1.896
National Average Price,2025 June,Tomatoes per kg,Euro,3.599
National Average Price,2025 June,Onions per kg,Euro,1.702
National Average Price,2025 June,Broccoli per kg,Euro,3.528
National Average Price,2025 June,Carrots per kg,Euro,1.381
National Average Price,2025 June,Mushrooms per kg,Euro,4.494
National Average Price,2025 June,Tomatoes tinned per 400g,Euro,1.184
National Average Price,2025 June,Potatoes 2.5 kg,Euro,3.812
National Average Price,2025 June,Potatoes 7.5 kg,Euro,7.203
National Average Price,2025 June,Potatoes 10 kg,Euro,
National Average Price,2025 June,White granulated sugar per 1 kg,Euro,1.806
National Average Price,2025 June,Jam per lb,Euro,1.059
National Average Price,2025 June,Marmalade per lb,Euro,2.157
National Average Price,2025 June,Tea bags per 80,Euro,3.325
National Average Price,2025 June,Orange juice per litre,Euro,1.95
National Average Price,2025 June,Whiskey - take home (70cl bottle),Euro,27.019
National Average Price,2025 June,Brandy - take home (70cl bottle),Euro,44.469
National Average Price,2025 June,Vodka - take home (70cl bottle),Euro,25.04
National Average Price,2025 June,Cream liqueur - take home (70cl bottle),Euro,18.589
National Average Price,2025 June,Wine - take home (75cl bottle),Euro,
National Average Price,2025 June,Cider - take home (50cl can),Euro,2.706
National Average Price,2025 June,Sherry - take home (75cl bottle),Euro,
National Average Price,2025 June,Lager - take home (50cl can),Euro,2.413
National Average Price,2025 June,Stout - take home (50cl can),Euro,2.647
National Average Price,2025 June,Filtered cigarettes per 20 pk,Euro,18.06
National Average Price,2025 June,Stout - draught bar (1 pint),Euro,6.065
National Average Price,2025 June,Lager - draught bar (1 pint),Euro,6.49
National Average Price,2025 June,Lager - bar (33cl bottle),Euro,5.946
National Average Price,2025 June,Cider - draught bar (1 pint),Euro,6.602
National Average Price,2025 June,Ale - draught bar (1 pint),Euro,6.079
National Average Price,2025 June,Cider - bar (33cl bottle),Euro,
National Average Price,2025 June,Flavoured alcoholic drink - bar (275ml bottle),Euro,6.612
National Average Price,2025 June,Whiskey - bar (single) per ½ glass,Euro,5.657
National Average Price,2025 June,Brandy - bar (single) per ½ glass,Euro,6.1
National Average Price,2025 June,Vodka - bar (single) per ½ glass,Euro,5.693
National Average Price,2025 June,Wine - bar (187ml bottle),Euro,
National Average Price,2025 June,Diesel per litre,Euro,1.65
National Average Price,2025 June,Petrol - unleaded per litre,Euro,1.694
National Average Price,2025 June,Cinema fee,Euro,11.15
National Average Price,2025 June,Nightclubs fee,Euro,
National Average Price,2025 June,Gent's dry cut fee,Euro,20.095
National Average Price,2025 June,"Gent's wash, cut, and blow dry fee",Euro,
National Average Price,2025 June,"Ladies' wash, cut and blow dry fee",Euro,55.342
National Average Price,2025 July,"White, self raising flour per 2 kg",Euro,2.633
National Average Price,2025 July,"Brown, wholemeal flour per 2 kg",Euro,3.213
National Average Price,2025 July,"Bread, white sliced pan, large (800g)",Euro,1.672
National Average Price,2025 July,"Bread, brown sliced pan, large (800g)",Euro,1.873
National Average Price,2025 July,Spaghetti per 500g,Euro,1.477
National Average Price,2025 July,Sirloin steak per kg,Euro,21.95
National Average Price,2025 July,Striploin steak per kg,Euro,28.988
National Average Price,2025 July,Roast beef - topside or rib per kg,Euro,15.647
National Average Price,2025 July,Sliced / diced beef pieces per kg,Euro,13.398
National Average Price,2025 July,Pork loin chops per kg,Euro,9.409
National Average Price,2025 July,Pork steak per kg,Euro,9.223
National Average Price,2025 July,Lamb - whole leg / half leg per kg,Euro,17.703
National Average Price,2025 July,Lamb loin chops per kg,Euro,25.042
National Average Price,2025 July,Lamb gigot chops per kg,Euro,
National Average Price,2025 July,Uncooked chicken medium size 1.6kg,Euro,5.938
National Average Price,2025 July,Lamb's liver per kg,Euro,7.145
National Average Price,2025 July,Ham fillet per kg,Euro,6.972
National Average Price,2025 July,Cooked ham per kg,Euro,20.089
National Average Price,2025 July,Best back rashers per kg,Euro,11.212
National Average Price,2025 July,Pork sausages per kg,Euro,7.329
National Average Price,2025 July,Fresh fillet of whiting per kg,Euro,
National Average Price,2025 July,Fresh fillet of cod per kg,Euro,25.269
National Average Price,2025 July,Fresh salmon per kg,Euro,24.27
National Average Price,2025 July,Fresh fillet of plaice per kg,Euro,
National Average Price,2025 July,Fresh hake per kg,Euro,14.805
National Average Price,2025 July,Smoked salmon per kg,Euro,37.849
National Average Price,2025 July,Full fat milk per 2 litre,Euro,2.466
National Average Price,2025 July,Low fat milk per 1 litre,Euro,1.417
National Average Price,2025 July,Irish cheddar per kg,Euro,11.188
National Average Price,2025 July,Large eggs per half dozen,Euro,2.246
National Average Price,2025 July,Medium eggs per half dozen,Euro,1.793
National Average Price,2025 July,Butter per lb,Euro,4.87
National Average Price,2025 July,Grapes per kg,Euro,5.642
National Average Price,2025 July,Bananas per kg,Euro,1.92
National Average Price,2025 July,Tomatoes per kg,Euro,3.707
National Average Price,2025 July,Onions per kg,Euro,1.712
National Average Price,2025 July,Broccoli per kg,Euro,3.438
National Average Price,2025 July,Carrots per kg,Euro,1.364
National Average Price,2025 July,Mushrooms per kg,Euro,4.435
National Average Price,2025 July,Tomatoes tinned per 400g,Euro,1.166
National Average Price,2025 July,Potatoes 2.5 kg,Euro,3.761
National Average Price,2025 July,Potatoes 7.5 kg,Euro,7.194
National Average Price,2025 July,Potatoes 10 kg,Euro,
National Average Price,2025 July,White granulated sugar per 1 kg,Euro,1.809
National Average Price,2025 July,Jam per lb,Euro,1.077
National Average Price,2025 July,Marmalade per lb,Euro,2.174
National Average Price,2025 July,Tea bags per 80,Euro,3.266
National Average Price,2025 July,Orange juice per litre,Euro,1.954
National Average Price,2025 July,Whiskey - take home (70cl bottle),Euro,27.467
National Average Price,2025 July,Brandy - take home (70cl bottle),Euro,43.515
National Average Price,2025 July,Vodka - take home (70cl bottle),Euro,25.08
National Average Price,2025 July,Cream liqueur - take home (70cl bottle),Euro,19.317
National Average Price,2025 July,Wine - take home (75cl bottle),Euro,
National Average Price,2025 July,Cider - take home (50cl can),Euro,2.699
National Average Price,2025 July,Sherry - take home (75cl bottle),Euro,
National Average Price,2025 July,Lager - take home (50cl can),Euro,2.426
National Average Price,2025 July,Stout - take home (50cl can),Euro,2.643
National Average Price,2025 July,Filtered cigarettes per 20 pk,Euro,18.065
National Average Price,2025 July,Stout - draught bar (1 pint),Euro,6.064
National Average Price,2025 July,Lager - draught bar (1 pint),Euro,6.496
National Average Price,2025 July,Lager - bar (33cl bottle),Euro,5.961
National Average Price,2025 July,Cider - draught bar (1 pint),Euro,6.609
National Average Price,2025 July,Ale - draught bar (1 pint),Euro,6.08
National Average Price,2025 July,Cider - bar (33cl bottle),Euro,
National Average Price,2025 July,Flavoured alcoholic drink - bar (275ml bottle),Euro,6.612
National Average Price,2025 July,Whiskey - bar (single) per ½ glass,Euro,5.663
National Average Price,2025 July,Brandy - bar (single) per ½ glass,Euro,6.113
National Average Price,2025 July,Vodka - bar (single) per ½ glass,Euro,5.698
National Average Price,2025 July,Wine - bar (187ml bottle),Euro,
National Average Price,2025 July,Diesel per litre,Euro,1.701
National Average Price,2025 July,Petrol - unleaded per litre,Euro,1.722
National Average Price,2025 July,Cinema fee,Euro,11.304
National Average Price,2025 July,Nightclubs fee,Euro,
National Average Price,2025 July,Gent's dry cut fee,Euro,20.12
National Average Price,2025 July,"Gent's wash, cut, and blow dry fee",Euro,
National Average Price,2025 July,"Ladies' wash, cut and blow dry fee",Euro,55.565
National Average Price,2025 August,"White, self raising flour per 2 kg",Euro,2.629
National Average Price,2025 August,"Brown, wholemeal flour per 2 kg",Euro,3.204
National Average Price,2025 August,"Bread, white sliced pan, large (800g)",Euro,1.675
National Average Price,2025 August,"Bread, brown sliced pan, large (800g)",Euro,1.865
National Average Price,2025 August,Spaghetti per 500g,Euro,1.471
National Average Price,2025 August,Sirloin steak per kg,Euro,22.171
National Average Price,2025 August,Striploin steak per kg,Euro,29.009
National Average Price,2025 August,Roast beef - topside or rib per kg,Euro,15.601
National Average Price,2025 August,Sliced / diced beef pieces per kg,Euro,13.342
National Average Price,2025 August,Pork loin chops per kg,Euro,9.857
National Average Price,2025 August,Pork steak per kg,Euro,9.251
National Average Price,2025 August,Lamb - whole leg / half leg per kg,Euro,17.609
National Average Price,2025 August,Lamb loin chops per kg,Euro,24.949
National Average Price,2025 August,Lamb gigot chops per kg,Euro,
National Average Price,2025 August,Uncooked chicken medium size 1.6kg,Euro,5.965
National Average Price,2025 August,Lamb's liver per kg,Euro,7.151
National Average Price,2025 August,Ham fillet per kg,Euro,6.911
National Average Price,2025 August,Cooked ham per kg,Euro,20.635
National Average Price,2025 August,Best back rashers per kg,Euro,11.054
National Average Price,2025 August,Pork sausages per kg,Euro,7.344
National Average Price,2025 August,Fresh fillet of whiting per kg,Euro,
National Average Price,2025 August,Fresh fillet of cod per kg,Euro,24.898
National Average Price,2025 August,Fresh salmon per kg,Euro,24.294
National Average Price,2025 August,Fresh fillet of plaice per kg,Euro,
National Average Price,2025 August,Fresh hake per kg,Euro,14.71
National Average Price,2025 August,Smoked salmon per kg,Euro,37.843
National Average Price,2025 August,Full fat milk per 2 litre,Euro,2.466
National Average Price,2025 August,Low fat milk per 1 litre,Euro,1.417
National Average Price,2025 August,Irish cheddar per kg,Euro,11.43
National Average Price,2025 August,Large eggs per half dozen,Euro,2.307
National Average Price,2025 August,Medium eggs per half dozen,Euro,1.846
National Average Price,2025 August,Butter per lb,Euro,4.854
National Average Price,2025 August,Grapes per kg,Euro,5.684
National Average Price,2025 August,Bananas per kg,Euro,1.906
National Average Price,2025 August,Tomatoes per kg,Euro,3.679
National Average Price,2025 August,Onions per kg,Euro,1.731
National Average Price,2025 August,Broccoli per kg,Euro,3.503
National Average Price,2025 August,Carrots per kg,Euro,1.392
National Average Price,2025 August,Mushrooms per kg,Euro,4.456
National Average Price,2025 August,Tomatoes tinned per 400g,Euro,1.196
National Average Price,2025 August,Potatoes 2.5 kg,Euro,3.714
National Average Price,2025 August,Potatoes 7.5 kg,Euro,7.164
National Average Price,2025 August,Potatoes 10 kg,Euro,
National Average Price,2025 August,White granulated sugar per 1 kg,Euro,1.829
National Average Price,2025 August,Jam per lb,Euro,1.057
National Average Price,2025 August,Marmalade per lb,Euro,2.06
National Average Price,2025 August,Tea bags per 80,Euro,3.355
National Average Price,2025 August,Orange juice per litre,Euro,1.942
National Average Price,2025 August,Whiskey - take home (70cl bottle),Euro,27.94
National Average Price,2025 August,Brandy - take home (70cl bottle),Euro,44.154
National Average Price,2025 August,Vodka - take home (70cl bottle),Euro,25.222
National Average Price,2025 August,Cream liqueur - take home (70cl bottle),Euro,19.311
National Average Price,2025 August,Wine - take home (75cl bottle),Euro,
National Average Price,2025 August,Cider - take home (50cl can),Euro,2.7
National Average Price,2025 August,Sherry - take home (75cl bottle),Euro,
National Average Price,2025 August,Lager - take home (50cl can),Euro,2.421
National Average Price,2025 August,Stout - take home (50cl can),Euro,2.668
National Average Price,2025 August,Filtered cigarettes per 20 pk,Euro,18.065
National Average Price,2025 August,Stout - draught bar (1 pint),Euro,6.066
National Average Price,2025 August,Lager - draught bar (1 pint),Euro,6.5
National Average Price,2025 August,Lager - bar (33cl bottle),Euro,5.962
National Average Price,2025 August,Cider - draught bar (1 pint),Euro,6.615
National Average Price,2025 August,Ale - draught bar (1 pint),Euro,6.082
National Average Price,2025 August,Cider - bar (33cl bottle),Euro,
National Average Price,2025 August,Flavoured alcoholic drink - bar (275ml bottle),Euro,6.617
National Average Price,2025 August,Whiskey - bar (single) per ½ glass,Euro,5.67
National Average Price,2025 August,Brandy - bar (single) per ½ glass,Euro,6.122
National Average Price,2025 August,Vodka - bar (single) per ½ glass,Euro,5.704
National Average Price,2025 August,Wine - bar (187ml bottle),Euro,
National Average Price,2025 August,Diesel per litre,Euro,1.699
National Average Price,2025 August,Petrol - unleaded per litre,Euro,1.716
National Average Price,2025 August,Cinema fee,Euro,11.12
National Average Price,2025 August,Nightclubs fee,Euro,
National Average Price,2025 August,Gent's dry cut fee,Euro,20.239
National Average Price,2025 August,"Gent's wash, cut, and blow dry fee",Euro,
National Average Price,2025 August,"Ladies' wash, cut and blow dry fee",Euro,55.805
National Average Price,2025 September,"White, self raising flour per 2 kg",Euro,2.614
National Average Price,2025 September,"Brown, wholemeal flour per 2 kg",Euro,3.202
National Average Price,2025 September,"Bread, white sliced pan, large (800g)",Euro,1.663
National Average Price,2025 September,"Bread, brown sliced pan, large (800g)",Euro,1.877
National Average Price,2025 September,Spaghetti per 500g,Euro,1.48
National Average Price,2025 September,Sirloin steak per kg,Euro,22.042
National Average Price,2025 September,Striploin steak per kg,Euro,29.043
National Average Price,2025 September,Roast beef - topside or rib per kg,Euro,15.914
National Average Price,2025 September,Sliced / diced beef pieces per kg,Euro,13.565
National Average Price,2025 September,Pork loin chops per kg,Euro,10.128
National Average Price,2025 September,Pork steak per kg,Euro,9.428
National Average Price,2025 September,Lamb - whole leg / half leg per kg,Euro,17.412
National Average Price,2025 September,Lamb loin chops per kg,Euro,24.754
National Average Price,2025 September,Lamb gigot chops per kg,Euro,
National Average Price,2025 September,Uncooked chicken medium size 1.6kg,Euro,5.979
National Average Price,2025 September,Lamb's liver per kg,Euro,7.238
National Average Price,2025 September,Ham fillet per kg,Euro,6.929
National Average Price,2025 September,Cooked ham per kg,Euro,20.271
National Average Price,2025 September,Best back rashers per kg,Euro,11.1
National Average Price,2025 September,Pork sausages per kg,Euro,7.307
National Average Price,2025 September,Fresh fillet of whiting per kg,Euro,
National Average Price,2025 September,Fresh fillet of cod per kg,Euro,25.176
National Average Price,2025 September,Fresh salmon per kg,Euro,24.184
National Average Price,2025 September,Fresh fillet of plaice per kg,Euro,
National Average Price,2025 September,Fresh hake per kg,Euro,14.456
National Average Price,2025 September,Smoked salmon per kg,Euro,37.883
National Average Price,2025 September,Full fat milk per 2 litre,Euro,2.466
National Average Price,2025 September,Low fat milk per 1 litre,Euro,1.417
National Average Price,2025 September,Irish cheddar per kg,Euro,11.206
National Average Price,2025 September,Large eggs per half dozen,Euro,2.338
National Average Price,2025 September,Medium eggs per half dozen,Euro,1.875
National Average Price,2025 September,Butter per lb,Euro,4.813
National Average Price,2025 September,Grapes per kg,Euro,5.603
National Average Price,2025 September,Bananas per kg,Euro,1.916
National Average Price,2025 September,Tomatoes per kg,Euro,3.686
National Average Price,2025 September,Onions per kg,Euro,1.732
National Average Price,2025 September,Broccoli per kg,Euro,3.433
National Average Price,2025 September,Carrots per kg,Euro,1.372
National Average Price,2025 September,Mushrooms per kg,Euro,4.448
National Average Price,2025 September,Tomatoes tinned per 400g,Euro,1.185
National Average Price,2025 September,Potatoes 2.5 kg,Euro,3.655
National Average Price,2025 September,Potatoes 7.5 kg,Euro,7.206
National Average Price,2025 September,Potatoes 10 kg,Euro,
National Average Price,2025 September,White granulated sugar per 1 kg,Euro,1.838
National Average Price,2025 September,Jam per lb,Euro,1.062
National Average Price,2025 September,Marmalade per lb,Euro,2.143
National Average Price,2025 September,Tea bags per 80,Euro,3.353
National Average Price,2025 September,Orange juice per litre,Euro,1.936
National Average Price,2025 September,Whiskey - take home (70cl bottle),Euro,27.846
National Average Price,2025 September,Brandy - take home (70cl bottle),Euro,44.406
National Average Price,2025 September,Vodka - take home (70cl bottle),Euro,25.984
National Average Price,2025 September,Cream liqueur - take home (70cl bottle),Euro,20.066
National Average Price,2025 September,Wine - take home (75cl bottle),Euro,
National Average Price,2025 September,Cider - take home (50cl can),Euro,2.725
National Average Price,2025 September,Sherry - take home (75cl bottle),Euro,
National Average Price,2025 September,Lager - take home (50cl can),Euro,2.428
National Average Price,2025 September,Stout - take home (50cl can),Euro,2.646
National Average Price,2025 September,Filtered cigarettes per 20 pk,Euro,18.044
National Average Price,2025 September,Stout - draught bar (1 pint),Euro,6.066
National Average Price,2025 September,Lager - draught bar (1 pint),Euro,6.5
National Average Price,2025 September,Lager - bar (33cl bottle),Euro,5.956
National Average Price,2025 September,Cider - draught bar (1 pint),Euro,6.615
National Average Price,2025 September,Ale - draught bar (1 pint),Euro,6.081
National Average Price,2025 September,Cider - bar (33cl bottle),Euro,
National Average Price,2025 September,Flavoured alcoholic drink - bar (275ml bottle),Euro,6.619
National Average Price,2025 September,Whiskey - bar (single) per ½ glass,Euro,5.674
National Average Price,2025 September,Brandy - bar (single) per ½ glass,Euro,6.128
National Average Price,2025 September,Vodka - bar (single) per ½ glass,Euro,5.705
National Average Price,2025 September,Wine - bar (187ml bottle),Euro,
National Average Price,2025 September,Diesel per litre,Euro,1.689
National Average Price,2025 September,Petrol - unleaded per litre,Euro,1.716
National Average Price,2025 September,Cinema fee,Euro,11.273
National Average Price,2025 September,Nightclubs fee,Euro,
National Average Price,2025 September,Gent's dry cut fee,Euro,20.247
National Average Price,2025 September,"Gent's wash, cut, and blow dry fee",Euro,
National Average Price,2025 September,"Ladies' wash, cut and blow dry fee",Euro,55.924
National Average Price,2025 October,"White, self raising flour per 2 kg",Euro,2.472
National Average Price,2025 October,"Brown, wholemeal flour per 2 kg",Euro,3.205
National Average Price,2025 October,"Bread, white sliced pan, large (800g)",Euro,1.681
National Average Price,2025 October,"Bread, brown sliced pan, large (800g)",Euro,1.869
National Average Price,2025 October,Spaghetti per 500g,Euro,1.472
National Average Price,2025 October,Sirloin steak per kg,Euro,21.936
National Average Price,2025 October,Striploin steak per kg,Euro,28.274
National Average Price,2025 October,Roast beef - topside or rib per kg,Euro,16.07
National Average Price,2025 October,Sliced / diced beef pieces per kg,Euro,13.753
National Average Price,2025 October,Pork loin chops per kg,Euro,10.32
National Average Price,2025 October,Pork steak per kg,Euro,9.428
National Average Price,2025 October,Lamb - whole leg / half leg per kg,Euro,18.092
National Average Price,2025 October,Lamb loin chops per kg,Euro,25.145
National Average Price,2025 October,Lamb gigot chops per kg,Euro,
National Average Price,2025 October,Uncooked chicken medium size 1.6kg,Euro,6.008
National Average Price,2025 October,Lamb's liver per kg,Euro,7.231
National Average Price,2025 October,Ham fillet per kg,Euro,6.93
National Average Price,2025 October,Cooked ham per kg,Euro,20.484
National Average Price,2025 October,Best back rashers per kg,Euro,11.061
National Average Price,2025 October,Pork sausages per kg,Euro,7.253
National Average Price,2025 October,Fresh fillet of whiting per kg,Euro,
National Average Price,2025 October,Fresh fillet of cod per kg,Euro,25.546
National Average Price,2025 October,Fresh salmon per kg,Euro,24.116
National Average Price,2025 October,Fresh fillet of plaice per kg,Euro,
National Average Price,2025 October,Fresh hake per kg,Euro,14.422
National Average Price,2025 October,Smoked salmon per kg,Euro,37.283
National Average Price,2025 October,Full fat milk per 2 litre,Euro,2.429
National Average Price,2025 October,Low fat milk per 1 litre,Euro,1.394
National Average Price,2025 October,Irish cheddar per kg,Euro,11.283
National Average Price,2025 October,Large eggs per half dozen,Euro,2.35
National Average Price,2025 October,Medium eggs per half dozen,Euro,1.89
National Average Price,2025 October,Butter per lb,Euro,4.867
National Average Price,2025 October,Grapes per kg,Euro,5.615
National Average Price,2025 October,Bananas per kg,Euro,1.927
National Average Price,2025 October,Tomatoes per kg,Euro,3.691
National Average Price,2025 October,Onions per kg,Euro,1.689
National Average Price,2025 October,Broccoli per kg,Euro,3.557
National Average Price,2025 October,Carrots per kg,Euro,1.382
National Average Price,2025 October,Mushrooms per kg,Euro,4.418
National Average Price,2025 October,Tomatoes tinned per 400g,Euro,1.153
National Average Price,2025 October,Potatoes 2.5 kg,Euro,3.632
National Average Price,2025 October,Potatoes 7.5 kg,Euro,7.17
National Average Price,2025 October,Potatoes 10 kg,Euro,
National Average Price,2025 October,White granulated sugar per 1 kg,Euro,1.816
National Average Price,2025 October,Jam per lb,Euro,1.063
National Average Price,2025 October,Marmalade per lb,Euro,2.092
National Average Price,2025 October,Tea bags per 80,Euro,3.346
National Average Price,2025 October,Orange juice per litre,Euro,1.935
National Average Price,2025 October,Whiskey - take home (70cl bottle),Euro,27.537
National Average Price,2025 October,Brandy - take home (70cl bottle),Euro,43.135
National Average Price,2025 October,Vodka - take home (70cl bottle),Euro,25.593
National Average Price,2025 October,Cream liqueur - take home (70cl bottle),Euro,19.038
National Average Price,2025 October,Wine - take home (75cl bottle),Euro,
National Average Price,2025 October,Cider - take home (50cl can),Euro,2.708
National Average Price,2025 October,Sherry - take home (75cl bottle),Euro,
National Average Price,2025 October,Lager - take home (50cl can),Euro,2.417
National Average Price,2025 October,Stout - take home (50cl can),Euro,2.68
National Average Price,2025 October,Filtered cigarettes per 20 pk,Euro,18.496
National Average Price,2025 October,Stout - draught bar (1 pint),Euro,6.067
National Average Price,2025 October,Lager - draught bar (1 pint),Euro,6.5
National Average Price,2025 October,Lager - bar (33cl bottle),Euro,5.958
National Average Price,2025 October,Cider - draught bar (1 pint),Euro,6.615
National Average Price,2025 October,Ale - draught bar (1 pint),Euro,6.081
National Average Price,2025 October,Cider - bar (33cl bottle),Euro,
National Average Price,2025 October,Flavoured alcoholic drink - bar (275ml bottle),Euro,6.572
National Average Price,2025 October,Whiskey - bar (single) per ½ glass,Euro,5.674
National Average Price,2025 October,Brandy - bar (single) per ½ glass,Euro,6.128
National Average Price,2025 October,Vodka - bar (single) per ½ glass,Euro,5.705
National Average Price,2025 October,Wine - bar (187ml bottle),Euro,
National Average Price,2025 October,Diesel per litre,Euro,1.708
National Average Price,2025 October,Petrol - unleaded per litre,Euro,1.742
National Average Price,2025 October,Cinema fee,Euro,11.306
National Average Price,2025 October,Nightclubs fee,Euro,
National Average Price,2025 October,Gent's dry cut fee,Euro,20.436
National Average Price,2025 October,"Gent's wash, cut, and blow dry fee",Euro,
National Average Price,2025 October,"Ladies' wash, cut and blow dry fee",Euro,56.173
National Average Price,2025 November,"White, self raising flour per 2 kg",Euro,2.49
National Average Price,2025 November,"Brown, wholemeal flour per 2 kg",Euro,3.205
National Average Price,2025 November,"Bread, white sliced pan, large (800g)",Euro,1.696
National Average Price,2025 November,"Bread, brown sliced pan, large (800g)",Euro,1.856
National Average Price,2025 November,Spaghetti per 500g,Euro,1.499
National Average Price,2025 November,Sirloin steak per kg,Euro,22.215
National Average Price,2025 November,Striploin steak per kg,Euro,28.474
National Average Price,2025 November,Roast beef - topside or rib per kg,Euro,16.082
National Average Price,2025 November,Sliced / diced beef pieces per kg,Euro,13.862
National Average Price,2025 November,Pork loin chops per kg,Euro,9.926
National Average Price,2025 November,Pork steak per kg,Euro,9.273
National Average Price,2025 November,Lamb - whole leg / half leg per kg,Euro,18.317
National Average Price,2025 November,Lamb loin chops per kg,Euro,25.363
National Average Price,2025 November,Lamb gigot chops per kg,Euro,
National Average Price,2025 November,Uncooked chicken medium size 1.6kg,Euro,6.054
National Average Price,2025 November,Lamb's liver per kg,Euro,7.275
National Average Price,2025 November,Ham fillet per kg,Euro,6.94
National Average Price,2025 November,Cooked ham per kg,Euro,20.118
National Average Price,2025 November,Best back rashers per kg,Euro,11.027
National Average Price,2025 November,Pork sausages per kg,Euro,7.289
National Average Price,2025 November,Fresh fillet of whiting per kg,Euro,
National Average Price,2025 November,Fresh fillet of cod per kg,Euro,25.96
National Average Price,2025 November,Fresh salmon per kg,Euro,23.928
National Average Price,2025 November,Fresh fillet of plaice per kg,Euro,
National Average Price,2025 November,Fresh hake per kg,Euro,14.67
National Average Price,2025 November,Smoked salmon per kg,Euro,37.366
National Average Price,2025 November,Full fat milk per 2 litre,Euro,2.417
National Average Price,2025 November,Low fat milk per 1 litre,Euro,1.383
National Average Price,2025 November,Irish cheddar per kg,Euro,11.305
National Average Price,2025 November,Large eggs per half dozen,Euro,2.349
National Average Price,2025 November,Medium eggs per half dozen,Euro,1.89
National Average Price,2025 November,Butter per lb,Euro,4.88
National Average Price,2025 November,Grapes per kg,Euro,5.604
National Average Price,2025 November,Bananas per kg,Euro,1.931
National Average Price,2025 November,Tomatoes per kg,Euro,3.649
National Average Price,2025 November,Onions per kg,Euro,1.624
National Average Price,2025 November,Broccoli per kg,Euro,3.581
National Average Price,2025 November,Carrots per kg,Euro,1.398
National Average Price,2025 November,Mushrooms per kg,Euro,4.253
National Average Price,2025 November,Tomatoes tinned per 400g,Euro,1.193
National Average Price,2025 November,Potatoes 2.5 kg,Euro,3.674
National Average Price,2025 November,Potatoes 7.5 kg,Euro,7.195
National Average Price,2025 November,Potatoes 10 kg,Euro,
National Average Price,2025 November,White granulated sugar per 1 kg,Euro,1.875
National Average Price,2025 November,Jam per lb,Euro,1.037
National Average Price,2025 November,Marmalade per lb,Euro,2.099
National Average Price,2025 November,Tea bags per 80,Euro,3.339
National Average Price,2025 November,Orange juice per litre,Euro,1.971
National Average Price,2025 November,Whiskey - take home (70cl bottle),Euro,26.905
National Average Price,2025 November,Brandy - take home (70cl bottle),Euro,39.644
National Average Price,2025 November,Vodka - take home (70cl bottle),Euro,25
National Average Price,2025 November,Cream liqueur - take home (70cl bottle),Euro,16.698
National Average Price,2025 November,Wine - take home (75cl bottle),Euro,
National Average Price,2025 November,Cider - take home (50cl can),Euro,2.71
National Average Price,2025 November,Sherry - take home (75cl bottle),Euro,
National Average Price,2025 November,Lager - take home (50cl can),Euro,2.387
National Average Price,2025 November,Stout - take home (50cl can),Euro,2.639
National Average Price,2025 November,Filtered cigarettes per 20 pk,Euro,18.56
National Average Price,2025 November,Stout - draught bar (1 pint),Euro,6.082
National Average Price,2025 November,Lager - draught bar (1 pint),Euro,6.506
National Average Price,2025 November,Lager - bar (33cl bottle),Euro,5.963
National Average Price,2025 November,Cider - draught bar (1 pint),Euro,6.625
National Average Price,2025 November,Ale - draught bar (1 pint),Euro,6.089
National Average Price,2025 November,Cider - bar (33cl bottle),Euro,
National Average Price,2025 November,Flavoured alcoholic drink - bar (275ml bottle),Euro,6.572
National Average Price,2025 November,Whiskey - bar (single) per ½ glass,Euro,5.678
National Average Price,2025 November,Brandy - bar (single) per ½ glass,Euro,6.128
National Average Price,2025 November,Vodka - bar (single) per ½ glass,Euro,5.703
National Average Price,2025 November,Wine - bar (187ml bottle),Euro,
National Average Price,2025 November,Diesel per litre,Euro,1.744
National Average Price,2025 November,Petrol - unleaded per litre,Euro,1.761
National Average Price,2025 November,Cinema fee,Euro,11.335
National Average Price,2025 November,Nightclubs fee,Euro,
National Average Price,2025 November,Gent's dry cut fee,Euro,20.537
National Average Price,2025 November,"Gent's wash, cut, and blow dry fee",Euro,
National Average Price,2025 November,"Ladies' wash, cut and blow dry fee",Euro,56.424
National Average Price,2025 December,"White, self raising flour per 2 kg",Euro,2.576
National Average Price,2025 December,"Brown, wholemeal flour per 2 kg",Euro,3.205
National Average Price,2025 December,"Bread, white sliced pan, large (800g)",Euro,1.678
National Average Price,2025 December,"Bread, brown sliced pan, large (800g)",Euro,1.843
National Average Price,2025 December,Spaghetti per 500g,Euro,1.496
National Average Price,2025 December,Sirloin steak per kg,Euro,21.82
National Average Price,2025 December,Striploin steak per kg,Euro,28.062
National Average Price,2025 December,Roast beef - topside or rib per kg,Euro,16.337
National Average Price,2025 December,Sliced / diced beef pieces per kg,Euro,13.982
National Average Price,2025 December,Pork loin chops per kg,Euro,10.215
National Average Price,2025 December,Pork steak per kg,Euro,9.681
National Average Price,2025 December,Lamb - whole leg / half leg per kg,Euro,18.855
National Average Price,2025 December,Lamb loin chops per kg,Euro,25.615
National Average Price,2025 December,Lamb gigot chops per kg,Euro,
National Average Price,2025 December,Uncooked chicken medium size 1.6kg,Euro,6.123
National Average Price,2025 December,Lamb's liver per kg,Euro,7.266
National Average Price,2025 December,Ham fillet per kg,Euro,6.993
National Average Price,2025 December,Cooked ham per kg,Euro,20.321
National Average Price,2025 December,Best back rashers per kg,Euro,11.042
National Average Price,2025 December,Pork sausages per kg,Euro,7.321
National Average Price,2025 December,Fresh fillet of whiting per kg,Euro,
National Average Price,2025 December,Fresh fillet of cod per kg,Euro,25.995
National Average Price,2025 December,Fresh salmon per kg,Euro,24.168
National Average Price,2025 December,Fresh fillet of plaice per kg,Euro,
National Average Price,2025 December,Fresh hake per kg,Euro,14.77
National Average Price,2025 December,Smoked salmon per kg,Euro,37.31
National Average Price,2025 December,Full fat milk per 2 litre,Euro,2.415
National Average Price,2025 December,Low fat milk per 1 litre,Euro,1.381
National Average Price,2025 December,Irish cheddar per kg,Euro,11.517
National Average Price,2025 December,Large eggs per half dozen,Euro,2.35
National Average Price,2025 December,Medium eggs per half dozen,Euro,1.893
National Average Price,2025 December,Butter per lb,Euro,4.887
National Average Price,2025 December,Grapes per kg,Euro,5.6
National Average Price,2025 December,Bananas per kg,Euro,1.957
National Average Price,2025 December,Tomatoes per kg,Euro,3.624
National Average Price,2025 December,Onions per kg,Euro,1.735
National Average Price,2025 December,Broccoli per kg,Euro,3.552
National Average Price,2025 December,Carrots per kg,Euro,1.389
National Average Price,2025 December,Mushrooms per kg,Euro,4.41
National Average Price,2025 December,Tomatoes tinned per 400g,Euro,1.205
National Average Price,2025 December,Potatoes 2.5 kg,Euro,3.66
National Average Price,2025 December,Potatoes 7.5 kg,Euro,7.173
National Average Price,2025 December,Potatoes 10 kg,Euro,
National Average Price,2025 December,White granulated sugar per 1 kg,Euro,1.827
National Average Price,2025 December,Jam per lb,Euro,1.036
National Average Price,2025 December,Marmalade per lb,Euro,2.093
National Average Price,2025 December,Tea bags per 80,Euro,3.381
National Average Price,2025 December,Orange juice per litre,Euro,1.918
National Average Price,2025 December,Whiskey - take home (70cl bottle),Euro,26.452
National Average Price,2025 December,Brandy - take home (70cl bottle),Euro,39.014
National Average Price,2025 December,Vodka - take home (70cl bottle),Euro,24.85
National Average Price,2025 December,Cream liqueur - take home (70cl bottle),Euro,15.777
National Average Price,2025 December,Wine - take home (75cl bottle),Euro,
National Average Price,2025 December,Cider - take home (50cl can),Euro,2.707
National Average Price,2025 December,Sherry - take home (75cl bottle),Euro,
National Average Price,2025 December,Lager - take home (50cl can),Euro,2.379
National Average Price,2025 December,Stout - take home (50cl can),Euro,2.635
National Average Price,2025 December,Filtered cigarettes per 20 pk,Euro,18.567
National Average Price,2025 December,Stout - draught bar (1 pint),Euro,6.094
National Average Price,2025 December,Lager - draught bar (1 pint),Euro,6.512
National Average Price,2025 December,Lager - bar (33cl bottle),Euro,5.971
National Average Price,2025 December,Cider - draught bar (1 pint),Euro,6.631
National Average Price,2025 December,Ale - draught bar (1 pint),Euro,6.102
National Average Price,2025 December,Cider - bar (33cl bottle),Euro,
National Average Price,2025 December,Flavoured alcoholic drink - bar (275ml bottle),Euro,6.594
National Average Price,2025 December,Whiskey - bar (single) per ½ glass,Euro,5.683
National Average Price,2025 December,Brandy - bar (single) per ½ glass,Euro,6.133
National Average Price,2025 December,Vodka - bar (single) per ½ glass,Euro,5.708
National Average Price,2025 December,Wine - bar (187ml bottle),Euro,
National Average Price,2025 December,Diesel per litre,Euro,1.751
National Average Price,2025 December,Petrol - unleaded per litre,Euro,1.756
National Average Price,2025 December,Cinema fee,Euro,11.455
National Average Price,2025 December,Nightclubs fee,Euro,
National Average Price,2025 December,Gent's dry cut fee,Euro,20.599
National Average Price,2025 December,"Gent's wash, cut, and blow dry fee",Euro,
National Average Price,2025 December,"Ladies' wash, cut and blow dry fee",Euro,56.563
National Average Price,2026 January,"White, self raising flour per 2 kg",Euro,2.547
National Average Price,2026 January,"Brown, wholemeal flour per 2 kg",Euro,3.207
National Average Price,2026 January,"Bread, white sliced pan, large (800g)",Euro,1.672
National Average Price,2026 January,"Bread, brown sliced pan, large (800g)",Euro,1.842
National Average Price,2026 January,Spaghetti per 500g,Euro,1.407
National Average Price,2026 January,Sirloin steak per kg,Euro,21.877
National Average Price,2026 January,Striploin steak per kg,Euro,28.619
National Average Price,2026 January,Roast beef - topside or rib per kg,Euro,16.354
National Average Price,2026 January,Sliced / diced beef pieces per kg,Euro,13.432
National Average Price,2026 January,Pork loin chops per kg,Euro,9.608
National Average Price,2026 January,Pork steak per kg,Euro,9.48
National Average Price,2026 January,Lamb - whole leg / half leg per kg,Euro,17.761
National Average Price,2026 January,Lamb loin chops per kg,Euro,25.468
National Average Price,2026 January,Lamb gigot chops per kg,Euro,
National Average Price,2026 January,Uncooked chicken medium size 1.6kg,Euro,6.107
National Average Price,2026 January,Lamb's liver per kg,Euro,7.284
National Average Price,2026 January,Ham fillet per kg,Euro,6.9
National Average Price,2026 January,Cooked ham per kg,Euro,20.202
National Average Price,2026 January,Best back rashers per kg,Euro,10.899
National Average Price,2026 January,Pork sausages per kg,Euro,7.27
National Average Price,2026 January,Fresh fillet of whiting per kg,Euro,
National Average Price,2026 January,Fresh fillet of cod per kg,Euro,26.292
National Average Price,2026 January,Fresh salmon per kg,Euro,23.747
National Average Price,2026 January,Fresh fillet of plaice per kg,Euro,
National Average Price,2026 January,Fresh hake per kg,Euro,15.071
National Average Price,2026 January,Smoked salmon per kg,Euro,38.013
National Average Price,2026 January,Full fat milk per 2 litre,Euro,2.415
National Average Price,2026 January,Low fat milk per 1 litre,Euro,1.381
National Average Price,2026 January,Irish cheddar per kg,Euro,11.266
National Average Price,2026 January,Large eggs per half dozen,Euro,2.361
National Average Price,2026 January,Medium eggs per half dozen,Euro,1.896
National Average Price,2026 January,Butter per lb,Euro,4.651
National Average Price,2026 January,Grapes per kg,Euro,5.593
National Average Price,2026 January,Bananas per kg,Euro,1.923
National Average Price,2026 January,Tomatoes per kg,Euro,3.665
National Average Price,2026 January,Onions per kg,Euro,1.711
National Average Price,2026 January,Broccoli per kg,Euro,3.518
National Average Price,2026 January,Carrots per kg,Euro,1.361
National Average Price,2026 January,Mushrooms per kg,Euro,4.382
National Average Price,2026 January,Tomatoes tinned per 400g,Euro,1.107
National Average Price,2026 January,Potatoes 2.5 kg,Euro,3.672
National Average Price,2026 January,Potatoes 7.5 kg,Euro,7.184
National Average Price,2026 January,Potatoes 10 kg,Euro,
National Average Price,2026 January,White granulated sugar per 1 kg,Euro,1.839
National Average Price,2026 January,Jam per lb,Euro,1.078
National Average Price,2026 January,Marmalade per lb,Euro,2.144
National Average Price,2026 January,Tea bags per 80,Euro,3.391
National Average Price,2026 January,Orange juice per litre,Euro,1.977
National Average Price,2026 January,Whiskey - take home (70cl bottle),Euro,28.586
National Average Price,2026 January,Brandy - take home (70cl bottle),Euro,42.708
National Average Price,2026 January,Vodka - take home (70cl bottle),Euro,26.305
National Average Price,2026 January,Cream liqueur - take home (70cl bottle),Euro,19.196
National Average Price,2026 January,Wine - take home (75cl bottle),Euro,
National Average Price,2026 January,Cider - take home (50cl can),Euro,2.71
National Average Price,2026 January,Sherry - take home (75cl bottle),Euro,
National Average Price,2026 January,Lager - take home (50cl can),Euro,2.415
National Average Price,2026 January,Stout - take home (50cl can),Euro,2.677
National Average Price,2026 January,Filtered cigarettes per 20 pk,Euro,18.567
National Average Price,2026 January,Stout - draught bar (1 pint),Euro,6.103
National Average Price,2026 January,Lager - draught bar (1 pint),Euro,6.519
National Average Price,2026 January,Lager - bar (33cl bottle),Euro,5.979
National Average Price,2026 January,Cider - draught bar (1 pint),Euro,6.641
National Average Price,2026 January,Ale - draught bar (1 pint),Euro,6.108
National Average Price,2026 January,Cider - bar (33cl bottle),Euro,
National Average Price,2026 January,Flavoured alcoholic drink - bar (275ml bottle),Euro,6.604
National Average Price,2026 January,Whiskey - bar (single) per ½ glass,Euro,5.69
National Average Price,2026 January,Brandy - bar (single) per ½ glass,Euro,6.127
National Average Price,2026 January,Vodka - bar (single) per ½ glass,Euro,5.718
National Average Price,2026 January,Wine - bar (187ml bottle),Euro,
National Average Price,2026 January,Diesel per litre,Euro,1.723
National Average Price,2026 January,Petrol - unleaded per litre,Euro,1.734
National Average Price,2026 January,Cinema fee,Euro,11.35
National Average Price,2026 January,Nightclubs fee,Euro,
National Average Price,2026 January,Gent's dry cut fee,Euro,20.748
National Average Price,2026 January,"Gent's wash, cut, and blow dry fee",Euro,
National Average Price,2026 January,"Ladies' wash, cut and blow dry fee",Euro,56.958
National Average Price,2026 February,"White, self raising flour per 2 kg",Euro,2.505
National Average Price,2026 February,"Brown, wholemeal flour per 2 kg",Euro,3.205
National Average Price,2026 February,"Bread, white sliced pan, large (800g)",Euro,1.674
National Average Price,2026 February,"Bread, brown sliced pan, large (800g)",Euro,1.855
National Average Price,2026 February,Spaghetti per 500g,Euro,1.487
National Average Price,2026 February,Sirloin steak per kg,Euro,21.763
National Average Price,2026 February,Striploin steak per kg,Euro,28.016
National Average Price,2026 February,Roast beef - topside or rib per kg,Euro,16.212
National Average Price,2026 February,Sliced / diced beef pieces per kg,Euro,13.656
National Average Price,2026 February,Pork loin chops per kg,Euro,10.378
National Average Price,2026 February,Pork steak per kg,Euro,9.393
National Average Price,2026 February,Lamb - whole leg / half leg per kg,Euro,18.631
National Average Price,2026 February,Lamb loin chops per kg,Euro,25.373
National Average Price,2026 February,Lamb gigot chops per kg,Euro,
National Average Price,2026 February,Uncooked chicken medium size 1.6kg,Euro,6.117
National Average Price,2026 February,Lamb's liver per kg,Euro,7.33
National Average Price,2026 February,Ham fillet per kg,Euro,6.884
National Average Price,2026 February,Cooked ham per kg,Euro,19.928
National Average Price,2026 February,Best back rashers per kg,Euro,10.828
National Average Price,2026 February,Pork sausages per kg,Euro,7.204
National Average Price,2026 February,Fresh fillet of whiting per kg,Euro,
National Average Price,2026 February,Fresh fillet of cod per kg,Euro,24.059
National Average Price,2026 February,Fresh salmon per kg,Euro,23.47
National Average Price,2026 February,Fresh fillet of plaice per kg,Euro,
National Average Price,2026 February,Fresh hake per kg,Euro,14.967
National Average Price,2026 February,Smoked salmon per kg,Euro,37.808
National Average Price,2026 February,Full fat milk per 2 litre,Euro,2.417
National Average Price,2026 February,Low fat milk per 1 litre,Euro,1.384
National Average Price,2026 February,Irish cheddar per kg,Euro,11.438
National Average Price,2026 February,Large eggs per half dozen,Euro,2.362
National Average Price,2026 February,Medium eggs per half dozen,Euro,1.894
National Average Price,2026 February,Butter per lb,Euro,4.459
National Average Price,2026 February,Grapes per kg,Euro,5.545
National Average Price,2026 February,Bananas per kg,Euro,1.977
National Average Price,2026 February,Tomatoes per kg,Euro,3.811
National Average Price,2026 February,Onions per kg,Euro,1.684
National Average Price,2026 February,Broccoli per kg,Euro,3.535
National Average Price,2026 February,Carrots per kg,Euro,1.313
National Average Price,2026 February,Mushrooms per kg,Euro,4.446
National Average Price,2026 February,Tomatoes tinned per 400g,Euro,1.192
National Average Price,2026 February,Potatoes 2.5 kg,Euro,3.648
National Average Price,2026 February,Potatoes 7.5 kg,Euro,7.198
National Average Price,2026 February,Potatoes 10 kg,Euro,
National Average Price,2026 February,White granulated sugar per 1 kg,Euro,1.821
National Average Price,2026 February,Jam per lb,Euro,1.074
National Average Price,2026 February,Marmalade per lb,Euro,2.039
National Average Price,2026 February,Tea bags per 80,Euro,3.399
National Average Price,2026 February,Orange juice per litre,Euro,1.973
National Average Price,2026 February,Whiskey - take home (70cl bottle),Euro,27.965
National Average Price,2026 February,Brandy - take home (70cl bottle),Euro,42.737
National Average Price,2026 February,Vodka - take home (70cl bottle),Euro,25.853
National Average Price,2026 February,Cream liqueur - take home (70cl bottle),Euro,17.268
National Average Price,2026 February,Wine - take home (75cl bottle),Euro,
National Average Price,2026 February,Cider - take home (50cl can),Euro,2.71
National Average Price,2026 February,Sherry - take home (75cl bottle),Euro,
National Average Price,2026 February,Lager - take home (50cl can),Euro,2.41
National Average Price,2026 February,Stout - take home (50cl can),Euro,2.657
National Average Price,2026 February,Filtered cigarettes per 20 pk,Euro,18.567
National Average Price,2026 February,Stout - draught bar (1 pint),Euro,6.184
National Average Price,2026 February,Lager - draught bar (1 pint),Euro,6.582
National Average Price,2026 February,Lager - bar (33cl bottle),Euro,6.026
National Average Price,2026 February,Cider - draught bar (1 pint),Euro,6.701
National Average Price,2026 February,Ale - draught bar (1 pint),Euro,6.185
National Average Price,2026 February,Cider - bar (33cl bottle),Euro,
National Average Price,2026 February,Flavoured alcoholic drink - bar (275ml bottle),Euro,6.653
National Average Price,2026 February,Whiskey - bar (single) per ½ glass,Euro,5.736
National Average Price,2026 February,Brandy - bar (single) per ½ glass,Euro,6.174
National Average Price,2026 February,Vodka - bar (single) per ½ glass,Euro,5.765
National Average Price,2026 February,Wine - bar (187ml bottle),Euro,
National Average Price,2026 February,Diesel per litre,Euro,1.736
National Average Price,2026 February,Petrol - unleaded per litre,Euro,1.745
National Average Price,2026 February,Cinema fee,Euro,11.39
National Average Price,2026 February,Nightclubs fee,Euro,
National Average Price,2026 February,Gent's dry cut fee,Euro,20.813
National Average Price,2026 February,"Gent's wash, cut, and blow dry fee",Euro,
National Average Price,2026 February,"Ladies' wash, cut and blow dry fee",Euro,57.321
